id,kind,criticality,fidelity,twin_ref,fidelity_evidence,lanes
cron:batch/batch-shutdown-recovery-cronjob,cron,P1,graph_only,,no batch runtime in the twin,external-config-deploy
cron:fts/fetch_healthy_balance,cron,P2,behavioural_placeholder,worker:fts/check_transfer_status,gocron inside worker/web process; INSTANCE_TYPE=canary gate not set in twin so canary-gated crons do not fire,fts-mozart
cron:fts/longer_bank_degradation_alert,cron,P2,behavioural_placeholder,svc:fts-web,gocron inside worker/web process; INSTANCE_TYPE=canary gate not set in twin so canary-gated crons do not fire,fts-mozart
cron:fts/schedule_sync,cron,P1,behavioural_placeholder,worker:fts/initiate_transfer,gocron inside worker/web process; INSTANCE_TYPE=canary gate not set in twin so canary-gated crons do not fire,fts-mozart
cron:fts/stuck_payouts,cron,P1,behavioural_placeholder,worker:fts/initiate_transfer,gocron inside worker/web process; INSTANCE_TYPE=canary gate not set in twin so canary-gated crons do not fire,fts-mozart
cron:fts/test_transactions,cron,P2,real_source_mapped_not_running,,host worker not running in twin,fts-mozart
cron:ledger/cmd-account-details-channel-type-update,cron,P2,real_source_mapped_not_running,,ENV2_COMPOSE/docker-compose.yml:1130 sets exactly this command; every other command is source-mapped only. Production cadence is unknown for all of them (only 4 CronJobs exist and all are suspended).,money-and-statements
cron:ledger/cmd-balance-update,cron,P1,real_source_mapped_not_running,,ENV2_COMPOSE/docker-compose.yml:1130 sets exactly this command; every other command is source-mapped only. Production cadence is unknown for all of them (only 4 CronJobs exist and all are suspended).,money-and-statements
cron:ledger/cmd-check-sqs-connection,cron,P2,real_source_mapped_not_running,,ENV2_COMPOSE/docker-compose.yml:1130 sets exactly this command; every other command is source-mapped only. Production cadence is unknown for all of them (only 4 CronJobs exist and all are suspended).,money-and-statements
cron:ledger/cmd-control-tables-sync-mirror,cron,P2,real_source_mapped_not_running,,ENV2_COMPOSE/docker-compose.yml:1130 sets exactly this command; every other command is source-mapped only. Production cadence is unknown for all of them (only 4 CronJobs exist and all are suspended).,money-and-statements
cron:ledger/cmd-create-merchant-splitaccounts,cron,P2,real_source_mapped_not_running,,ENV2_COMPOSE/docker-compose.yml:1130 sets exactly this command; every other command is source-mapped only. Production cadence is unknown for all of them (only 4 CronJobs exist and all are suspended).,money-and-statements
cron:ledger/cmd-create-merchant-subaccounts,cron,P2,real_source_mapped_not_running,,ENV2_COMPOSE/docker-compose.yml:1130 sets exactly this command; every other command is source-mapped only. Production cadence is unknown for all of them (only 4 CronJobs exist and all are suspended).,money-and-statements
cron:ledger/cmd-daily-penny-expense-account-update,cron,P2,real_source_mapped_not_running,,ENV2_COMPOSE/docker-compose.yml:1130 sets exactly this command; every other command is source-mapped only. Production cadence is unknown for all of them (only 4 CronJobs exist and all are suspended).,money-and-statements
cron:ledger/cmd-journal-created-sns-publish,cron,P1,real_source_mapped_not_running,,ENV2_COMPOSE/docker-compose.yml:1130 sets exactly this command; every other command is source-mapped only. Production cadence is unknown for all of them (only 4 CronJobs exist and all are suspended).,money-and-statements
cron:ledger/cmd-ledger-entries-channel-type-update,cron,P2,real_source_mapped_not_running,,ENV2_COMPOSE/docker-compose.yml:1130 sets exactly this command; every other command is source-mapped only. Production cadence is unknown for all of them (only 4 CronJobs exist and all are suspended).,money-and-statements
cron:ledger/cmd-ledger-entry-balance-update,cron,P1,real_source_mapped_not_running,,ENV2_COMPOSE/docker-compose.yml:1130 sets exactly this command; every other command is source-mapped only. Production cadence is unknown for all of them (only 4 CronJobs exist and all are suspended).,money-and-statements
cron:ledger/cmd-ledger-entry-details-create,cron,P2,real_source_mapped_not_running,,ENV2_COMPOSE/docker-compose.yml:1130 sets exactly this command; every other command is source-mapped only. Production cadence is unknown for all of them (only 4 CronJobs exist and all are suspended).,money-and-statements
cron:ledger/cmd-makeshift-create-txn-from-table-name-and-id,cron,P2,real_source_mapped_not_running,,ENV2_COMPOSE/docker-compose.yml:1130 sets exactly this command; every other command is source-mapped only. Production cadence is unknown for all of them (only 4 CronJobs exist and all are suspended).,money-and-statements
cron:ledger/cmd-makeshift-delete-cls-transactions,cron,P2,real_source_mapped_not_running,,ENV2_COMPOSE/docker-compose.yml:1130 sets exactly this command; every other command is source-mapped only. Production cadence is unknown for all of them (only 4 CronJobs exist and all are suspended).,money-and-statements
cron:ledger/cmd-makeshift-reference3-update,cron,P2,real_source_mapped_not_running,,ENV2_COMPOSE/docker-compose.yml:1130 sets exactly this command; every other command is source-mapped only. Production cadence is unknown for all of them (only 4 CronJobs exist and all are suspended).,money-and-statements
cron:ledger/cmd-makeshift-replay-cls-journal-bulk-transactions,cron,P2,real_source_mapped_not_running,,ENV2_COMPOSE/docker-compose.yml:1130 sets exactly this command; every other command is source-mapped only. Production cadence is unknown for all of them (only 4 CronJobs exist and all are suspended).,money-and-statements
cron:ledger/cmd-makeshift-replay-cls-journal-transactions,cron,P2,real_source_mapped_not_running,,ENV2_COMPOSE/docker-compose.yml:1130 sets exactly this command; every other command is source-mapped only. Production cadence is unknown for all of them (only 4 CronJobs exist and all are suspended).,money-and-statements
cron:ledger/cmd-makeshift-settlements-update,cron,P2,real_source_mapped_not_running,,ENV2_COMPOSE/docker-compose.yml:1130 sets exactly this command; every other command is source-mapped only. Production cadence is unknown for all of them (only 4 CronJobs exist and all are suspended).,money-and-statements
cron:ledger/cmd-offboard-merchant-split-accounts,cron,P2,real_source_mapped_not_running,,ENV2_COMPOSE/docker-compose.yml:1130 sets exactly this command; every other command is source-mapped only. Production cadence is unknown for all of them (only 4 CronJobs exist and all are suspended).,money-and-statements
cron:ledger/cmd-pg-split-account-balance-update,cron,P2,real_source_mapped_not_running,,ENV2_COMPOSE/docker-compose.yml:1130 sets exactly this command; every other command is source-mapped only. Production cadence is unknown for all of them (only 4 CronJobs exist and all are suspended).,money-and-statements
cron:ledger/cmd-split-account-balance-update,cron,P1,real_source_running,compose ledger-scheduler (one-shot; LEDGER_SCHEDULER_COMMAND=split-account-balance-update),ENV2_COMPOSE/docker-compose.yml:1130 sets exactly this command; every other command is source-mapped only. Production cadence is unknown for all of them (only 4 CronJobs exist and all are suspended).,money-and-statements
cron:ledger/cmd-update-merchant-balance-subaccounts,cron,P2,real_source_mapped_not_running,,ENV2_COMPOSE/docker-compose.yml:1130 sets exactly this command; every other command is source-mapped only. Production cadence is unknown for all of them (only 4 CronJobs exist and all are suspended).,money-and-statements
cron:ledger/cmd-verify-warm-storage,cron,P2,real_source_mapped_not_running,,ENV2_COMPOSE/docker-compose.yml:1130 sets exactly this command; every other command is source-mapped only. Production cadence is unknown for all of them (only 4 CronJobs exist and all are suspended).,money-and-statements
cron:ledger/split-account-balance-update-cronjob-live,cron,P2,real_source_running,compose ledger-scheduler runs LEDGER_SCHEDULER_COMMAND=split-account-balance-update ONCE at boot then exits 0 (ENV2_COMPOSE/docker-compose.yml:1114-1138),"prod CronJob manifests carry suspend: true, so this job does not run on its schedule in production either",external-config-deploy;money-and-statements
cron:ledger/split-account-balance-update-cronjob-pg-live,cron,P2,real_source_mapped_not_running,,"prod CronJob manifests carry suspend: true, so this job does not run on its schedule in production either",external-config-deploy;money-and-statements
cron:ledger/verify-warm-storage-cronjob-live,cron,P2,real_source_mapped_not_running,,"prod CronJob manifests carry suspend: true, so this job does not run on its schedule in production either",external-config-deploy;money-and-statements
cron:ledger/verify-warm-storage-cronjob-test,cron,P2,real_source_mapped_not_running,,"prod CronJob manifests carry suspend: true, so this job does not run on its schedule in production either",money-and-statements
cron:payouts/banking_account_statement_fetch_initiate,cron,P0,real_source_running,cron-driver job (M4 T10),"production cadence lives in the FastCron SaaS and is UNKNOWN; the twin's 300s is ASSUMED (DEV-170, driver.py header)",external-config-deploy;money-and-statements;payouts-core
cron:payouts/elasticsearch_backfill_index,cron,P2,graph_only,,no twin scheduler drives this endpoint; route exists but is never called,payouts-core
cron:payouts/fund_management_payouts_check,cron,P0,high_fidelity_replacement,"sub:cron-driver (interval 300s, env CRON_INTERVAL_*)","production cadence lives in the FastCron SaaS and is UNKNOWN; the twin's 300s is ASSUMED (DEV-170, driver.py header)",external-config-deploy;payouts-core
cron:payouts/payouts_dual_write_failure_processing,cron,P0,high_fidelity_replacement,"sub:cron-driver (interval 900s, env CRON_INTERVAL_*)","production cadence lives in the FastCron SaaS and is UNKNOWN; the twin's 900s is ASSUMED (DEV-170, driver.py header)",external-config-deploy;payouts-core
cron:payouts/payouts_sla_breach_monitor,cron,P1,graph_only,,no twin scheduler drives this endpoint; route exists but is never called,payouts-core
cron:payouts/process_batch_submitted_payouts,cron,P0,high_fidelity_replacement,"sub:cron-driver (interval 300s, env CRON_INTERVAL_*)","production cadence lives in the FastCron SaaS and is UNKNOWN; the twin's 300s is ASSUMED (DEV-170, driver.py header)",external-config-deploy;identity-ingress;payouts-core
cron:payouts/process_beneficiary_bank_on_hold_payouts,cron,P0,high_fidelity_replacement,"sub:cron-driver (interval 300s, env CRON_INTERVAL_*)","production cadence lives in the FastCron SaaS and is UNKNOWN; the twin's 300s is ASSUMED (DEV-170, driver.py header)",external-config-deploy;payouts-core
cron:payouts/process_inflight_reservation_reconciliation,cron,P0,real_source_running,cron-driver every 300s,"production cadence lives in the FastCron SaaS and is UNKNOWN; the twin's 300s is ASSUMED (DEV-170, driver.py header)",external-config-deploy;money-and-statements;payouts-core
cron:payouts/process_queued_low_balance_payouts,cron,P0,high_fidelity_replacement,"sub:cron-driver (interval 300s, env CRON_INTERVAL_*)","production cadence lives in the FastCron SaaS and is UNKNOWN; the twin's 300s is ASSUMED (DEV-170, driver.py header)",external-config-deploy;payouts-core
cron:payouts/process_queued_payouts,cron,P0,high_fidelity_replacement,"sub:cron-driver (interval 300s, env CRON_INTERVAL_*)","production cadence lives in the FastCron SaaS and is UNKNOWN; the twin's 300s is ASSUMED (DEV-170, driver.py header)",external-config-deploy;payouts-core
cron:payouts/process_scheduled_payouts,cron,P0,high_fidelity_replacement,"sub:cron-driver (interval 300s, env CRON_INTERVAL_*)","production cadence lives in the FastCron SaaS and is UNKNOWN; the twin's 300s is ASSUMED (DEV-170, driver.py header)",external-config-deploy;payouts-core
cron:payouts/reverse_dual_write,cron,P1,graph_only,,no twin scheduler drives this endpoint; route exists but is never called,payouts-core
cron:payouts/shadow-payouts-fastcron-ingress,cron,P2,graph_only,,,external-config-deploy
cron:payouts/tidb_data_consistency_check,cron,P2,graph_only,,no twin scheduler drives this endpoint; route exists but is never called,payouts-core
cron:recon/recon-mysql-archival-service,cron,P2,graph_only,,,money-and-statements
cron:stork/stork-partitioner,cron,P1,graph_only,,"no Stork scheduler runs in the twin, so no retry/backoff re-enqueue ever happens",external-config-deploy
cron:stork/stork-scheduler,cron,P1,graph_only,,"no Stork scheduler runs in the twin, so no retry/backoff re-enqueue ever happens",external-config-deploy
cron:stork/stork-webhook-disabler,cron,P1,graph_only,,"no Stork scheduler runs in the twin, so no retry/backoff re-enqueue ever happens",external-config-deploy
cron:x-balances/balance_fetch_per_channel,cron,P0,real_source_mapped_not_running,not driven (cron-driver has no x-balances job; T04 C4), | blocked_by: cron-driver has no x-balances job and mozart-sim serves account_balance for RBL only; per-channel polling for other banks needs mozart fixtures [ENV2_COMPOSE/scripts/cron-driver; m4-subagent-handoffs/T04.md C4] | blocked_by: cron-driver has no x-balances job and mozart-sim serves account_balance for RBL only; per-channel polling for other banks needs mozart fixtures [ENV2_COMPOSE/scripts/cron-driver; m4-subagent-handoffs/T04.md C4] | blocked_by: cron-driver has no x-balances job and mozart-sim serves account_balance for RBL only; per-channel polling for other banks needs mozart fixtures [ENV2_COMPOSE/scripts/cron-driver; m4-subagent-handoffs/T04.md C4] | blocked_by: cron-driver has no x-balances job and mozart-sim serves account_balance for RBL only; per-channel polling for other banks needs mozart fixtures [ENV2_COMPOSE/scripts/cron-driver; m4-subagent-handoffs/T04.md C4],money-and-statements;zz-worker-gaps
db:api-monolith/mysql,datastore,P0,behavioural_placeholder,ENV2_COMPOSE/docker-compose.yml service `mysql-apidb-stub` (volume mysql-apidb-data),"running container env2_compose-mysql-apidb-stub-1 (healthy). DDL drift vs production is documented (CURRENT_TWIN_FIDELITY.md gap #8: fund_transfer_attempt, payout_status_details, banking_account names; payouts_details.id; reversals.payout_id/fees; balance.primary; no features unique index) — seeds/mysql/apidb-ddl/00_init.sql + seeds/schema-patches/apidb.sql",twin-inventory
db:arena/kafka,datastore,P1,real_source_running,ENV2_COMPOSE/docker-compose.yml service `kafka` (volume kafka-data),"running container env2_compose-kafka-1 (healthy). real engine, schema created by the repo's own migration binary (platform-migrate)",twin-inventory
db:arena/localstack,datastore,P0,real_source_running,ENV2_COMPOSE/docker-compose.yml service `localstack` (volume localstack-data),"running container env2_compose-localstack-1 (healthy). real engine, schema created by the repo's own migration binary (platform-migrate)",twin-inventory
db:arena/redis,datastore,P0,real_source_running,ENV2_COMPOSE/docker-compose.yml service `redis` (volume redis-data),"running container env2_compose-redis-1 (healthy). real engine, schema created by the repo's own migration binary (platform-migrate)",twin-inventory
db:banking-accounts/mysql,datastore,P1,graph_only,,,money-and-statements
db:batch/postgres,datastore,P0,graph_only,,absent from the twin,identity-ingress
db:cfa/mongo,datastore,P1,real_source_running,ENV2_COMPOSE/docker-compose.yml service `mongo-cfa` (volume mongo-cfa-data),"running container env2_compose-mongo-cfa-1 (healthy). real engine, schema created by the repo's own migration binary (cfa-migrate)",twin-inventory
db:cfa/mongodb,datastore,P0,real_source_running,compose mongo-cfa,,money-and-statements
db:fts/mysql,datastore,P0,real_source_running,ENV2_COMPOSE/docker-compose.yml service `mysql-fts` (volume mysql-fts-data),"running container env2_compose-mysql-fts-1 (healthy). real engine, schema created by the repo's own migration binary (fts-migrate)",fts-mozart;twin-inventory
db:fts/redis,datastore,P0,real_source_running,compose redis,same machinery/redis client; queue scope differs (arena vs fts_live),fts-mozart
db:ledger/postgres,datastore,P0,real_source_running,ENV2_COMPOSE/docker-compose.yml service `postgres-ledger` (volume postgres-ledger-data),"running container env2_compose-postgres-ledger-1 (healthy). real engine, schema created by the repo's own migration binary (ledger-migrate)",money-and-statements;twin-inventory
db:ledger/redis,datastore,P1,real_source_running,compose redis,,money-and-statements
db:payouts/elasticsearch,datastore,P2,graph_only,,No ES service in ENV2_COMPOSE,payouts-core
db:payouts/mysql,datastore,P0,real_source_running,ENV2_COMPOSE/docker-compose.yml service `mysql-payouts` (volume mysql-payouts-data),"running container env2_compose-mysql-payouts-1 (healthy). real engine, schema created by the repo's own migration binary (payouts-migrate)",payouts-core;twin-inventory
db:payouts/redis,datastore,P0,real_source_running,compose redis,ENV2_COMPOSE/docker-compose.yml:268-276,payouts-core
db:payouts/tidb,datastore,P2,graph_only,,No TiDB in ENV2_COMPOSE; SLA-breach + tidb consistency crons inert in twin,payouts-core
db:recon/postgres,datastore,P2,graph_only,,,money-and-statements
db:s2p/mysql,datastore,P1,high_fidelity_replacement,s2p-mysql,,zz-s2p-namespace
db:s2p/redis,datastore,P2,high_fidelity_replacement,s2p-redis,,zz-s2p-namespace
db:s2p/s2p-accounting-integrations-database_schema-0522384da96651b9,datastore,P2,real_source_mapped_not_running,,architecture-inventory.json representation_status,zz-s2p-namespace
db:s2p/s2p-accounting-integrations-database_schema-144ba9b736365a4a,datastore,P2,real_source_mapped_not_running,,architecture-inventory.json representation_status,zz-s2p-namespace
db:s2p/s2p-accounting-integrations-database_schema-2753c8e4bca5e4c3,datastore,P2,real_source_mapped_not_running,,architecture-inventory.json representation_status,zz-s2p-namespace
db:s2p/s2p-accounting-integrations-database_schema-36e14b4c298561a8,datastore,P2,real_source_mapped_not_running,,architecture-inventory.json representation_status,zz-s2p-namespace
db:s2p/s2p-accounting-integrations-database_schema-3f5d5348e32e4b0d,datastore,P2,real_source_mapped_not_running,,architecture-inventory.json representation_status,zz-s2p-namespace
db:s2p/s2p-accounting-integrations-database_schema-3f7312eb2775dc79,datastore,P2,real_source_mapped_not_running,,architecture-inventory.json representation_status,zz-s2p-namespace
db:s2p/s2p-accounting-integrations-database_schema-56da0d27abbd856c,datastore,P2,real_source_mapped_not_running,,architecture-inventory.json representation_status,zz-s2p-namespace
db:s2p/s2p-accounting-integrations-database_schema-7a1583a5ed7d8add,datastore,P2,real_source_mapped_not_running,,architecture-inventory.json representation_status,zz-s2p-namespace
db:s2p/s2p-accounting-integrations-database_schema-7d9b6b712c21da46,datastore,P2,real_source_mapped_not_running,,architecture-inventory.json representation_status,zz-s2p-namespace
db:s2p/s2p-accounting-integrations-database_schema-8c3f58e87d036c25,datastore,P2,real_source_mapped_not_running,,architecture-inventory.json representation_status,zz-s2p-namespace
db:s2p/s2p-accounting-integrations-database_schema-8d88d30406063880,datastore,P2,real_source_mapped_not_running,,architecture-inventory.json representation_status,zz-s2p-namespace
db:s2p/s2p-accounting-integrations-database_schema-94d266f8588ea857,datastore,P2,real_source_mapped_not_running,,architecture-inventory.json representation_status,zz-s2p-namespace
db:s2p/s2p-accounting-integrations-database_schema-9d90a0cb73541639,datastore,P2,real_source_mapped_not_running,,architecture-inventory.json representation_status,zz-s2p-namespace
db:s2p/s2p-accounting-integrations-database_schema-a3dcc1257a72d38a,datastore,P2,real_source_mapped_not_running,,architecture-inventory.json representation_status,zz-s2p-namespace
db:s2p/s2p-accounting-integrations-database_schema-aba729e5d8d86360,datastore,P2,real_source_mapped_not_running,,architecture-inventory.json representation_status,zz-s2p-namespace
db:s2p/s2p-accounting-integrations-database_schema-afacaf78a844cb9e,datastore,P2,real_source_mapped_not_running,,architecture-inventory.json representation_status,zz-s2p-namespace
db:s2p/s2p-accounting-integrations-database_schema-b202337445094b73,datastore,P2,real_source_mapped_not_running,,architecture-inventory.json representation_status,zz-s2p-namespace
db:s2p/s2p-accounting-integrations-database_schema-b5dfba4f52495bd9,datastore,P2,real_source_mapped_not_running,,architecture-inventory.json representation_status,zz-s2p-namespace
db:s2p/s2p-accounting-integrations-database_schema-b77e5a3d15da4621,datastore,P2,real_source_mapped_not_running,,architecture-inventory.json representation_status,zz-s2p-namespace
db:s2p/s2p-accounting-integrations-database_schema-bb32d0f265f29c2e,datastore,P2,real_source_mapped_not_running,,architecture-inventory.json representation_status,zz-s2p-namespace
db:s2p/s2p-accounting-integrations-database_schema-be035d3c5a8f6af7,datastore,P2,real_source_mapped_not_running,,architecture-inventory.json representation_status,zz-s2p-namespace
db:s2p/s2p-accounting-integrations-database_schema-c1d90dc4e4b4e7e7,datastore,P2,real_source_mapped_not_running,,architecture-inventory.json representation_status,zz-s2p-namespace
db:s2p/s2p-accounting-integrations-database_schema-cc5d44b8420bd6d8,datastore,P2,real_source_mapped_not_running,,architecture-inventory.json representation_status,zz-s2p-namespace
db:s2p/s2p-accounting-integrations-database_schema-cfd16f00b0540336,datastore,P2,real_source_mapped_not_running,,architecture-inventory.json representation_status,zz-s2p-namespace
db:s2p/s2p-accounting-integrations-database_schema-e09af9cf0a0009f6,datastore,P2,real_source_mapped_not_running,,architecture-inventory.json representation_status,zz-s2p-namespace
db:s2p/s2p-accounting-integrations-database_schema-e34923948bf2ad50,datastore,P2,real_source_mapped_not_running,,architecture-inventory.json representation_status,zz-s2p-namespace
db:s2p/s2p-accounting-integrations-database_schema-eb0126c975f8eaa3,datastore,P2,real_source_mapped_not_running,,architecture-inventory.json representation_status,zz-s2p-namespace
db:s2p/s2p-accounting-integrations-database_schema-f07ade59855f5996,datastore,P2,real_source_mapped_not_running,,architecture-inventory.json representation_status,zz-s2p-namespace
db:s2p/s2p-accounting-integrations-database_schema-f43bb27625affdde,datastore,P2,real_source_mapped_not_running,,architecture-inventory.json representation_status,zz-s2p-namespace
db:s2p/s2p-vendor-experience-database_schema-0af40d94aaa63ff3,datastore,P2,real_source_mapped_not_running,,architecture-inventory.json representation_status,zz-s2p-namespace
db:s2p/s2p-vendor-experience-database_schema-142956ed909d5670,datastore,P2,real_source_mapped_not_running,,architecture-inventory.json representation_status,zz-s2p-namespace
db:s2p/s2p-vendor-experience-database_schema-1d2f1a4ff7f36d9b,datastore,P2,real_source_mapped_not_running,,architecture-inventory.json representation_status,zz-s2p-namespace
db:s2p/s2p-vendor-experience-database_schema-2091e56e4f37b981,datastore,P2,real_source_mapped_not_running,,architecture-inventory.json representation_status,zz-s2p-namespace
db:s2p/s2p-vendor-experience-database_schema-25afe815502eb198,datastore,P2,real_source_mapped_not_running,,architecture-inventory.json representation_status,zz-s2p-namespace
db:s2p/s2p-vendor-experience-database_schema-3f4a86fd4527ab4c,datastore,P2,real_source_mapped_not_running,,architecture-inventory.json representation_status,zz-s2p-namespace
db:s2p/s2p-vendor-experience-database_schema-41f08b0f239a1214,datastore,P2,real_source_mapped_not_running,,architecture-inventory.json representation_status,zz-s2p-namespace
db:s2p/s2p-vendor-experience-database_schema-4642f5963dbcac37,datastore,P2,real_source_mapped_not_running,,architecture-inventory.json representation_status,zz-s2p-namespace
db:s2p/s2p-vendor-experience-database_schema-4ad14240f6fde3eb,datastore,P2,real_source_mapped_not_running,,architecture-inventory.json representation_status,zz-s2p-namespace
db:s2p/s2p-vendor-experience-database_schema-5068c14181e3e159,datastore,P2,real_source_mapped_not_running,,architecture-inventory.json representation_status,zz-s2p-namespace
db:s2p/s2p-vendor-experience-database_schema-52391cdf9fbe6499,datastore,P2,real_source_mapped_not_running,,architecture-inventory.json representation_status,zz-s2p-namespace
db:s2p/s2p-vendor-experience-database_schema-5495979d76ab2f1a,datastore,P2,real_source_mapped_not_running,,architecture-inventory.json representation_status,zz-s2p-namespace
db:s2p/s2p-vendor-experience-database_schema-5a576ee7efd55dd6,datastore,P2,real_source_mapped_not_running,,architecture-inventory.json representation_status,zz-s2p-namespace
db:s2p/s2p-vendor-experience-database_schema-6a1b51414aab6432,datastore,P2,real_source_mapped_not_running,,architecture-inventory.json representation_status,zz-s2p-namespace
db:s2p/s2p-vendor-experience-database_schema-7073dbfa6f688fb5,datastore,P2,real_source_mapped_not_running,,architecture-inventory.json representation_status,zz-s2p-namespace
db:s2p/s2p-vendor-experience-database_schema-747aa58831bb9f6f,datastore,P2,real_source_mapped_not_running,,architecture-inventory.json representation_status,zz-s2p-namespace
db:s2p/s2p-vendor-experience-database_schema-81865558c0f5ee12,datastore,P2,real_source_mapped_not_running,,architecture-inventory.json representation_status,zz-s2p-namespace
db:s2p/s2p-vendor-experience-database_schema-8600e881b1809cc4,datastore,P2,real_source_mapped_not_running,,architecture-inventory.json representation_status,zz-s2p-namespace
db:s2p/s2p-vendor-experience-database_schema-8a785958d73c57f2,datastore,P2,real_source_mapped_not_running,,architecture-inventory.json representation_status,zz-s2p-namespace
db:s2p/s2p-vendor-experience-database_schema-8efc494ccc97b662,datastore,P2,real_source_mapped_not_running,,architecture-inventory.json representation_status,zz-s2p-namespace
db:s2p/s2p-vendor-experience-database_schema-99cb15932caab522,datastore,P2,real_source_mapped_not_running,,architecture-inventory.json representation_status,zz-s2p-namespace
db:s2p/s2p-vendor-experience-database_schema-9a06c1628f7879a7,datastore,P2,real_source_mapped_not_running,,architecture-inventory.json representation_status,zz-s2p-namespace
db:s2p/s2p-vendor-experience-database_schema-a7ba2b769a71c3d2,datastore,P2,real_source_mapped_not_running,,architecture-inventory.json representation_status,zz-s2p-namespace
db:s2p/s2p-vendor-experience-database_schema-ab0e2f87889314c3,datastore,P2,real_source_mapped_not_running,,architecture-inventory.json representation_status,zz-s2p-namespace
db:s2p/s2p-vendor-experience-database_schema-b3b86bf32fc70dce,datastore,P2,real_source_mapped_not_running,,architecture-inventory.json representation_status,zz-s2p-namespace
db:s2p/s2p-vendor-experience-database_schema-bc25fdbff131fc9d,datastore,P2,real_source_mapped_not_running,,architecture-inventory.json representation_status,zz-s2p-namespace
db:s2p/s2p-vendor-experience-database_schema-c0017e96baedc9e3,datastore,P2,real_source_mapped_not_running,,architecture-inventory.json representation_status,zz-s2p-namespace
db:s2p/s2p-vendor-experience-database_schema-cb861884a2c99a4b,datastore,P2,real_source_mapped_not_running,,architecture-inventory.json representation_status,zz-s2p-namespace
db:s2p/s2p-vendor-experience-database_schema-decd126af5608613,datastore,P2,real_source_mapped_not_running,,architecture-inventory.json representation_status,zz-s2p-namespace
db:s2p/s2p-vendor-experience-database_schema-ed1a0b3182451dc2,datastore,P2,real_source_mapped_not_running,,architecture-inventory.json representation_status,zz-s2p-namespace
db:s2p/s2p-vendor-experience-database_schema-f4cbd4ee4b1684ba,datastore,P2,real_source_mapped_not_running,,architecture-inventory.json representation_status,zz-s2p-namespace
db:s2p/s2p-vendor-payments-database_schema-03b1bd5d7911d58b,datastore,P2,real_source_mapped_not_running,,architecture-inventory.json representation_status,zz-s2p-namespace
db:s2p/s2p-vendor-payments-database_schema-a927496123c9231d,datastore,P2,real_source_mapped_not_running,,architecture-inventory.json representation_status,zz-s2p-namespace
db:virtual-account/dynamodb,datastore,P1,real_source_mapped_not_running,,,money-and-statements
db:workflows/mysql,datastore,P0,graph_only,,wfengine uses SQLite instead (wfengine/schema.sql:1-111),identity-ingress
db:x-balances/mysql,datastore,P0,real_source_running,ENV2_COMPOSE/docker-compose.yml service `mysql-xbalances` (volume mysql-xbalances-data),"running container env2_compose-mysql-xbalances-1 (healthy). real engine, schema created by the repo's own migration binary (x-balances-migrate)",money-and-statements;twin-inventory
db:x-balances/redis,datastore,P1,real_source_running,compose redis,,money-and-statements
db:xas/mysql,datastore,P0,high_fidelity_replacement,xas-sim in-memory/sqlite store,,money-and-statements
db:xperience/mysql,datastore,P1,graph_only,,absent from the twin,identity-ingress
event:cfa/contact.created,event,P1,behavioural_placeholder,,,money-and-statements
event:cfa/contact.updated,event,P1,behavioural_placeholder,,,money-and-statements
event:cfa/fund_account.created,event,P1,behavioural_placeholder,,,money-and-statements
event:cfa/fund_account.updated,event,P1,behavioural_placeholder,,,money-and-statements
event:duplicate_payout_prevention.found_duplicate,event,P1,real_source_mapped_not_running,,evaluated in payouts-api; no twin journey asserts it,payouts-core
event:fts.batch_status_webhook,event,P2,real_source_mapped_not_running,,no batch worker in twin,fts-mozart
event:fts.bene_status_webhook,event,P2,real_source_mapped_not_running,,task registered; no bene flow exercised in twin,fts-mozart
event:fts.transfer_status_webhook,event,P0,real_source_running,,produced by real fts-worker fire_transfer_status_webhook in twin,fts-mozart
event:fund_account.validation.completed,event,P1,graph_only,,emitted by payouts' own FAV module and (DCS-gated) by ValidX,external-config-deploy
event:fund_account.validation.failed,event,P1,graph_only,,emitted by payouts' own FAV module and (DCS-gated) by ValidX,external-config-deploy
event:ledger/da_ext_credit,event,P0,real_source_running,ledger_config loaded by up.sh:149-156 (shared_account_x + direct_account_x),rule loaded in twin AND a real twin producer posts it,money-and-statements
event:ledger/da_ext_credit.legacy,event,P1,graph_only,,source-read only; not loaded/never exercised,money-and-statements
event:ledger/da_ext_debit,event,P0,real_source_running,ledger_config loaded by up.sh:149-156 (shared_account_x + direct_account_x),rule loaded in twin AND a real twin producer posts it,money-and-statements
event:ledger/da_ext_debit.legacy,event,P1,graph_only,,source-read only; not loaded/never exercised,money-and-statements
event:ledger/da_ext_fee_payout_processed,event,P1,real_source_mapped_not_running,ledger_config loaded by up.sh:149-156 (shared_account_x + direct_account_x),rule loaded in twin; no twin producer,money-and-statements
event:ledger/da_ext_fee_payout_reversed,event,P1,real_source_mapped_not_running,ledger_config loaded by up.sh:149-156 (shared_account_x + direct_account_x),rule loaded in twin; no twin producer,money-and-statements
event:ledger/da_ext_payout_processed,event,P1,real_source_mapped_not_running,ledger_config loaded by up.sh:149-156 (shared_account_x + direct_account_x),rule loaded in twin; no twin producer,money-and-statements
event:ledger/da_ext_payout_reversed,event,P1,real_source_mapped_not_running,ledger_config loaded by up.sh:149-156 (shared_account_x + direct_account_x),rule loaded in twin; no twin producer,money-and-statements
event:ledger/da_fee_payout_processed,event,P1,real_source_mapped_not_running,ledger_config loaded by up.sh:149-156 (shared_account_x + direct_account_x),rule loaded in twin; no twin producer,money-and-statements
event:ledger/da_fee_payout_reversed,event,P1,real_source_mapped_not_running,ledger_config loaded by up.sh:149-156 (shared_account_x + direct_account_x),rule loaded in twin; no twin producer,money-and-statements
event:ledger/da_payout_processed,event,P0,high_fidelity_replacement,ledger_config loaded by up.sh:149-156 (shared_account_x + direct_account_x),"rule loaded; producer is a twin substitute (monolith-stub DA emitter, D-006)",money-and-statements
event:ledger/da_payout_processed.reward,event,P1,real_source_mapped_not_running,ledger_config loaded by up.sh:149-156 (shared_account_x + direct_account_x),rule loaded in twin; no twin producer,money-and-statements
event:ledger/da_payout_processed_recon,event,P0,high_fidelity_replacement,ledger_config loaded by up.sh:149-156 (shared_account_x + direct_account_x),"rule loaded; producer is a twin substitute (monolith-stub DA emitter, D-006)",money-and-statements
event:ledger/da_payout_reversed,event,P0,high_fidelity_replacement,ledger_config loaded by up.sh:149-156 (shared_account_x + direct_account_x),"rule loaded; producer is a twin substitute (monolith-stub DA emitter, D-006)",money-and-statements
event:ledger/da_payout_reversed.reward,event,P1,real_source_mapped_not_running,ledger_config loaded by up.sh:149-156 (shared_account_x + direct_account_x),rule loaded in twin; no twin producer,money-and-statements
event:ledger/da_payout_reversed_recon,event,P0,high_fidelity_replacement,ledger_config loaded by up.sh:149-156 (shared_account_x + direct_account_x),"rule loaded; producer is a twin substitute (monolith-stub DA emitter, D-006)",money-and-statements
event:ledger/fav_failed,event,P0,real_source_running,ledger_config loaded by up.sh:149-156 (shared_account_x + direct_account_x),rule loaded in twin AND a real twin producer posts it,money-and-statements
event:ledger/fav_initiated,event,P0,real_source_running,ledger_config loaded by up.sh:149-156 (shared_account_x + direct_account_x),rule loaded in twin AND a real twin producer posts it,money-and-statements
event:ledger/fav_processed,event,P0,real_source_running,ledger_config loaded by up.sh:149-156 (shared_account_x + direct_account_x),rule loaded in twin AND a real twin producer posts it,money-and-statements
event:ledger/fav_reversed,event,P0,real_source_running,ledger_config loaded by up.sh:149-156 (shared_account_x + direct_account_x),rule loaded in twin AND a real twin producer posts it,money-and-statements
event:ledger/fund_loading_expired,event,P1,real_source_mapped_not_running,ledger_config loaded by up.sh:149-156 (shared_account_x + direct_account_x),rule loaded in twin; no twin producer,money-and-statements
event:ledger/fund_loading_processed,event,P1,real_source_mapped_not_running,ledger_config loaded by up.sh:149-156 (shared_account_x + direct_account_x),rule loaded in twin; no twin producer,money-and-statements
event:ledger/fund_loading_processed.reward,event,P1,real_source_mapped_not_running,ledger_config loaded by up.sh:149-156 (shared_account_x + direct_account_x),rule loaded in twin; no twin producer,money-and-statements
event:ledger/inter_account_credit_processed,event,P1,real_source_mapped_not_running,ledger_config loaded by up.sh:149-156 (shared_account_x + direct_account_x),rule loaded in twin; no twin producer,money-and-statements
event:ledger/inter_account_payout_failed,event,P1,real_source_mapped_not_running,ledger_config loaded by up.sh:149-156 (shared_account_x + direct_account_x),rule loaded in twin; no twin producer,money-and-statements
event:ledger/inter_account_payout_initiated,event,P1,real_source_mapped_not_running,ledger_config loaded by up.sh:149-156 (shared_account_x + direct_account_x),rule loaded in twin; no twin producer,money-and-statements
event:ledger/inter_account_payout_processed,event,P1,real_source_mapped_not_running,ledger_config loaded by up.sh:149-156 (shared_account_x + direct_account_x),rule loaded in twin; no twin producer,money-and-statements
event:ledger/inter_account_payout_reversed,event,P1,real_source_mapped_not_running,ledger_config loaded by up.sh:149-156 (shared_account_x + direct_account_x),rule loaded in twin; no twin producer,money-and-statements
event:ledger/journal-created,event,P1,real_source_mapped_not_running,,,money-and-statements
event:ledger/my_payout_initiated,event,P1,graph_only,,source-read only; not loaded/never exercised,money-and-statements
event:ledger/negative_adjustment_processed,event,P1,real_source_mapped_not_running,ledger_config loaded by up.sh:149-156 (shared_account_x + direct_account_x),rule loaded in twin; no twin producer,money-and-statements
event:ledger/payout_failed,event,P0,real_source_running,ledger_config loaded by up.sh:149-156 (shared_account_x + direct_account_x),rule loaded in twin AND a real twin producer posts it,money-and-statements;payouts-core
event:ledger/payout_failed.reward,event,P1,real_source_mapped_not_running,ledger_config loaded by up.sh:149-156 (shared_account_x + direct_account_x),rule loaded in twin; no twin producer,money-and-statements
event:ledger/payout_initiated,event,P0,real_source_running,ledger_config loaded by up.sh:149-156 (shared_account_x + direct_account_x),rule loaded in twin AND a real twin producer posts it,money-and-statements;payouts-core
event:ledger/payout_initiated.legacy,event,P1,graph_only,,source-read only; not loaded/never exercised,money-and-statements
event:ledger/payout_initiated.reward,event,P1,real_source_mapped_not_running,ledger_config loaded by up.sh:149-156 (shared_account_x + direct_account_x),rule loaded in twin; no twin producer,money-and-statements
event:ledger/payout_processed,event,P0,real_source_running,ledger_config loaded by up.sh:149-156 (shared_account_x + direct_account_x),rule loaded in twin AND a real twin producer posts it,money-and-statements;payouts-core
event:ledger/payout_processed.reward,event,P1,real_source_mapped_not_running,ledger_config loaded by up.sh:149-156 (shared_account_x + direct_account_x),rule loaded in twin; no twin producer,money-and-statements
event:ledger/payout_reversed,event,P0,real_source_running,ledger_config loaded by up.sh:149-156 (shared_account_x + direct_account_x),rule loaded in twin AND a real twin producer posts it,money-and-statements;payouts-core
event:ledger/payout_reversed.legacy,event,P1,graph_only,,source-read only; not loaded/never exercised,money-and-statements
event:ledger/payout_reversed.reward,event,P1,real_source_mapped_not_running,ledger_config loaded by up.sh:149-156 (shared_account_x + direct_account_x),rule loaded in twin; no twin producer,money-and-statements
event:ledger/penny_expense_settlement,event,P1,real_source_mapped_not_running,ledger_config loaded by up.sh:149-156 (shared_account_x + direct_account_x),rule loaded in twin; no twin producer,money-and-statements
event:ledger/positive_adjustment_processed,event,P1,real_source_mapped_not_running,ledger_config loaded by up.sh:149-156 (shared_account_x + direct_account_x),rule loaded in twin; no twin producer,money-and-statements
event:ledger/va_to_va_credit_processed,event,P0,real_source_mapped_not_running,ledger_config loaded by up.sh:149-156 (shared_account_x + direct_account_x),rule loaded in twin; no twin producer,money-and-statements
event:ledger/va_to_va_payout_failed,event,P0,real_source_running,ledger_config loaded by up.sh:149-156 (shared_account_x + direct_account_x),rule loaded in twin AND a real twin producer posts it,money-and-statements;payouts-core
event:ledger/va_to_va_payout_initiated,event,P0,real_source_running,ledger_config loaded by up.sh:149-156 (shared_account_x + direct_account_x),rule loaded in twin AND a real twin producer posts it,money-and-statements;payouts-core
event:payout.downtime.resolved,event,P2,graph_only,,Splitz-gated,external-config-deploy
event:payout.downtime.started,event,P2,graph_only,,Splitz-gated downtime_v2_webhook_notification_experiment,external-config-deploy
event:payout.downtime.updated,event,P2,graph_only,,Splitz-gated,external-config-deploy
event:payout.failed,event,P0,real_source_running,ENV2_COMPOSE stork-capture + merchant-webhook-sink,fired by the real webhook_event worker; delivery captured by stork-capture,external-config-deploy;payouts-core
event:payout.initiated,event,P0,real_source_running,ENV2_COMPOSE stork-capture + merchant-webhook-sink,fired by the real webhook_event worker; delivery captured by stork-capture,external-config-deploy;payouts-core
event:payout.pending,event,P0,real_source_running,ENV2_COMPOSE stork-capture + merchant-webhook-sink,fired by the real webhook_event worker; delivery captured by stork-capture,external-config-deploy;payouts-core
event:payout.processed,event,P0,real_source_running,ENV2_COMPOSE stork-capture + merchant-webhook-sink,fired by the real webhook_event worker; delivery captured by stork-capture,external-config-deploy;payouts-core
event:payout.queued,event,P0,real_source_running,ENV2_COMPOSE stork-capture + merchant-webhook-sink,fired by the real webhook_event worker; delivery captured by stork-capture,external-config-deploy;payouts-core
event:payout.rejected,event,P0,real_source_running,ENV2_COMPOSE stork-capture + merchant-webhook-sink,fired by the real webhook_event worker; delivery captured by stork-capture,external-config-deploy;payouts-core
event:payout.reversed,event,P0,real_source_running,ENV2_COMPOSE stork-capture + merchant-webhook-sink,fired by the real webhook_event worker; delivery captured by stork-capture,external-config-deploy;payouts-core
event:payout.status_update.sns,event,P0,real_source_mapped_not_running,localstack SNS present; payout_source_updater worker runs but SNS fan-out gated by splitz source_updater_sns_experiment,ENV2_COMPOSE/docker-compose.yml:851-879 runs payout_source_updater; SNS topics not asserted by any twin journey,payouts-core
event:payout.updated,event,P0,real_source_running,ENV2_COMPOSE stork-capture + merchant-webhook-sink,fired by the real webhook_event worker; delivery captured by stork-capture,external-config-deploy;payouts-core
event:payout_link.attempted,event,P1,graph_only,,payout-links is not built or stubbed in the twin,external-config-deploy
event:payout_link.cancelled,event,P1,graph_only,,payout-links is not built or stubbed in the twin,external-config-deploy
event:payout_link.expired,event,P1,graph_only,,payout-links is not built or stubbed in the twin,external-config-deploy
event:payout_link.issued,event,P1,graph_only,,payout-links is not built or stubbed in the twin,external-config-deploy
event:payout_link.pending,event,P1,graph_only,,payout-links is not built or stubbed in the twin,external-config-deploy
event:payout_link.processed,event,P1,graph_only,,payout-links is not built or stubbed in the twin,external-config-deploy
event:payout_link.processing,event,P1,graph_only,,payout-links is not built or stubbed in the twin,external-config-deploy
event:payout_link.rejected,event,P1,graph_only,,payout-links is not built or stubbed in the twin,external-config-deploy
event:recon/rx_workflow_row,event,P1,graph_only,,,money-and-statements
event:transaction.created,event,P1,real_source_running,,produced by the running transaction_create worker,external-config-deploy;payouts-core
event:virtual_account.closed,event,P2,graph_only,,virtual-account -> Stork,external-config-deploy
event:virtual_account.created,event,P2,graph_only,,virtual-account -> Stork,external-config-deploy
event:x-balances/account_activation,event,P1,real_source_mapped_not_running,,,money-and-statements
event:x-balances/balance_refresh,event,P0,real_source_running,injectable via awslocal sqs send-message (T04 handoff),consumer path executed only when a test injects the event,money-and-statements
event:x-balances/payout_event,event,P2,behavioural_placeholder,,,money-and-statements
event:xas/account_activation,event,P1,real_source_mapped_not_running,,,money-and-statements
event:xas/source_event,event,P0,real_source_running,produced by real payouts worker; consumed by xas-sim,,money-and-statements
ext:account-service,external,P2,behavioural_placeholder,sub:asv-stub,"ENV2_COMPOSE/substitutes/asv-stub/CONTRACT.md: gRPC wire, stub is JSON -> unreachable",external-config-deploy
ext:alert/batch-created-not-launched,external,P1,graph_only,,nothing in the twin evaluates Prometheus rules; these are inventory only,external-config-deploy
ext:alert/batch-failure-p0,external,P1,graph_only,,nothing in the twin evaluates Prometheus rules; these are inventory only,external-config-deploy
ext:alert/fts-internal-task-failure-p0,external,P0,graph_only,,nothing in the twin evaluates Prometheus rules; these are inventory only,external-config-deploy
ext:alert/fts-stuck-transfer-amazonpay,external,P1,graph_only,,nothing in the twin evaluates Prometheus rules; these are inventory only,external-config-deploy
ext:alert/fts-task-publish-error,external,P0,graph_only,,nothing in the twin evaluates Prometheus rules; these are inventory only,external-config-deploy
ext:alert/fts-transfer-webhook-update-failure,external,P0,graph_only,,nothing in the twin evaluates Prometheus rules; these are inventory only,external-config-deploy
ext:alert/ledger-x-journal-create-failed,external,P0,graph_only,,nothing in the twin evaluates Prometheus rules; these are inventory only,external-config-deploy
ext:alert/ledger-x-journal-created-queue-stuck,external,P0,graph_only,,nothing in the twin evaluates Prometheus rules; these are inventory only,external-config-deploy
ext:alert/payouts-payroll-stuck-non-terminal,external,P1,graph_only,,nothing in the twin evaluates Prometheus rules; these are inventory only,external-config-deploy
ext:alert/payouts-process-queued-payout-worker-errors,external,P0,graph_only,,nothing in the twin evaluates Prometheus rules; these are inventory only,external-config-deploy
ext:alert/payouts-sla-breach-percentage,external,P1,graph_only,,nothing in the twin evaluates Prometheus rules; these are inventory only,external-config-deploy
ext:alert/payouts-source-updater-job-failures,external,P1,graph_only,,nothing in the twin evaluates Prometheus rules; these are inventory only,external-config-deploy
ext:alert/payouts-sqs-age-payout-create-failure-handling,external,P0,graph_only,,nothing in the twin evaluates Prometheus rules; these are inventory only,external-config-deploy
ext:alert/payouts-sqs-age-payout-update-failure-handling,external,P0,graph_only,,nothing in the twin evaluates Prometheus rules; these are inventory only,external-config-deploy
ext:alert/payouts-sqs-age-queued-processing,external,P0,graph_only,,nothing in the twin evaluates Prometheus rules; these are inventory only,external-config-deploy
ext:alert/payouts-stuck-payouts-idfc-imps,external,P0,graph_only,,nothing in the twin evaluates Prometheus rules; these are inventory only,external-config-deploy
ext:alert/workflows-cadence-workflow-failed,external,P0,graph_only,,nothing in the twin evaluates Prometheus rules; these are inventory only,external-config-deploy
ext:api-monolith,external,P0,high_fidelity_replacement,ENV2_COMPOSE monolith-stub,monolith-stub implements update_fts_fund_transfer relay,fts-mozart;payouts-core
ext:asv,external,P1,high_fidelity_replacement,ENV2_COMPOSE asv-stub,twin_ref names the component that stands in for it in ENV2_COMPOSE,payouts-core
ext:aws-dynamodb,external,P2,graph_only,,,money-and-statements
ext:aws-sns,external,P1,high_fidelity_replacement,ENV2_COMPOSE localstack,twin_ref names the component that stands in for it in ENV2_COMPOSE,external-config-deploy;money-and-statements;payouts-core
ext:aws-sqs,external,P1,high_fidelity_replacement,ENV2_COMPOSE localstack,twin_ref names the component that stands in for it in ENV2_COMPOSE,external-config-deploy;money-and-statements;payouts-core
ext:bank-amazonpay,external,P1,graph_only,,no twin substitute,fts-mozart
ext:bank-axis,external,P1,behavioural_placeholder,,mozart-sim generic; SFTP not modelled,fts-mozart;money-and-statements
ext:bank-citi,external,P1,graph_only,,no twin substitute scenario,fts-mozart
ext:bank-hdfc,external,P1,graph_only,,"no fixture, no route in Mozart fts namespace",fts-mozart
ext:bank-icici,external,P1,behavioural_placeholder,,mozart-sim generic amount-keyed only,fts-mozart;money-and-statements
ext:bank-idfc,external,P1,behavioural_placeholder,,mozart-sim generic,fts-mozart;money-and-statements
ext:bank-kotak,external,P1,graph_only,,Mozart-only,fts-mozart
ext:bank-m2p,external,P1,graph_only,,no twin substitute,fts-mozart
ext:bank-mcs,external,P1,graph_only,,no twin substitute,fts-mozart
ext:bank-ocbc-duitnow,external,P1,graph_only,,no twin substitute,fts-mozart
ext:bank-rbl,external,P0,high_fidelity_replacement,,mozart-sim grounded RBL v1 scenarios,fts-mozart;money-and-statements
ext:bank-slice,external,P1,graph_only,,no twin substitute,fts-mozart;money-and-statements
ext:bank-yesbank,external,P1,behavioural_placeholder,,mozart-sim generic,fts-mozart;money-and-statements
ext:banking-accounts,external,P0,high_fidelity_replacement,ENV2_COMPOSE bankingaccounts-stub,twin_ref names the component that stands in for it in ENV2_COMPOSE,payouts-core
ext:beam,external,P2,graph_only,,blackholed,fts-mozart
ext:bin-service,external,P2,behavioural_placeholder,,,money-and-statements
ext:cadence,external,P0,graph_only,,No Cadence in the twin; wfengine replaces durable Cadence timers/retries with a Python thread + SQLite callbacks table,identity-ingress
ext:cfa,external,P0,real_source_running,compose cfa-server,twin_ref names the component that stands in for it in ENV2_COMPOSE,payouts-core
ext:charge-collections,external,P2,graph_only,,no twin representation,payouts-core
ext:consul-authz,external,P1,graph_only,,,identity-ingress
ext:databricks-emr,external,P2,graph_only,,,money-and-statements
ext:dcs,external,P0,high_fidelity_replacement,ENV2_COMPOSE dcs-stub,twin_ref names the component that stands in for it in ENV2_COMPOSE,payouts-core
ext:dynamodb,external,P1,graph_only,,,external-config-deploy
ext:elasticsearch,external,P2,graph_only,,no twin representation,money-and-statements;payouts-core
ext:fastcron,external,P0,behavioural_placeholder,sub:cron-driver,cadence is ASSUMED — the real FastCron export is an external artefact not available to this identity,external-config-deploy;payouts-core;twin-inventory
ext:fts,external,P0,real_source_running,compose fts-web,twin_ref names the component that stands in for it in ENV2_COMPOSE,payouts-core
ext:governor,external,P2,graph_only,,no twin representation,payouts-core
ext:kafka,external,P1,real_source_running,compose kafka,twin_ref names the component that stands in for it in ENV2_COMPOSE,external-config-deploy;fts-mozart;payouts-core
ext:kafka-cdc-maxwell,external,P2,graph_only,,,money-and-statements
ext:kafka-datalake,external,P2,graph_only,,,money-and-statements
ext:ledger,external,P2,real_source_running,compose ledger-api,ledger-api reached directly (declared deviation: bypasses ledger-gate),fts-mozart;payouts-core
ext:merchant-webhook-endpoint,external,P1,high_fidelity_replacement,sub:merchant-webhook-sink,ENV2_COMPOSE/substitutes/merchant-webhook-sink/CONTRACT.md,external-config-deploy;twin-inventory
ext:mozart,external,P1,high_fidelity_replacement,ENV2_COMPOSE mozart-sim,twin_ref names the component that stands in for it in ENV2_COMPOSE,payouts-core
ext:pricing,external,P0,high_fidelity_replacement,ENV2_COMPOSE pricing-stub,twin_ref names the component that stands in for it in ENV2_COMPOSE,payouts-core
ext:raven,external,P2,graph_only,,no twin representation,payouts-core
ext:recon-art,external,P2,graph_only,,not run in twin,fts-mozart
ext:relay,external,P2,graph_only,,not traced,fts-mozart
ext:s3,external,P1,graph_only,,,external-config-deploy
ext:s3-batch-files,external,P1,graph_only,,,identity-ingress
ext:settlements,external,P2,graph_only,,blackholed 127.0.0.1:9 in arena,fts-mozart
ext:shield,external,P1,high_fidelity_replacement,ENV2_COMPOSE shield-stub,twin_ref names the component that stands in for it in ENV2_COMPOSE,payouts-core
ext:slack,external,P2,graph_only,,MOCK=true,fts-mozart
ext:spinnaker,external,P2,graph_only,,not run,fts-mozart
ext:splitz,external,P2,high_fidelity_replacement,ENV2_COMPOSE splitz-stub,twin_ref names the component that stands in for it in ENV2_COMPOSE,fts-mozart;payouts-core
ext:sqs-batch,external,P1,graph_only,,,identity-ingress
ext:stork,external,P0,high_fidelity_replacement,ENV2_COMPOSE stork-capture,twin_ref names the component that stands in for it in ENV2_COMPOSE,payouts-core
ext:trino,external,P1,graph_only,,,external-config-deploy
ext:ups,external,P2,graph_only,,no twin representation,payouts-core
ext:vault-service,external,P2,behavioural_placeholder,,,money-and-statements
ext:wallet-service,external,P2,graph_only,,blackholed in arena,fts-mozart
ext:workflows,external,P0,high_fidelity_replacement,ENV2_COMPOSE workflow-sim / workflow-engine,twin_ref names the component that stands in for it in ENV2_COMPOSE,payouts-core
ext:x-balances,external,P0,real_source_running,compose xbalances-server + xbalances-worker,twin_ref names the component that stands in for it in ENV2_COMPOSE,payouts-core
ext:xas,external,P2,high_fidelity_replacement,ENV2_COMPOSE xas-sim,twin_ref names the component that stands in for it in ENV2_COMPOSE,fts-mozart;payouts-core
family:account-statement,family,P1,high_fidelity_replacement,,,payouts-core
family:accounting,family,P0,real_source_running,5 executable journeys already present in the twin,,twin-inventory
family:admin-ops,family,P0,real_source_running,,,payouts-core
family:approval-workflow,family,P0,high_fidelity_replacement,12 executable journeys already present in the twin,,payouts-core;twin-inventory
family:async-workers,family,P0,real_source_running,,,payouts-core
family:balance-refresh-reservations,family,P0,real_source_running,2 executable journeys already present in the twin,,twin-inventory
family:bank-channel-routing,family,P0,real_source_running,16 executable journeys already present in the twin,,twin-inventory
family:beneficiary-fund-accounts,family,P0,real_source_running,,,payouts-core
family:bulk-payouts,family,P0,real_source_mapped_not_running,,,payouts-core
family:data-consistency,family,P1,real_source_mapped_not_running,,,payouts-core
family:direct-payouts,family,P0,real_source_running,7 executable journeys already present in the twin,,payouts-core;twin-inventory
family:failure-reversal-cancellation,family,P0,real_source_running,5 executable journeys already present in the twin,,payouts-core;twin-inventory
family:fetch-list,family,P0,real_source_running,,,payouts-core
family:fund-management-payouts,family,P1,real_source_mapped_not_running,,,payouts-core
family:idempotency-retries,family,P0,real_source_running,4 executable journeys already present in the twin,,payouts-core;twin-inventory
family:internal-service-routes,family,P0,real_source_running,7 executable journeys already present in the twin,,payouts-core;twin-inventory
family:merchant-onboarding-config,family,P1,real_source_running,,,payouts-core
family:observability-sla,family,P2,graph_only,,,payouts-core
family:on-hold,family,P0,real_source_running,,,payouts-core
family:pricing-free-payouts,family,P0,high_fidelity_replacement,,,payouts-core
family:queued-low-balance,family,P0,real_source_running,4 executable journeys already present in the twin,,payouts-core;twin-inventory
family:risk-validation,family,P1,high_fidelity_replacement,,,payouts-core
family:scheduled-payouts,family,P0,real_source_running,1 executable journeys already present in the twin,,payouts-core;twin-inventory
family:shared-payouts,family,P0,real_source_running,4 executable journeys already present in the twin,,payouts-core;twin-inventory
family:source-updates,family,P0,real_source_mapped_not_running,,,payouts-core
family:statement-reconciliation,family,P0,real_source_running,4 executable journeys already present in the twin,,twin-inventory
family:usage-events,family,P1,real_source_mapped_not_running,,,payouts-core
family:va-payouts,family,P1,real_source_mapped_not_running,,,payouts-core
family:webhooks,family,P0,real_source_running,2 executable journeys already present in the twin,,payouts-core;twin-inventory
flag:api-features/da_ledger_journal_writes,flag,P0,high_fidelity_replacement,apidb features seed (RED_LOOP provisioner_direct),,money-and-statements
flag:arena/ARENA_COMPOSE_PROJECT,flag,P1,high_fidelity_replacement,"ENV2_COMPOSE/.env.arena, config/generate.py, docker-compose.yml",lets RED_LOOP provisioners target a disposable instance (env2c_<id>) instead of the live arena.,twin-inventory
flag:arena/ARENA_DCS_URL,flag,P0,high_fidelity_replacement,"ENV2_COMPOSE/.env.arena, config/generate.py, docker-compose.yml",arena build patch (build/apply-arena-patches.sh): DCS routing uses this instead of real environment-derived endpoints. Can hide DCS endpoint-resolution failures.,twin-inventory
flag:arena/ARENA_MOZART_IMPL,flag,P0,high_fidelity_replacement,"ENV2_COMPOSE/.env.arena, config/generate.py, docker-compose.yml","mozart-sim (default+PRIMARY) or mozart-mock (real binary, unbuildable). Resolves {{MOZART.url}} for fts/x-balances/xas templates.",twin-inventory
flag:arena/ARENA_ROUTE_PROFILE,flag,P0,high_fidelity_replacement,"ENV2_COMPOSE/.env.arena, config/generate.py, docker-compose.yml","selects the PS->FTS create + FTS->PS status route branch and the Kafka producer leg. PROFILES (config/routes.py:10): monolith{direct_create:F,direct_status:F,kafka:F} | direct{T,T,F} | direct-create-monolith-status{T,F,F} | kafka{T,F,T}. Applied by rewriting payouts [configs.fts_request_from_ps] and fts [splitz.experiments]/[kafka_producers.fire_transfer_status].",twin-inventory
flag:arena/ARENA_SKIP_BUILD,flag,P2,high_fidelity_replacement,"ENV2_COMPOSE/.env.arena, config/generate.py, docker-compose.yml",up.sh skips docker build (used by clean-boot).,twin-inventory
flag:arena/ARENA_STORK_JSON,flag,P1,high_fidelity_replacement,"ENV2_COMPOSE/.env.arena, config/generate.py, docker-compose.yml",arena build patch: payouts uses Stork's JSON client instead of protobuf. Can hide protobuf/JSON compatibility differences.,twin-inventory
flag:arena/ARENA_SUBNET,flag,P1,high_fidelity_replacement,"ENV2_COMPOSE/.env.arena, config/generate.py, docker-compose.yml",rzp-arena internal:true network (no egress).,twin-inventory
flag:arena/ARENA_SUFFIX,flag,P2,high_fidelity_replacement,"ENV2_COMPOSE/.env.arena, config/generate.py, docker-compose.yml",suffix for rzp-arena-<id> network + rzp-arena-secrets-kong-<id> volume on disposable instances.,twin-inventory
flag:arena/ARENA_TAG,flag,P1,high_fidelity_replacement,"ENV2_COMPOSE/.env.arena, config/generate.py, docker-compose.yml",image tag applied to every rzp-arena/<svc> image.,twin-inventory
flag:arena/ARENA_WORKFLOW_HOST,flag,P0,high_fidelity_replacement,"ENV2_COMPOSE/.env.arena, config/generate.py, docker-compose.yml",payouts [workflow] host. Default is the FROZEN dead address so workflow-applicable creates fail 400 exactly as in twin-v1.0; set http://workflow-sim:8092 to activate the approval family.,twin-inventory
flag:arena/ARENA_XAS_SOURCE_EVENT_WHITELIST,flag,P1,high_fidelity_replacement,"ENV2_COMPOSE/.env.arena, config/generate.py, docker-compose.yml",payouts [configs.account_statement_source_event] merchant whitelist; empty = every Direct merchant.,twin-inventory
flag:arena/KONG_ENFORCE_ROUTE_POLICY,flag,P0,high_fidelity_replacement,"ENV2_COMPOSE/.env.arena, config/generate.py, docker-compose.yml","turns kong-lite's fail-closed merchant route policy on/off; the M4 boundary gates require it ON, the original 26-test suite is validated with it OFF.",twin-inventory
flag:arena/KONG_LITE_HOST_PORT,flag,P0,high_fidelity_replacement,"ENV2_COMPOSE/.env.arena, config/generate.py, docker-compose.yml",the ONLY host-reachable port of the whole arena (127.0.0.1:18080 -> kong-lite:8080).,twin-inventory
flag:arena/MOZART_BUILD_CONTEXT,flag,P2,high_fidelity_replacement,"ENV2_COMPOSE/.env.arena, config/generate.py, docker-compose.yml",path to a mozart clone; only meaningful with --profile mozart-real.,twin-inventory
flag:arena/PS_RELAY_MODE,flag,P1,high_fidelity_replacement,"ENV2_COMPOSE/.env.arena, config/generate.py, docker-compose.yml",monolith-stub: normal | drop | hold — lets V16 prove a lost FTS callback leaves the payout stuck in `initiated`.,twin-inventory
flag:arena/STORK_DUPLICATE_TERMINAL,flag,P2,high_fidelity_replacement,"ENV2_COMPOSE/.env.arena, config/generate.py, docker-compose.yml",stork-capture: simulate a duplicated terminal delivery (M4 G34/G45).,twin-inventory
flag:arena/STORK_REORDER,flag,P2,high_fidelity_replacement,"ENV2_COMPOSE/.env.arena, config/generate.py, docker-compose.yml",stork-capture: simulate out-of-order webhook delivery.,twin-inventory
flag:batch/fund_account,flag,P1,graph_only,ENV2_COMPOSE/substitutes/batch-sim,payout batch types are reimplemented on the wire by batch-sim; the v2/link/fund-account types are not,identity-ingress
flag:batch/fund_account_v2,flag,P2,graph_only,ENV2_COMPOSE/substitutes/batch-sim,payout batch types are reimplemented on the wire by batch-sim; the v2/link/fund-account types are not,identity-ingress
flag:batch/payout,flag,P0,graph_only,ENV2_COMPOSE/substitutes/batch-sim,payout batch types are reimplemented on the wire by batch-sim; the v2/link/fund-account types are not,identity-ingress
flag:batch/payout_approval,flag,P0,graph_only,ENV2_COMPOSE/substitutes/batch-sim,payout batch types are reimplemented on the wire by batch-sim; the v2/link/fund-account types are not,identity-ingress
flag:batch/payout_link_bulk,flag,P2,graph_only,ENV2_COMPOSE/substitutes/batch-sim,payout batch types are reimplemented on the wire by batch-sim; the v2/link/fund-account types are not,identity-ingress
flag:batch/payout_link_bulk_v2,flag,P2,graph_only,ENV2_COMPOSE/substitutes/batch-sim,payout batch types are reimplemented on the wire by batch-sim; the v2/link/fund-account types are not,identity-ingress
flag:batch/payouts_amazonpay_bene_details_process,flag,P2,graph_only,ENV2_COMPOSE/substitutes/batch-sim,payout batch types are reimplemented on the wire by batch-sim; the v2/link/fund-account types are not,identity-ingress
flag:batch/payouts_amazonpay_bene_id_process,flag,P2,graph_only,ENV2_COMPOSE/substitutes/batch-sim,payout batch types are reimplemented on the wire by batch-sim; the v2/link/fund-account types are not,identity-ingress
flag:batch/payouts_bank_transfer_bene_details_process,flag,P1,graph_only,ENV2_COMPOSE/substitutes/batch-sim,payout batch types are reimplemented on the wire by batch-sim; the v2/link/fund-account types are not,identity-ingress
flag:batch/payouts_bank_transfer_bene_id_process,flag,P1,graph_only,ENV2_COMPOSE/substitutes/batch-sim,payout batch types are reimplemented on the wire by batch-sim; the v2/link/fund-account types are not,identity-ingress
flag:batch/payouts_upi_bene_details_process,flag,P1,graph_only,ENV2_COMPOSE/substitutes/batch-sim,payout batch types are reimplemented on the wire by batch-sim; the v2/link/fund-account types are not,identity-ingress
flag:batch/payouts_upi_bene_id_process,flag,P1,graph_only,ENV2_COMPOSE/substitutes/batch-sim,payout batch types are reimplemented on the wire by batch-sim; the v2/link/fund-account types are not,identity-ingress
flag:batch/tally_payout,flag,P2,graph_only,ENV2_COMPOSE/substitutes/batch-sim,payout batch types are reimplemented on the wire by batch-sim; the v2/link/fund-account types are not,identity-ingress
flag:cfa-config/enable_cfa_db_tidb,flag,P1,real_source_running,,,money-and-statements
flag:dcs/AccountValidation.penniless_validation,flag,P2,high_fidelity_replacement,ENV2_COMPOSE/seeds/dcs/merchants.json (per-merchant fixture) served by sub:dcs-stub,"dcs-stub serves the real proto3 encoding of rzp/x/merchant/account_validation/AccountValidation with fieldmask redaction (DEV-172); value is a per-merchant fixture, not a real DCS row",external-config-deploy
flag:dcs/AccountValidation.upi_pennydrop_enabled,flag,P2,high_fidelity_replacement,ENV2_COMPOSE/seeds/dcs/merchants.json (per-merchant fixture) served by sub:dcs-stub,"dcs-stub serves the real proto3 encoding of rzp/x/merchant/account_validation/AccountValidation with fieldmask redaction (DEV-172); value is a per-merchant fixture, not a real DCS row",external-config-deploy
flag:dcs/AccountValidation.vpa_bank_info_enabled,flag,P2,high_fidelity_replacement,ENV2_COMPOSE/seeds/dcs/merchants.json (per-merchant fixture) served by sub:dcs-stub,"dcs-stub serves the real proto3 encoding of rzp/x/merchant/account_validation/AccountValidation with fieldmask redaction (DEV-172); value is a per-merchant fixture, not a real DCS row",external-config-deploy
flag:dcs/ApiInterface.below_rupee_payouts,flag,P1,high_fidelity_replacement,ENV2_COMPOSE/seeds/dcs/merchants.json (per-merchant fixture) served by sub:dcs-stub,"dcs-stub serves the real proto3 encoding of rzp/x/merchant/payouts/ApiInterface with fieldmask redaction (DEV-172); value is a per-merchant fixture, not a real DCS row",external-config-deploy
flag:dcs/ApiInterface.bene_name_in_payout,flag,P1,high_fidelity_replacement,ENV2_COMPOSE/seeds/dcs/merchants.json (per-merchant fixture) served by sub:dcs-stub,"dcs-stub serves the real proto3 encoding of rzp/x/merchant/payouts/ApiInterface with fieldmask redaction (DEV-172); value is a per-merchant fixture, not a real DCS row",external-config-deploy
flag:dcs/ApiInterface.enable_beneficiary_name_in_response,flag,P1,high_fidelity_replacement,ENV2_COMPOSE/seeds/dcs/merchants.json (per-merchant fixture) served by sub:dcs-stub,"dcs-stub serves the real proto3 encoding of rzp/x/merchant/payouts/ApiInterface with fieldmask redaction (DEV-172); value is a per-merchant fixture, not a real DCS row",external-config-deploy
flag:dcs/ApiInterface.enable_http_encryption,flag,P1,high_fidelity_replacement,ENV2_COMPOSE/seeds/dcs/merchants.json (per-merchant fixture) served by sub:dcs-stub,"dcs-stub serves the real proto3 encoding of rzp/x/merchant/payouts/ApiInterface with fieldmask redaction (DEV-172); value is a per-merchant fixture, not a real DCS row",external-config-deploy
flag:dcs/ApiInterface.enable_ip_whitelist_fetch,flag,P1,high_fidelity_replacement,ENV2_COMPOSE/seeds/dcs/merchants.json (per-merchant fixture) served by sub:dcs-stub,"dcs-stub serves the real proto3 encoding of rzp/x/merchant/payouts/ApiInterface with fieldmask redaction (DEV-172); value is a per-merchant fixture, not a real DCS row",external-config-deploy
flag:dcs/ApiInterface.enable_null_narration,flag,P1,high_fidelity_replacement,ENV2_COMPOSE/seeds/dcs/merchants.json (per-merchant fixture) served by sub:dcs-stub,"dcs-stub serves the real proto3 encoding of rzp/x/merchant/payouts/ApiInterface with fieldmask redaction (DEV-172); value is a per-merchant fixture, not a real DCS row",external-config-deploy
flag:dcs/ApiInterface.fmp_config,flag,P1,high_fidelity_replacement,ENV2_COMPOSE/seeds/dcs/merchants.json (per-merchant fixture) served by sub:dcs-stub,"dcs-stub serves the real proto3 encoding of rzp/x/merchant/payouts/ApiInterface with fieldmask redaction (DEV-172); value is a per-merchant fixture, not a real DCS row",external-config-deploy
flag:dcs/ApiInterface.payout_idem_key_required,flag,P1,high_fidelity_replacement,ENV2_COMPOSE/seeds/dcs/merchants.json (per-merchant fixture) served by sub:dcs-stub,"dcs-stub serves the real proto3 encoding of rzp/x/merchant/payouts/ApiInterface with fieldmask redaction (DEV-172); value is a per-merchant fixture, not a real DCS row",external-config-deploy
flag:dcs/ApiInterface.payout_service_enabled,flag,P1,high_fidelity_replacement,ENV2_COMPOSE/seeds/dcs/merchants.json (per-merchant fixture) served by sub:dcs-stub,"dcs-stub serves the real proto3 encoding of rzp/x/merchant/payouts/ApiInterface with fieldmask redaction (DEV-172); value is a per-merchant fixture, not a real DCS row",external-config-deploy
flag:dcs/ApiInterface.rbl_ca_upi,flag,P1,high_fidelity_replacement,ENV2_COMPOSE/seeds/dcs/merchants.json (per-merchant fixture) served by sub:dcs-stub,"dcs-stub serves the real proto3 encoding of rzp/x/merchant/payouts/ApiInterface with fieldmask redaction (DEV-172); value is a per-merchant fixture, not a real DCS row",external-config-deploy
flag:dcs/Batch.enable_bulk_payouts_for_mfn,flag,P1,high_fidelity_replacement,ENV2_COMPOSE/seeds/dcs/merchants.json (per-merchant fixture) served by sub:dcs-stub,"dcs-stub serves the real proto3 encoding of rzp/x/merchant/payouts/Batch with fieldmask redaction (DEV-172); value is a per-merchant fixture, not a real DCS row",external-config-deploy
flag:dcs/Batch.enable_private_auth_for_bulk,flag,P1,high_fidelity_replacement,ENV2_COMPOSE/seeds/dcs/merchants.json (per-merchant fixture) served by sub:dcs-stub,"dcs-stub serves the real proto3 encoding of rzp/x/merchant/payouts/Batch with fieldmask redaction (DEV-172); value is a per-merchant fixture, not a real DCS row",external-config-deploy
flag:dcs/BudgetSettings.petty_cash,flag,P2,high_fidelity_replacement,ENV2_COMPOSE/seeds/dcs/merchants.json (per-merchant fixture) served by sub:dcs-stub,"dcs-stub serves the real proto3 encoding of rzp/x/merchant/dashboard_experience/budgets/BudgetSettings with fieldmask redaction (DEV-172); value is a per-merchant fixture, not a real DCS row",external-config-deploy
flag:dcs/BusinessWallet.allow_ybl_rx_biz_wallet,flag,P1,high_fidelity_replacement,ENV2_COMPOSE/seeds/dcs/merchants.json (per-merchant fixture) served by sub:dcs-stub,"dcs-stub serves the real proto3 encoding of rzp/x/merchant/payouts/BusinessWallet with fieldmask redaction (DEV-172); value is a per-merchant fixture, not a real DCS row",external-config-deploy
flag:dcs/Cache.skip_cache,flag,P2,high_fidelity_replacement,ENV2_COMPOSE/seeds/dcs/merchants.json (per-merchant fixture) served by sub:dcs-stub,"dcs-stub serves the real proto3 encoding of rzp/x/merchant/validx/Cache with fieldmask redaction (DEV-172); value is a per-merchant fixture, not a real DCS row",external-config-deploy
flag:dcs/Cards.enable_non_saved_cards,flag,P1,high_fidelity_replacement,ENV2_COMPOSE/seeds/dcs/merchants.json (per-merchant fixture) served by sub:dcs-stub,"dcs-stub serves the real proto3 encoding of rzp/x/merchant/payouts/Cards with fieldmask redaction (DEV-172); value is a per-merchant fixture, not a real DCS row",external-config-deploy
flag:dcs/Cards.enable_payouts_to_cards,flag,P1,high_fidelity_replacement,ENV2_COMPOSE/seeds/dcs/merchants.json (per-merchant fixture) served by sub:dcs-stub,"dcs-stub serves the real proto3 encoding of rzp/x/merchant/payouts/Cards with fieldmask redaction (DEV-172); value is a per-merchant fixture, not a real DCS row",external-config-deploy
flag:dcs/Cfa.skip_ifsc_lookup,flag,P1,high_fidelity_replacement,ENV2_COMPOSE/seeds/dcs/merchants.json (per-merchant fixture) served by sub:dcs-stub,"dcs-stub serves the real proto3 encoding of rzp/x/merchant/payouts/Cfa with fieldmask redaction (DEV-172); value is a per-merchant fixture, not a real DCS row",external-config-deploy
flag:dcs/Communication.disable_transaction_emails,flag,P1,high_fidelity_replacement,ENV2_COMPOSE/seeds/dcs/merchants.json (per-merchant fixture) served by sub:dcs-stub,"dcs-stub serves the real proto3 encoding of rzp/x/merchant/payouts/Communication with fieldmask redaction (DEV-172); value is a per-merchant fixture, not a real DCS row",external-config-deploy
flag:dcs/Configs.in_flight_reservation_enabled,flag,P1,high_fidelity_replacement,ENV2_COMPOSE/seeds/dcs/merchants.json (per-merchant fixture) served by sub:dcs-stub,"dcs-stub serves the real proto3 encoding of rzp/x/merchant/payouts/direct_accounts/Configs with fieldmask redaction (DEV-172); value is a per-merchant fixture, not a real DCS row",external-config-deploy
flag:dcs/EligibilityFeatures.collectx_enabled,flag,P2,high_fidelity_replacement,ENV2_COMPOSE/seeds/dcs/merchants.json (per-merchant fixture) served by sub:dcs-stub,"dcs-stub serves the real proto3 encoding of rzp/x/merchant/onboarding/collectx/EligibilityFeatures with fieldmask redaction (DEV-172); value is a per-merchant fixture, not a real DCS row",external-config-deploy
flag:dcs/FavService.fav_service_enabled,flag,P2,high_fidelity_replacement,ENV2_COMPOSE/seeds/dcs/merchants.json (per-merchant fixture) served by sub:dcs-stub,"dcs-stub serves the real proto3 encoding of rzp/x/merchant/account_validation/FavService with fieldmask redaction (DEV-172); value is a per-merchant fixture, not a real DCS row",external-config-deploy
flag:dcs/Features.banking_accounts_issued,flag,P2,high_fidelity_replacement,ENV2_COMPOSE/seeds/dcs/merchants.json (per-merchant fixture) served by sub:dcs-stub,"dcs-stub serves the real proto3 encoding of rzp/x/merchant/banking/accounts/Features with fieldmask redaction (DEV-172); value is a per-merchant fixture, not a real DCS row",external-config-deploy
flag:dcs/Features.razorpay_wallet,flag,P2,high_fidelity_replacement,ENV2_COMPOSE/seeds/dcs/merchants.json (per-merchant fixture) served by sub:dcs-stub,"dcs-stub serves the real proto3 encoding of rzp/x/merchant/issuing/wallet/Features with fieldmask redaction (DEV-172); value is a per-merchant fixture, not a real DCS row",external-config-deploy
flag:dcs/FeeRecovery.auto_disable_payouts,flag,P2,high_fidelity_replacement,ENV2_COMPOSE/seeds/dcs/merchants.json (per-merchant fixture) served by sub:dcs-stub,"dcs-stub serves the real proto3 encoding of rzp/x/merchant/onboarding/FeeRecovery with fieldmask redaction (DEV-172); value is a per-merchant fixture, not a real DCS row",external-config-deploy
flag:dcs/FeeRecovery.exclude_from_ca_billing,flag,P2,high_fidelity_replacement,ENV2_COMPOSE/seeds/dcs/merchants.json (per-merchant fixture) served by sub:dcs-stub,"dcs-stub serves the real proto3 encoding of rzp/x/merchant/onboarding/FeeRecovery with fieldmask redaction (DEV-172); value is a per-merchant fixture, not a real DCS row",external-config-deploy
flag:dcs/FeeRecovery.payout_low_balance,flag,P2,high_fidelity_replacement,ENV2_COMPOSE/seeds/dcs/merchants.json (per-merchant fixture) served by sub:dcs-stub,"dcs-stub serves the real proto3 encoding of rzp/x/merchant/onboarding/FeeRecovery with fieldmask redaction (DEV-172); value is a per-merchant fixture, not a real DCS row",external-config-deploy
flag:dcs/FeeRecovery.rzpx_fee_credit,flag,P2,high_fidelity_replacement,ENV2_COMPOSE/seeds/dcs/merchants.json (per-merchant fixture) served by sub:dcs-stub,"dcs-stub serves the real proto3 encoding of rzp/x/merchant/onboarding/FeeRecovery with fieldmask redaction (DEV-172); value is a per-merchant fixture, not a real DCS row",external-config-deploy
flag:dcs/FeeRecovery.rzpx_fee_credit_min_zero,flag,P2,high_fidelity_replacement,ENV2_COMPOSE/seeds/dcs/merchants.json (per-merchant fixture) served by sub:dcs-stub,"dcs-stub serves the real proto3 encoding of rzp/x/merchant/onboarding/FeeRecovery with fieldmask redaction (DEV-172); value is a per-merchant fixture, not a real DCS row",external-config-deploy
flag:dcs/FundLoading.skip_whitelisted_source_accounts,flag,P1,high_fidelity_replacement,ENV2_COMPOSE/seeds/dcs/merchants.json (per-merchant fixture) served by sub:dcs-stub,"dcs-stub serves the real proto3 encoding of rzp/x/merchant/payouts/FundLoading with fieldmask redaction (DEV-172); value is a per-merchant fixture, not a real DCS row",external-config-deploy
flag:dcs/FundTransfer.block_va_payouts,flag,P1,high_fidelity_replacement,ENV2_COMPOSE/seeds/dcs/merchants.json (per-merchant fixture) served by sub:dcs-stub,"dcs-stub serves the real proto3 encoding of rzp/x/merchant/payouts/FundTransfer with fieldmask redaction (DEV-172); value is a per-merchant fixture, not a real DCS row",external-config-deploy
flag:dcs/FundTransfer.enable_payouts,flag,P1,high_fidelity_replacement,ENV2_COMPOSE/seeds/dcs/merchants.json (per-merchant fixture) served by sub:dcs-stub,"dcs-stub serves the real proto3 encoding of rzp/x/merchant/payouts/FundTransfer with fieldmask redaction (DEV-172); value is a per-merchant fixture, not a real DCS row",external-config-deploy
flag:dcs/FundTransfer.enable_payouts_queue_buffer,flag,P1,high_fidelity_replacement,ENV2_COMPOSE/seeds/dcs/merchants.json (per-merchant fixture) served by sub:dcs-stub,"dcs-stub serves the real proto3 encoding of rzp/x/merchant/payouts/FundTransfer with fieldmask redaction (DEV-172); value is a per-merchant fixture, not a real DCS row",external-config-deploy
flag:dcs/FundTransfer.increase_per_payout_amount_limit,flag,P1,high_fidelity_replacement,ENV2_COMPOSE/seeds/dcs/merchants.json (per-merchant fixture) served by sub:dcs-stub,"dcs-stub serves the real proto3 encoding of rzp/x/merchant/payouts/FundTransfer with fieldmask redaction (DEV-172); value is a per-merchant fixture, not a real DCS row",external-config-deploy
flag:dcs/FundTransfer.payouts_blocked_via_lite_account,flag,P1,high_fidelity_replacement,ENV2_COMPOSE/seeds/dcs/merchants.json (per-merchant fixture) served by sub:dcs-stub,"dcs-stub serves the real proto3 encoding of rzp/x/merchant/payouts/FundTransfer with fieldmask redaction (DEV-172); value is a per-merchant fixture, not a real DCS row",external-config-deploy
flag:dcs/FundTransfer.payouts_to_fts_async_processing,flag,P1,high_fidelity_replacement,ENV2_COMPOSE/seeds/dcs/merchants.json (per-merchant fixture) served by sub:dcs-stub,"dcs-stub serves the real proto3 encoding of rzp/x/merchant/payouts/FundTransfer with fieldmask redaction (DEV-172); value is a per-merchant fixture, not a real DCS row",external-config-deploy
flag:dcs/FundTransfer.queue_payout_bal_buffer,flag,P1,high_fidelity_replacement,ENV2_COMPOSE/seeds/dcs/merchants.json (per-merchant fixture) served by sub:dcs-stub,"dcs-stub serves the real proto3 encoding of rzp/x/merchant/payouts/FundTransfer with fieldmask redaction (DEV-172); value is a per-merchant fixture, not a real DCS row",external-config-deploy
flag:dcs/HighTps.enable_async_flow,flag,P1,high_fidelity_replacement,ENV2_COMPOSE/seeds/dcs/merchants.json (per-merchant fixture) served by sub:dcs-stub,"dcs-stub serves the real proto3 encoding of rzp/x/merchant/payouts/HighTps with fieldmask redaction (DEV-172); value is a per-merchant fixture, not a real DCS row",external-config-deploy
flag:dcs/HighTps.enable_entity_saving_in_async_mode,flag,P1,high_fidelity_replacement,ENV2_COMPOSE/seeds/dcs/merchants.json (per-merchant fixture) served by sub:dcs-stub,"dcs-stub serves the real proto3 encoding of rzp/x/merchant/payouts/HighTps with fieldmask redaction (DEV-172); value is a per-merchant fixture, not a real DCS row",external-config-deploy
flag:dcs/HighTps.enable_superasync_flow,flag,P1,high_fidelity_replacement,ENV2_COMPOSE/seeds/dcs/merchants.json (per-merchant fixture) served by sub:dcs-stub,"dcs-stub serves the real proto3 encoding of rzp/x/merchant/payouts/HighTps with fieldmask redaction (DEV-172); value is a per-merchant fixture, not a real DCS row",external-config-deploy
flag:dcs/ICICI.enabled_on_dashboard,flag,P2,high_fidelity_replacement,ENV2_COMPOSE/seeds/dcs/merchants.json (per-merchant fixture) served by sub:dcs-stub,"dcs-stub serves the real proto3 encoding of rzp/x/merchant/account_statement/bank/ICICI with fieldmask redaction (DEV-172); value is a per-merchant fixture, not a real DCS row",external-config-deploy
flag:dcs/ICICI.ftp_fetch_enabled,flag,P2,high_fidelity_replacement,ENV2_COMPOSE/seeds/dcs/merchants.json (per-merchant fixture) served by sub:dcs-stub,"dcs-stub serves the real proto3 encoding of rzp/x/merchant/account_statement/bank/ICICI with fieldmask redaction (DEV-172); value is a per-merchant fixture, not a real DCS row",external-config-deploy
flag:dcs/IntegrationSettings.sync_payouts,flag,P2,high_fidelity_replacement,ENV2_COMPOSE/seeds/dcs/merchants.json (per-merchant fixture) served by sub:dcs-stub,"dcs-stub serves the real proto3 encoding of rzp/x/merchant/accounting/IntegrationSettings with fieldmask redaction (DEV-172); value is a per-merchant fixture, not a real DCS row",external-config-deploy
flag:dcs/IntelligentPayouts.disallow_traffic_for_test_transactions,flag,P1,high_fidelity_replacement,ENV2_COMPOSE/seeds/dcs/merchants.json (per-merchant fixture) served by sub:dcs-stub,"dcs-stub serves the real proto3 encoding of rzp/x/merchant/payouts/IntelligentPayouts with fieldmask redaction (DEV-172); value is a per-merchant fixture, not a real DCS row",external-config-deploy
flag:dcs/IntelligentPayouts.enable_intelligent_payouts,flag,P1,high_fidelity_replacement,ENV2_COMPOSE/seeds/dcs/merchants.json (per-merchant fixture) served by sub:dcs-stub,"dcs-stub serves the real proto3 encoding of rzp/x/merchant/payouts/IntelligentPayouts with fieldmask redaction (DEV-172); value is a per-merchant fixture, not a real DCS row",external-config-deploy
flag:dcs/Internal.inter_account_test_payouts,flag,P1,high_fidelity_replacement,ENV2_COMPOSE/seeds/dcs/merchants.json (per-merchant fixture) served by sub:dcs-stub,"dcs-stub serves the real proto3 encoding of rzp/x/merchant/payouts/Internal with fieldmask redaction (DEV-172); value is a per-merchant fixture, not a real DCS row",external-config-deploy
flag:dcs/PayoutModeConfig.allowed_upi_channels,flag,P1,high_fidelity_replacement,ENV2_COMPOSE/seeds/dcs/merchants.json (per-merchant fixture) served by sub:dcs-stub,"dcs-stub serves the real proto3 encoding of rzp/x/merchant/payouts/direct_accounts/PayoutModeConfig with fieldmask redaction (DEV-172); value is a per-merchant fixture, not a real DCS row",external-config-deploy
flag:dcs/PayrollPayouts.hide_rx_payroll_payouts,flag,P1,high_fidelity_replacement,ENV2_COMPOSE/seeds/dcs/merchants.json (per-merchant fixture) served by sub:dcs-stub,"dcs-stub serves the real proto3 encoding of rzp/x/merchant/payouts/PayrollPayouts with fieldmask redaction (DEV-172); value is a per-merchant fixture, not a real DCS row",external-config-deploy
flag:dcs/PayrollSourceAccountValidation.payroll_sav,flag,P2,high_fidelity_replacement,ENV2_COMPOSE/seeds/dcs/merchants.json (per-merchant fixture) served by sub:dcs-stub,"dcs-stub serves the real proto3 encoding of rzp/x/merchant/account_validation/PayrollSourceAccountValidation with fieldmask redaction (DEV-172); value is a per-merchant fixture, not a real DCS row",external-config-deploy
flag:dcs/PricingTiers.banking_plus_core,flag,P2,high_fidelity_replacement,ENV2_COMPOSE/seeds/dcs/merchants.json (per-merchant fixture) served by sub:dcs-stub,"dcs-stub serves the real proto3 encoding of rzp/x/merchant/onboarding/PricingTiers with fieldmask redaction (DEV-172); value is a per-merchant fixture, not a real DCS row",external-config-deploy
flag:dcs/PricingTiers.banking_plus_pro,flag,P2,high_fidelity_replacement,ENV2_COMPOSE/seeds/dcs/merchants.json (per-merchant fixture) served by sub:dcs-stub,"dcs-stub serves the real proto3 encoding of rzp/x/merchant/onboarding/PricingTiers with fieldmask redaction (DEV-172); value is a per-merchant fixture, not a real DCS row",external-config-deploy
flag:dcs/PricingTiers.source_to_pay_core,flag,P2,high_fidelity_replacement,ENV2_COMPOSE/seeds/dcs/merchants.json (per-merchant fixture) served by sub:dcs-stub,"dcs-stub serves the real proto3 encoding of rzp/x/merchant/onboarding/PricingTiers with fieldmask redaction (DEV-172); value is a per-merchant fixture, not a real DCS row",external-config-deploy
flag:dcs/PricingTiers.source_to_pay_pro,flag,P2,high_fidelity_replacement,ENV2_COMPOSE/seeds/dcs/merchants.json (per-merchant fixture) served by sub:dcs-stub,"dcs-stub serves the real proto3 encoding of rzp/x/merchant/onboarding/PricingTiers with fieldmask redaction (DEV-172); value is a per-merchant fixture, not a real DCS row",external-config-deploy
flag:dcs/RBL.disabled_on_dashboard,flag,P2,high_fidelity_replacement,ENV2_COMPOSE/seeds/dcs/merchants.json (per-merchant fixture) served by sub:dcs-stub,"dcs-stub serves the real proto3 encoding of rzp/x/merchant/account_statement/bank/RBL with fieldmask redaction (DEV-172); value is a per-merchant fixture, not a real DCS row",external-config-deploy
flag:dcs/RBL.ftp_fetch_enabled,flag,P2,high_fidelity_replacement,ENV2_COMPOSE/seeds/dcs/merchants.json (per-merchant fixture) served by sub:dcs-stub,"dcs-stub serves the real proto3 encoding of rzp/x/merchant/account_statement/bank/RBL with fieldmask redaction (DEV-172); value is a per-merchant fixture, not a real DCS row",external-config-deploy
flag:dcs/RblAccess.rbl_bank_lms_dashboard,flag,P2,high_fidelity_replacement,ENV2_COMPOSE/seeds/dcs/merchants.json (per-merchant fixture) served by sub:dcs-stub,"dcs-stub serves the real proto3 encoding of rzp/x/merchant/onboarding/rbl/RblAccess with fieldmask redaction (DEV-172); value is a per-merchant fixture, not a real DCS row",external-config-deploy
flag:dcs/Routing.enable_smart_routing,flag,P1,high_fidelity_replacement,ENV2_COMPOSE/seeds/dcs/merchants.json (per-merchant fixture) served by sub:dcs-stub,"dcs-stub serves the real proto3 encoding of rzp/x/merchant/payouts/Routing with fieldmask redaction (DEV-172); value is a per-merchant fixture, not a real DCS row",external-config-deploy
flag:dcs/Stork.enable_stork,flag,P2,high_fidelity_replacement,ENV2_COMPOSE/seeds/dcs/merchants.json (per-merchant fixture) served by sub:dcs-stub,"dcs-stub serves the real proto3 encoding of rzp/x/merchant/validx/Stork with fieldmask redaction (DEV-172); value is a per-merchant fixture, not a real DCS row",external-config-deploy
flag:dcs/SubAccountRoles.allow_limit_transfer_to_sub_merchant,flag,P1,high_fidelity_replacement,ENV2_COMPOSE/seeds/dcs/merchants.json (per-merchant fixture) served by sub:dcs-stub,"dcs-stub serves the real proto3 encoding of rzp/x/merchant/payouts/SubAccountRoles with fieldmask redaction (DEV-172); value is a per-merchant fixture, not a real DCS row",external-config-deploy
flag:dcs/SubAccountRoles.assume_master_account,flag,P1,high_fidelity_replacement,ENV2_COMPOSE/seeds/dcs/merchants.json (per-merchant fixture) served by sub:dcs-stub,"dcs-stub serves the real proto3 encoding of rzp/x/merchant/payouts/SubAccountRoles with fieldmask redaction (DEV-172); value is a per-merchant fixture, not a real DCS row",external-config-deploy
flag:dcs/SubAccountRoles.assume_sub_account,flag,P1,high_fidelity_replacement,ENV2_COMPOSE/seeds/dcs/merchants.json (per-merchant fixture) served by sub:dcs-stub,"dcs-stub serves the real proto3 encoding of rzp/x/merchant/payouts/SubAccountRoles with fieldmask redaction (DEV-172); value is a per-merchant fixture, not a real DCS row",external-config-deploy
flag:dcs/VendorExperience.vendor_experience_enabled,flag,P2,high_fidelity_replacement,ENV2_COMPOSE/seeds/dcs/merchants.json (per-merchant fixture) served by sub:dcs-stub,"dcs-stub serves the real proto3 encoding of rzp/x/merchant/vendor_experience/VendorExperience with fieldmask redaction (DEV-172); value is a per-merchant fixture, not a real DCS row",external-config-deploy
flag:dcs/VendorExperience.vendor_onboarding_enabled,flag,P2,high_fidelity_replacement,ENV2_COMPOSE/seeds/dcs/merchants.json (per-merchant fixture) served by sub:dcs-stub,"dcs-stub serves the real proto3 encoding of rzp/x/merchant/vendor_experience/VendorExperience with fieldmask redaction (DEV-172); value is a per-merchant fixture, not a real DCS row",external-config-deploy
flag:dcs/Workflows.bulk_payout_workflow,flag,P2,high_fidelity_replacement,ENV2_COMPOSE/seeds/dcs/merchants.json (per-merchant fixture) served by sub:dcs-stub,"dcs-stub serves the real proto3 encoding of rzp/x/merchant/dashboard_experience/bulk_payouts/Workflows with fieldmask redaction (DEV-172); value is a per-merchant fixture, not a real DCS row",external-config-deploy
flag:dcs/Workflows.disable_wf_config_dimensions_for_s2p,flag,P2,high_fidelity_replacement,ENV2_COMPOSE/seeds/dcs/merchants.json (per-merchant fixture) served by sub:dcs-stub,"dcs-stub serves the real proto3 encoding of rzp/x/merchant/workflows/Workflows with fieldmask redaction (DEV-172); value is a per-merchant fixture, not a real DCS row",external-config-deploy
flag:dcs/Workflows.enable_approval_via_oauth,flag,P1,high_fidelity_replacement,ENV2_COMPOSE/seeds/dcs/merchants.json (per-merchant fixture) served by sub:dcs-stub,"dcs-stub serves the real proto3 encoding of rzp/x/merchant/payouts/Workflows with fieldmask redaction (DEV-172); value is a per-merchant fixture, not a real DCS row",external-config-deploy
flag:dcs/Workflows.enable_payout_workflow,flag,P1,high_fidelity_replacement,ENV2_COMPOSE/seeds/dcs/merchants.json (per-merchant fixture) served by sub:dcs-stub,"dcs-stub serves the real proto3 encoding of rzp/x/merchant/payouts/Workflows with fieldmask redaction (DEV-172); value is a per-merchant fixture, not a real DCS row",external-config-deploy
flag:dcs/Workflows.skip_approval_if_creator_is_checker,flag,P2,high_fidelity_replacement,ENV2_COMPOSE/seeds/dcs/merchants.json (per-merchant fixture) served by sub:dcs-stub,"dcs-stub serves the real proto3 encoding of rzp/x/merchant/workflows/Workflows with fieldmask redaction (DEV-172); value is a per-merchant fixture, not a real DCS row",external-config-deploy
flag:dcs/Workflows.skip_approval_workflow_for_api,flag,P1,high_fidelity_replacement,ENV2_COMPOSE/seeds/dcs/merchants.json (per-merchant fixture) served by sub:dcs-stub,"dcs-stub serves the real proto3 encoding of rzp/x/merchant/payouts/Workflows with fieldmask redaction (DEV-172); value is a per-merchant fixture, not a real DCS row",external-config-deploy
flag:dcs/Workflows.skip_workflow_for_dashboard,flag,P1,high_fidelity_replacement,ENV2_COMPOSE/seeds/dcs/merchants.json (per-merchant fixture) served by sub:dcs-stub,"dcs-stub serves the real proto3 encoding of rzp/x/merchant/payouts/Workflows with fieldmask redaction (DEV-172); value is a per-merchant fixture, not a real DCS row",external-config-deploy
flag:dcs/Workflows.skip_workflow_for_payroll,flag,P1,high_fidelity_replacement,ENV2_COMPOSE/seeds/dcs/merchants.json (per-merchant fixture) served by sub:dcs-stub,"dcs-stub serves the real proto3 encoding of rzp/x/merchant/payouts/Workflows with fieldmask redaction (DEV-172); value is a per-merchant fixture, not a real DCS row",external-config-deploy
flag:dcs/accounting_integration_config,flag,P2,high_fidelity_replacement,ENV2_COMPOSE dcs-stub,read through pkg/dcs by the real binary; values served by dcs-stub,payouts-core
flag:dcs/allowed_upi_channels,flag,P1,high_fidelity_replacement,ENV2_COMPOSE dcs-stub,read through pkg/dcs by the real binary; values served by dcs-stub,payouts-core
flag:dcs/assume_sub_account,flag,P1,high_fidelity_replacement,ENV2_COMPOSE dcs-stub,read through pkg/dcs by the real binary; values served by dcs-stub,payouts-core
flag:dcs/below_rupee_payouts,flag,P2,high_fidelity_replacement,ENV2_COMPOSE dcs-stub,read through pkg/dcs by the real binary; values served by dcs-stub,payouts-core
flag:dcs/bene_name_in_payout,flag,P1,high_fidelity_replacement,ENV2_COMPOSE dcs-stub,read through pkg/dcs by the real binary; values served by dcs-stub,payouts-core
flag:dcs/disable_wf_config_dimensions_for_s2p,flag,P2,graph_only,,,identity-ingress
flag:dcs/disallow_traffic_for_test_transactions,flag,P2,high_fidelity_replacement,ENV2_COMPOSE dcs-stub,read through pkg/dcs by the real binary; values served by dcs-stub,payouts-core
flag:dcs/enable_approval_via_oauth,flag,P1,high_fidelity_replacement,ENV2_COMPOSE dcs-stub,read through pkg/dcs by the real binary; values served by dcs-stub,payouts-core
flag:dcs/enable_beneficiary_name_in_response,flag,P2,high_fidelity_replacement,ENV2_COMPOSE dcs-stub,read through pkg/dcs by the real binary; values served by dcs-stub,payouts-core
flag:dcs/enable_http_encryption,flag,P1,high_fidelity_replacement,ENV2_COMPOSE dcs-stub,read through pkg/dcs by the real binary; values served by dcs-stub,payouts-core
flag:dcs/enable_intelligent_payouts,flag,P1,high_fidelity_replacement,ENV2_COMPOSE dcs-stub,read through pkg/dcs by the real binary; values served by dcs-stub,payouts-core
flag:dcs/enable_null_narration,flag,P2,high_fidelity_replacement,ENV2_COMPOSE dcs-stub,read through pkg/dcs by the real binary; values served by dcs-stub,payouts-core
flag:dcs/enable_payout_workflow,flag,P0,high_fidelity_replacement,ENV2_COMPOSE dcs-stub,read through pkg/dcs by the real binary; values served by dcs-stub,payouts-core
flag:dcs/enable_payouts,flag,P0,high_fidelity_replacement,ENV2_COMPOSE dcs-stub,read through pkg/dcs by the real binary; values served by dcs-stub,payouts-core
flag:dcs/enable_payouts_buffer,flag,P2,high_fidelity_replacement,ENV2_COMPOSE dcs-stub,read through pkg/dcs by the real binary; values served by dcs-stub,payouts-core
flag:dcs/enable_payouts_queue_buffer,flag,P0,high_fidelity_replacement,ENV2_COMPOSE dcs-stub,read through pkg/dcs by the real binary; values served by dcs-stub,payouts-core
flag:dcs/fmp_config,flag,P1,high_fidelity_replacement,ENV2_COMPOSE dcs-stub,read through pkg/dcs by the real binary; values served by dcs-stub,payouts-core
flag:dcs/in_flight_reservation_enabled,flag,P0,high_fidelity_replacement,dcs-stub seeds/dcs/merchants.json:83-93,read through pkg/dcs by the real binary; values served by dcs-stub,money-and-statements;payouts-core
flag:dcs/increase_per_payout_amount_limit,flag,P0,high_fidelity_replacement,ENV2_COMPOSE dcs-stub,read through pkg/dcs by the real binary; values served by dcs-stub,payouts-core
flag:dcs/payout_idem_key_required,flag,P0,high_fidelity_replacement,ENV2_COMPOSE dcs-stub,read through pkg/dcs by the real binary; values served by dcs-stub,payouts-core
flag:dcs/payout_service_enabled,flag,P0,high_fidelity_replacement,ENV2_COMPOSE dcs-stub,read through pkg/dcs by the real binary; values served by dcs-stub,payouts-core
flag:dcs/payouts_blocked_via_lite_account,flag,P1,high_fidelity_replacement,ENV2_COMPOSE dcs-stub,read through pkg/dcs by the real binary; values served by dcs-stub,payouts-core
flag:dcs/payouts_to_fts_async_processing,flag,P0,high_fidelity_replacement,ENV2_COMPOSE dcs-stub,read through pkg/dcs by the real binary; values served by dcs-stub,payouts-core
flag:dcs/queue_payout_bal_buffer,flag,P0,high_fidelity_replacement,ENV2_COMPOSE dcs-stub,read through pkg/dcs by the real binary; values served by dcs-stub,payouts-core
flag:dcs/rbl_ca_upi,flag,P1,high_fidelity_replacement,ENV2_COMPOSE dcs-stub,read through pkg/dcs by the real binary; values served by dcs-stub,payouts-core
flag:dcs/rzp/x/merchant/accounting/IntegrationSettings,flag,P2,high_fidelity_replacement,ENV2_COMPOSE dcs-stub,"DCS is replaced by dcs-stub in the twin; object shape honoured, storage is not real DCS",payouts-core
flag:dcs/rzp/x/merchant/payouts/ApiInterface,flag,P0,high_fidelity_replacement,ENV2_COMPOSE dcs-stub,"DCS is replaced by dcs-stub in the twin; object shape honoured, storage is not real DCS",payouts-core
flag:dcs/rzp/x/merchant/payouts/FundTransfer,flag,P0,high_fidelity_replacement,ENV2_COMPOSE dcs-stub,"DCS is replaced by dcs-stub in the twin; object shape honoured, storage is not real DCS",payouts-core
flag:dcs/rzp/x/merchant/payouts/IntelligentPayouts,flag,P1,high_fidelity_replacement,ENV2_COMPOSE dcs-stub,"DCS is replaced by dcs-stub in the twin; object shape honoured, storage is not real DCS",payouts-core
flag:dcs/rzp/x/merchant/payouts/SubAccountRoles,flag,P1,high_fidelity_replacement,ENV2_COMPOSE dcs-stub,"DCS is replaced by dcs-stub in the twin; object shape honoured, storage is not real DCS",payouts-core
flag:dcs/rzp/x/merchant/payouts/Workflows,flag,P0,high_fidelity_replacement,ENV2_COMPOSE dcs-stub,"DCS is replaced by dcs-stub in the twin; object shape honoured, storage is not real DCS",payouts-core
flag:dcs/rzp/x/merchant/payouts/direct_accounts/Configs,flag,P0,high_fidelity_replacement,ENV2_COMPOSE dcs-stub,"DCS is replaced by dcs-stub in the twin; object shape honoured, storage is not real DCS",payouts-core
flag:dcs/rzp/x/merchant/payouts/direct_accounts/PayoutModeConfig,flag,P0,high_fidelity_replacement,ENV2_COMPOSE dcs-stub,"DCS is replaced by dcs-stub in the twin; object shape honoured, storage is not real DCS",payouts-core
flag:dcs/skip_approval_if_creator_is_checker,flag,P0,graph_only,,wfengine has no equivalent; it enforces the OPPOSITE (a hard maker!=checker separation check at core.py:153-156),identity-ingress
flag:dcs/skip_approval_workflow_for_api,flag,P0,high_fidelity_replacement,ENV2_COMPOSE dcs-stub,read through pkg/dcs by the real binary; values served by dcs-stub,payouts-core
flag:dcs/skip_ifsc_lookup,flag,P1,high_fidelity_replacement,dcs-stub,,money-and-statements
flag:dcs/skip_workflow_for_dashboard,flag,P0,high_fidelity_replacement,ENV2_COMPOSE dcs-stub,read through pkg/dcs by the real binary; values served by dcs-stub,payouts-core
flag:dcs/skip_workflow_for_payroll,flag,P1,high_fidelity_replacement,ENV2_COMPOSE dcs-stub,read through pkg/dcs by the real binary; values served by dcs-stub,payouts-core
flag:dcs/sync_payouts,flag,P2,high_fidelity_replacement,ENV2_COMPOSE dcs-stub,read through pkg/dcs by the real binary; values served by dcs-stub,payouts-core
flag:fts-config/alternate_url_flow,flag,P2,real_source_running,,config-driven in real binary,fts-mozart
flag:fts-config/high_volume.merchant_config,flag,P1,real_source_running,,config-driven; arena has no HV merchants,fts-mozart
flag:fts-config/razorx,flag,P1,behavioural_placeholder,,declared deviation: every RazorX gate takes failure fallback in twin,fts-mozart
flag:payouts-config/fts_request_from_ps,flag,P0,real_source_running,ENV2_COMPOSE/config/routes.py:44-47,real payouts binary reads env in twin,fts-mozart
flag:splitz/BALANCE_READ_CUTOFF_PAYOUT_CREATE,flag,P2,graph_only,,,money-and-statements
flag:splitz/account_statement_source_event,flag,P1,high_fidelity_replacement,"ENV2_COMPOSE/seeds/splitz/experiments.json (per-merchant fixture variant, no percentage rollout)",arena id P9jMHiqpMI81A5 == prod id,external-config-deploy;money-and-statements;payouts-core
flag:splitz/api_and_webhook_additional_fields,flag,P1,high_fidelity_replacement,ENV2_COMPOSE splitz-stub,evaluated by the real binary; variants served by splitz-stub,external-config-deploy;payouts-core
flag:splitz/axis_channel_neft_mode_transfer_remarks_enhancement,flag,P2,behavioural_placeholder,splitz-stub (ENV2_COMPOSE),splitz-stub returns configured answers; real splitz not run,fts-mozart
flag:splitz/bulk_payout_concurrency_experiment,flag,P1,high_fidelity_replacement,ENV2_COMPOSE splitz-stub,evaluated by the real binary; variants served by splitz-stub,external-config-deploy;payouts-core
flag:splitz/bulk_processing_optimisation_experiment,flag,P1,high_fidelity_replacement,ENV2_COMPOSE splitz-stub,evaluated by the real binary; variants served by splitz-stub,external-config-deploy;payouts-core
flag:splitz/cfa_service_control_experiment,flag,P0,graph_only,,,money-and-statements
flag:splitz/charge_collections_call_canary_experiment,flag,P1,high_fidelity_replacement,"ENV2_COMPOSE/seeds/splitz/experiments.json (per-merchant fixture variant, no percentage rollout)",arena id RNkAkBIfS8zTcA == prod id,external-config-deploy;payouts-core
flag:splitz/charge_collections_call_experiment,flag,P1,high_fidelity_replacement,"ENV2_COMPOSE/seeds/splitz/experiments.json (per-merchant fixture variant, no percentage rollout)",arena id R9gHg72EW42wi8 == prod id,external-config-deploy;payouts-core
flag:splitz/create_transfer_meta_rollout,flag,P0,behavioural_placeholder,splitz-stub (ENV2_COMPOSE),splitz-stub returns configured answers; real splitz not run,fts-mozart
flag:splitz/deduct_credits_experiment,flag,P1,high_fidelity_replacement,ENV2_COMPOSE splitz-stub,evaluated by the real binary; variants served by splitz-stub,external-config-deploy;payouts-core
flag:splitz/downtime_v2_webhook_notification_experiment,flag,P1,high_fidelity_replacement,ENV2_COMPOSE splitz-stub,evaluated by the real binary; variants served by splitz-stub,external-config-deploy;payouts-core
flag:splitz/fetch_balance_entity_from_x_balance,flag,P1,high_fidelity_replacement,splitz-stub (M2 on),"arena id Rjdj0sAd4paXMG replaces prod id RZIMAlk1Nr7q75 (DEV-025); the twin's variant is a fixture, the production rollout percentage is unknown",external-config-deploy;money-and-statements;payouts-core
flag:splitz/fetch_balance_entity_from_x_balance_async,flag,P1,high_fidelity_replacement,ENV2_COMPOSE splitz-stub,evaluated by the real binary; variants served by splitz-stub,external-config-deploy;payouts-core
flag:splitz/fetch_by_id_api_fallback_experiment,flag,P1,high_fidelity_replacement,ENV2_COMPOSE splitz-stub,evaluated by the real binary; variants served by splitz-stub,external-config-deploy;payouts-core
flag:splitz/fetch_from_microservices_experiment,flag,P1,high_fidelity_replacement,ENV2_COMPOSE splitz-stub,evaluated by the real binary; variants served by splitz-stub,external-config-deploy;payouts-core
flag:splitz/fetch_payout_by_id_via_orchestrator_experiment,flag,P1,high_fidelity_replacement,ENV2_COMPOSE splitz-stub,evaluated by the real binary; variants served by splitz-stub,external-config-deploy;payouts-core
flag:splitz/fire_status_update_kafka,flag,P0,behavioural_placeholder,splitz-stub (ENV2_COMPOSE),splitz-stub returns configured answers; real splitz not run,fts-mozart
flag:splitz/fire_transfer_status_webhook_to_ps,flag,P2,behavioural_placeholder,splitz-stub (ENV2_COMPOSE),splitz-stub returns configured answers; real splitz not run,fts-mozart
flag:splitz/fmp_initiate_experiment,flag,P1,high_fidelity_replacement,ENV2_COMPOSE splitz-stub,evaluated by the real binary; variants served by splitz-stub,external-config-deploy;payouts-core
flag:splitz/forChargeCollectionEvaluate,flag,P1,high_fidelity_replacement,ENV2_COMPOSE splitz-stub,evaluated by the real binary; variants served by splitz-stub,external-config-deploy;payouts-core
flag:splitz/forDualWriteDirectPushToAPI,flag,P1,high_fidelity_replacement,ENV2_COMPOSE splitz-stub,evaluated by the real binary; variants served by splitz-stub,external-config-deploy;payouts-core
flag:splitz/forDuplicatePayoutEvaluate,flag,P1,high_fidelity_replacement,ENV2_COMPOSE splitz-stub,evaluated by the real binary; variants served by splitz-stub,external-config-deploy;payouts-core
flag:splitz/forPayoutPropertiesEventEvaluate,flag,P1,high_fidelity_replacement,ENV2_COMPOSE splitz-stub,evaluated by the real binary; variants served by splitz-stub,external-config-deploy;payouts-core
flag:splitz/forProcessingFilterEvaluate,flag,P1,high_fidelity_replacement,ENV2_COMPOSE splitz-stub,evaluated by the real binary; variants served by splitz-stub,external-config-deploy;payouts-core
flag:splitz/free_payouts_xbalances_experiment,flag,P1,high_fidelity_replacement,ENV2_COMPOSE splitz-stub,evaluated by the real binary; variants served by splitz-stub,external-config-deploy;payouts-core
flag:splitz/fts_request_from_payouts_service_experiment,flag,P1,high_fidelity_replacement,ENV2_COMPOSE splitz-stub,evaluated by the real binary; variants served by splitz-stub,external-config-deploy;payouts-core
flag:splitz/fund_account_optimisation_experiment,flag,P1,high_fidelity_replacement,ENV2_COMPOSE splitz-stub,evaluated by the real binary; variants served by splitz-stub,external-config-deploy;payouts-core
flag:splitz/go_routine_capping_experiment,flag,P1,high_fidelity_replacement,ENV2_COMPOSE splitz-stub,evaluated by the real binary; variants served by splitz-stub,external-config-deploy;payouts-core
flag:splitz/ikey_auto_enforcement_ramp_up,flag,P1,high_fidelity_replacement,ENV2_COMPOSE splitz-stub,evaluated by the real binary; variants served by splitz-stub,external-config-deploy;payouts-core
flag:splitz/limited_webhook_flow_experiment,flag,P2,behavioural_placeholder,splitz-stub (ENV2_COMPOSE),splitz-stub returns configured answers; real splitz not run,fts-mozart
flag:splitz/mar_new_routing_flow,flag,P1,behavioural_placeholder,splitz-stub (ENV2_COMPOSE),splitz-stub returns configured answers; real splitz not run,fts-mozart
flag:splitz/merchantBalanceAsyncUpdateExperiment,flag,P2,real_source_mapped_not_running,,,money-and-statements
flag:splitz/merchant_config_via_asv_and_dcs_experiment,flag,P1,high_fidelity_replacement,ENV2_COMPOSE splitz-stub,evaluated by the real binary; variants served by splitz-stub,external-config-deploy;payouts-core
flag:splitz/merchant_configuration_experiment,flag,P1,high_fidelity_replacement,ENV2_COMPOSE splitz-stub,evaluated by the real binary; variants served by splitz-stub,external-config-deploy;payouts-core
flag:splitz/neft_24_7_queuing_feature,flag,P2,behavioural_placeholder,splitz-stub (ENV2_COMPOSE),splitz-stub returns configured answers; real splitz not run,fts-mozart
flag:splitz/non_recon_status_check_experiment,flag,P1,behavioural_placeholder,splitz-stub (ENV2_COMPOSE),splitz-stub returns configured answers; real splitz not run,fts-mozart
flag:splitz/partner_bank_on_hold_payouts_experiment,flag,P1,high_fidelity_replacement,ENV2_COMPOSE splitz-stub,evaluated by the real binary; variants served by splitz-stub,external-config-deploy;payouts-core
flag:splitz/pass_request_meta_to_mozart,flag,P2,behavioural_placeholder,splitz-stub (ENV2_COMPOSE),splitz-stub returns configured answers; real splitz not run,fts-mozart
flag:splitz/payout_service_txn_recon,flag,P0,graph_only,,,money-and-statements
flag:splitz/payout_workflows_dcs_name_experiment,flag,P1,high_fidelity_replacement,ENV2_COMPOSE splitz-stub,evaluated by the real binary; variants served by splitz-stub,external-config-deploy;payouts-core
flag:splitz/performance_optimization_experiment,flag,P1,high_fidelity_replacement,ENV2_COMPOSE splitz-stub,evaluated by the real binary; variants served by splitz-stub,external-config-deploy;payouts-core
flag:splitz/reselect_sa_flow_experiment,flag,P1,behavioural_placeholder,splitz-stub (ENV2_COMPOSE),splitz-stub returns configured answers; real splitz not run,fts-mozart
flag:splitz/route_experiment_prefetch,flag,P1,high_fidelity_replacement,ENV2_COMPOSE splitz-stub,middleware runs in the real binary,payouts-core
flag:splitz/shadow_mode_headers,flag,P2,behavioural_placeholder,splitz-stub (ENV2_COMPOSE),splitz-stub returns configured answers; real splitz not run,fts-mozart
flag:splitz/skip_balance_cache_force_x_balances,flag,P1,high_fidelity_replacement,ENV2_COMPOSE splitz-stub,evaluated by the real binary; variants served by splitz-stub,external-config-deploy;payouts-core
flag:splitz/sla_monitoring_experiment,flag,P1,behavioural_placeholder,"ENV2_COMPOSE/seeds/splitz/experiments.json (per-merchant fixture variant, no percentage rollout)","arena id arena_ps_sla_monitoring_experiment replaces prod id None (DEV-025); the twin's variant is a fixture, the production rollout percentage is unknown",external-config-deploy
flag:splitz/source_updater_sns_experiment,flag,P1,high_fidelity_replacement,ENV2_COMPOSE splitz-stub,evaluated by the real binary; variants served by splitz-stub,external-config-deploy;payouts-core
flag:splitz/stuck_payouts_experiment,flag,P1,behavioural_placeholder,splitz-stub (ENV2_COMPOSE),splitz-stub returns configured answers; real splitz not run,fts-mozart
flag:splitz/stuck_payouts_initiate_experiment,flag,P1,behavioural_placeholder,splitz-stub (ENV2_COMPOSE),splitz-stub returns configured answers; real splitz not run,fts-mozart
flag:splitz/teams_and_departments_v1,flag,P2,graph_only,,,identity-ingress
flag:splitz/testing_bene_bank_on_hold_payouts_async_processing_experiment,flag,P1,behavioural_placeholder,"ENV2_COMPOSE/seeds/splitz/experiments.json (per-merchant fixture variant, no percentage rollout)","arena id arena_ps_testing_bene_bank_on_hold_payouts_async_processing_experiment replaces prod id QNGG7rw9cVxyRq (DEV-025); the twin's variant is a fixture, the production rollout percentage is unknown",external-config-deploy
flag:splitz/testing_partner_bank_on_hold_payouts_async_processing_experiment,flag,P1,behavioural_placeholder,"ENV2_COMPOSE/seeds/splitz/experiments.json (per-merchant fixture variant, no percentage rollout)","arena id arena_ps_testing_partner_bank_on_hold_payouts_async_processing_experiment replaces prod id QNGD6zN9YGGzDL (DEV-025); the twin's variant is a fixture, the production rollout percentage is unknown",external-config-deploy
flag:splitz/testing_queue_if_low_balance_payouts_async_processing_experiment,flag,P1,behavioural_placeholder,"ENV2_COMPOSE/seeds/splitz/experiments.json (per-merchant fixture variant, no percentage rollout)","arena id arena_ps_testing_queue_if_low_balance_payouts_async_processing_experiment replaces prod id QNGHZssBzhfT39 (DEV-025); the twin's variant is a fixture, the production rollout percentage is unknown",external-config-deploy
flag:splitz/tracer_transfer_feature_enabled,flag,P2,behavioural_placeholder,splitz-stub (ENV2_COMPOSE),splitz-stub returns configured answers; real splitz not run,fts-mozart
flag:splitz/use_api_db_for_payout_status_details_experiment,flag,P1,high_fidelity_replacement,ENV2_COMPOSE splitz-stub,evaluated by the real binary; variants served by splitz-stub,external-config-deploy;payouts-core
flag:splitz/use_api_db_for_payouts_experiment,flag,P1,high_fidelity_replacement,ENV2_COMPOSE splitz-stub,evaluated by the real binary; variants served by splitz-stub,external-config-deploy;payouts-core
flag:splitz/x_balances_payout_event,flag,P2,graph_only,,,money-and-statements
flag:splitz/xas_source_event_utr_and_grn_match_experiment,flag,P1,high_fidelity_replacement,"ENV2_COMPOSE/seeds/splitz/experiments.json (per-merchant fixture variant, no percentage rollout)","arena id RStPt2vqXrd5Wl replaces prod id RZfCkJYmCWWCPG (DEV-025); the twin's variant is a fixture, the production rollout percentage is unknown",external-config-deploy;money-and-statements;payouts-core
identity:admin-session:banking-accounts,identity,P1,graph_only,,,money-and-statements
identity:admin-token,identity,P0,high_fidelity_replacement,ENV2_COMPOSE/substitutes/api-ingress/server.py,minted / verified by api-ingress in the twin,identity-ingress;m7-ingress
identity:api-basic-auth:payout-links,identity,P1,high_fidelity_replacement,"synthetic per-arena credential (DEV-011); env var NAMES only, never values",,external-config-deploy
identity:api-basic-auth:vendor-payments,identity,P1,high_fidelity_replacement,"synthetic per-arena credential (DEV-011); env var NAMES only, never values",,external-config-deploy
identity:batch-inbound-basic,identity,P0,graph_only,,absent from the twin,identity-ingress
identity:cc-sdk-auth:payouts,identity,P1,high_fidelity_replacement,"synthetic per-arena credential (DEV-011); env var NAMES only, never values",,external-config-deploy
identity:dashboard-otp,identity,P0,high_fidelity_replacement,ENV2_COMPOSE/substitutes/api-ingress/server.py,minted / verified by api-ingress in the twin,identity-ingress;m7-ingress
identity:dashboard-session,identity,P0,high_fidelity_replacement,ENV2_COMPOSE/substitutes/api-ingress/server.py,minted / verified by api-ingress in the twin,identity-ingress;m7-ingress
identity:dcs-basic-auth:payouts,identity,P1,high_fidelity_replacement,"synthetic per-arena credential (DEV-011); env var NAMES only, never values",,external-config-deploy
identity:dcs-jwt:payouts,identity,P1,high_fidelity_replacement,"synthetic per-arena credential (DEV-011); env var NAMES only, never values",,external-config-deploy
identity:fastcron-basic-auth:payouts,identity,P1,high_fidelity_replacement,"synthetic per-arena credential (DEV-011); env var NAMES only, never values",,external-config-deploy
identity:fts-basic-auth:alert,identity,P1,real_source_running,ENV2_COMPOSE/config/templates/base/fts/env.arena.toml [users.*],same middleware runs in fts-web; credentials supplied by arena env,fts-mozart
identity:fts-basic-auth:api,identity,P1,real_source_running,ENV2_COMPOSE/config/templates/base/fts/env.arena.toml [users.*],same middleware runs in fts-web; credentials supplied by arena env,fts-mozart
identity:fts-basic-auth:art,identity,P1,real_source_running,ENV2_COMPOSE/config/templates/base/fts/env.arena.toml [users.*],same middleware runs in fts-web; credentials supplied by arena env,fts-mozart
identity:fts-basic-auth:capitalcards,identity,P1,real_source_running,ENV2_COMPOSE/config/templates/base/fts/env.arena.toml [users.*],same middleware runs in fts-web; credentials supplied by arena env,fts-mozart
identity:fts-basic-auth:ps,identity,P1,real_source_running,ENV2_COMPOSE/config/templates/base/fts/env.arena.toml [users.*],same middleware runs in fts-web; credentials supplied by arena env,fts-mozart
identity:fts-basic-auth:scrooge,identity,P1,real_source_running,ENV2_COMPOSE/config/templates/base/fts/env.arena.toml [users.*],same middleware runs in fts-web; credentials supplied by arena env,fts-mozart
identity:fts-basic-auth:settlement,identity,P1,real_source_running,ENV2_COMPOSE/config/templates/base/fts/env.arena.toml [users.*],same middleware runs in fts-web; credentials supplied by arena env,fts-mozart
identity:fts-basic-auth:validate_vpa_internal_merchant,identity,P2,real_source_mapped_not_running,,config-only; API monolith VPA validate is stubbed/blackholed in twin,fts-mozart
identity:fts-basic-auth:validx,identity,P1,real_source_running,ENV2_COMPOSE/config/templates/base/fts/env.arena.toml [users.*],same middleware runs in fts-web; credentials supplied by arena env,fts-mozart
identity:fts-basic-auth:wallet,identity,P1,real_source_running,ENV2_COMPOSE/config/templates/base/fts/env.arena.toml [users.*],same middleware runs in fts-web; credentials supplied by arena env,fts-mozart
identity:fts-basic-auth:xperience,identity,P1,real_source_running,ENV2_COMPOSE/config/templates/base/fts/env.arena.toml [users.*],same middleware runs in fts-web; credentials supplied by arena env,fts-mozart
identity:fts-product-auth:api,identity,P0,high_fidelity_replacement,,monolith-stub accepts the call (ENV2_COMPOSE/substitutes/monolith-stub/server.py),fts-mozart
identity:governor-basic-auth:cc-sdk,identity,P1,high_fidelity_replacement,"synthetic per-arena credential (DEV-011); env var NAMES only, never values",,external-config-deploy
identity:ingress-app-secret,identity,P0,high_fidelity_replacement,ENV2_COMPOSE/substitutes/api-ingress/server.py,,m7-ingress
identity:merchant-api-key,identity,P0,high_fidelity_replacement,ENV2_COMPOSE/substitutes/api-ingress/server.py,minted / verified by api-ingress in the twin,identity-ingress;m7-ingress
identity:merchant-passport,identity,P0,real_source_running,passports minted by ENV2_COMPOSE kong-lite / verifier helpers,PassportAuthentication middleware runs in the real binary,payouts-core
identity:mozart-basic-auth:fts,identity,P0,high_fidelity_replacement,,mozart-sim accepts any Basic credentials (CONTRACT.md),fts-mozart
identity:partner-oauth-token,identity,P0,graph_only,,absent from the twin,identity-ingress
identity:passport-jwt,identity,P0,behavioural_placeholder,ENV2_COMPOSE/substitutes/kong-lite _mint_passport_jwt (server.py:150-174),"kong-lite emits iss/sub/jti/iat/nbf/exp/identified/authenticated/mode/org/product/consumer/roles ONLY — missing payloadhash, credential, merchant.id, aud, impersonation; iss is a synthetic host, not 'edge'",identity-ingress
identity:passport-jwt-minted-by-api,identity,P0,high_fidelity_replacement,ENV2_COMPOSE/substitutes/api-ingress/server.py,minted / verified by api-ingress in the twin,identity-ingress;m7-ingress
identity:passport-legacy-auth:admin,identity,P1,real_source_running,,checkForSupportedAuths runs in the real binary,payouts-core
identity:passport-legacy-auth:private,identity,P0,real_source_running,,checkForSupportedAuths runs in the real binary,payouts-core
identity:passport-legacy-auth:privilege,identity,P1,real_source_running,,checkForSupportedAuths runs in the real binary,payouts-core
identity:passport-legacy-auth:proxy,identity,P0,real_source_running,,checkForSupportedAuths runs in the real binary,payouts-core
identity:payouts-basic-auth:api,identity,P0,real_source_running,ENV2_COMPOSE docker secrets auth_* per caller,Basic-auth check runs in the real payouts-api binary (middleware/auth.go:26),payouts-core
identity:payouts-basic-auth:bankingaccounts,identity,P1,real_source_mapped_not_running,,Basic-auth check runs in the real payouts-api binary (middleware/auth.go:26),payouts-core
identity:payouts-basic-auth:dashboard,identity,P2,real_source_mapped_not_running,,Basic-auth check runs in the real payouts-api binary (middleware/auth.go:26),payouts-core
identity:payouts-basic-auth:fastcron,identity,P0,real_source_running,ENV2_COMPOSE docker secrets auth_* per caller,Basic-auth check runs in the real payouts-api binary (middleware/auth.go:26),payouts-core
identity:payouts-basic-auth:fts,identity,P0,real_source_running,ENV2_COMPOSE docker secrets auth_* per caller,real payouts binary runs in twin,fts-mozart;payouts-core
identity:payouts-basic-auth:irctc,identity,P2,real_source_mapped_not_running,,Basic-auth check runs in the real payouts-api binary (middleware/auth.go:26),payouts-core
identity:payouts-basic-auth:merchantconfiguration,identity,P1,real_source_mapped_not_running,,Basic-auth check runs in the real payouts-api binary (middleware/auth.go:26),payouts-core
identity:payouts-basic-auth:reminder,identity,P2,real_source_mapped_not_running,,Basic-auth check runs in the real payouts-api binary (middleware/auth.go:26),payouts-core
identity:payouts-basic-auth:settlements,identity,P1,real_source_mapped_not_running,,Basic-auth check runs in the real payouts-api binary (middleware/auth.go:26),payouts-core
identity:payouts-basic-auth:vendorpayments,identity,P1,real_source_mapped_not_running,,Basic-auth check runs in the real payouts-api binary (middleware/auth.go:26),payouts-core
identity:payouts-basic-auth:workflow,identity,P0,real_source_running,ENV2_COMPOSE docker secrets auth_* per caller,Basic-auth check runs in the real payouts-api binary (middleware/auth.go:26),payouts-core
identity:payouts-basic-auth:xbalances,identity,P1,real_source_mapped_not_running,,Basic-auth check runs in the real payouts-api binary (middleware/auth.go:26),payouts-core
identity:payouts-basic-auth:xperience,identity,P1,real_source_mapped_not_running,,Basic-auth check runs in the real payouts-api binary (middleware/auth.go:26),payouts-core
identity:ps-cred-api,identity,P0,real_source_running,kong-lite injects PS_API_AUTH_USER/PS_API_AUTH_PASS_FILE on payouts-api-bound routes,,identity-ingress
identity:ps-cred-fastcron,identity,P1,real_source_running,ENV2_COMPOSE cron-driver (docker-compose.yml:1996),,identity-ingress
identity:ps-cred-workflow,identity,P0,real_source_running,"ENV2_COMPOSE/substitutes/workflow-engine/wfengine/callbacks.py:30-32,165-175",,identity-ingress
identity:service-basic-auth-or-passport,identity,P1,real_source_running,,only /v1/payouts/schedule/timeslots uses it at this SHA,payouts-core
identity:service-basic-auth:admin-dashboard,identity,P2,graph_only,,No internal-app credential store or Route::$internalApps allow-list exists in the twin's monolith-stub,identity-ingress
identity:service-basic-auth:api-to-ps,identity,P0,real_source_running,kong-lite injects PS_API_AUTH_USER/PS_API_AUTH_PASS_FILE,,identity-ingress
identity:service-basic-auth:batch,identity,P0,high_fidelity_replacement,ENV2_COMPOSE/substitutes/api-ingress/server.py,minted / verified by api-ingress in the twin,identity-ingress;m7-ingress
identity:service-basic-auth:cfa-callers,identity,P0,real_source_running,,,money-and-statements
identity:service-basic-auth:fts,identity,P1,graph_only,,No internal-app credential store or Route::$internalApps allow-list exists in the twin's monolith-stub,identity-ingress
identity:service-basic-auth:fts-art,identity,P0,real_source_mapped_not_running,,,money-and-statements
identity:service-basic-auth:fts-to-payouts,identity,P0,real_source_running,,arena env supplies matching pair for payouts cred.FTS,fts-mozart
identity:service-basic-auth:ledger-clients,identity,P0,real_source_running,ENV2_COMPOSE/config/templates/base/ledger/arena.toml:148 [auth],,money-and-statements
identity:service-basic-auth:merchant-dashboard,identity,P1,graph_only,,No internal-app credential store or Route::$internalApps allow-list exists in the twin's monolith-stub,identity-ingress
identity:service-basic-auth:monolith-recon-app,identity,P0,graph_only,,,money-and-statements
identity:service-basic-auth:payout-links,identity,P2,graph_only,,No internal-app credential store or Route::$internalApps allow-list exists in the twin's monolith-stub,identity-ingress
identity:service-basic-auth:payouts-service,identity,P0,graph_only,,No internal-app credential store or Route::$internalApps allow-list exists in the twin's monolith-stub,identity-ingress
identity:service-basic-auth:vendor-payments,identity,P0,high_fidelity_replacement,ENV2_COMPOSE/substitutes/api-ingress/server.py,minted / verified by api-ingress in the twin,identity-ingress;m7-ingress
identity:service-basic-auth:workflows,identity,P0,high_fidelity_replacement,ENV2_COMPOSE/substitutes/api-ingress/server.py,minted / verified by api-ingress in the twin,identity-ingress;m7-ingress
identity:service-basic-auth:x-balances-callers,identity,P0,real_source_running,"ENV2_COMPOSE/config/templates/base/xbalances/arena.toml:37-40 (arena_ba_user, arena_cron_user, ...)",,money-and-statements
identity:service-basic-auth:xperience,identity,P1,graph_only,,No internal-app credential store or Route::$internalApps allow-list exists in the twin's monolith-stub,identity-ingress
identity:shield-basic-auth:payouts,identity,P1,high_fidelity_replacement,"synthetic per-arena credential (DEV-011); env var NAMES only, never values",,external-config-deploy
identity:splitz-basic-auth:payouts,identity,P1,high_fidelity_replacement,"synthetic per-arena credential (DEV-011); env var NAMES only, never values",,external-config-deploy
identity:stork-basic-auth:payout-links,identity,P1,high_fidelity_replacement,"synthetic per-arena credential (DEV-011); env var NAMES only, never values",,external-config-deploy
identity:stork-basic-auth:payouts,identity,P1,high_fidelity_replacement,"synthetic per-arena credential (DEV-011); env var NAMES only, never values",,external-config-deploy
identity:trust-boundary:administrator,identity,P0,high_fidelity_replacement,ENV2_COMPOSE/substitutes/api-ingress/server.py,,m7-ingress
identity:trust-boundary:internal-service,identity,P0,high_fidelity_replacement,ENV2_COMPOSE/substitutes/api-ingress/server.py,,m7-ingress
identity:trust-boundary:payouts-service,identity,P0,high_fidelity_replacement,ENV2_COMPOSE/substitutes/api-ingress/server.py,,m7-ingress
identity:trust-boundary:public-merchant,identity,P0,high_fidelity_replacement,ENV2_COMPOSE/substitutes/api-ingress/server.py,,m7-ingress
identity:ups-basic-auth:payouts,identity,P1,high_fidelity_replacement,"synthetic per-arena credential (DEV-011); env var NAMES only, never values",,external-config-deploy
identity:validx-basic-auth:admin,identity,P1,high_fidelity_replacement,"synthetic per-arena credential (DEV-011); env var NAMES only, never values",,external-config-deploy
identity:validx-basic-auth:api-monolith,identity,P1,high_fidelity_replacement,"synthetic per-arena credential (DEV-011); env var NAMES only, never values",,external-config-deploy
identity:workflow-actor,identity,P0,behavioural_placeholder,ENV2_COMPOSE/substitutes/workflow-engine/wfengine/identity.py:42-119,wfengine replaces caller-asserted actor claims with server-side bearer-token actor resolution (identity.py:109-119) — STRICTER than the real WFS,identity-ingress
identity:workflows-inbound-basic,identity,P0,high_fidelity_replacement,ENV2_COMPOSE/substitutes/workflow-engine/wfengine/server.py:116-123 (_service_ok),wfengine accepts exactly one service credential pair (workflow/workflow) on one RPC; the real allow-list of 12 caller credentials across 4 services is not modelled,identity-ingress
identity:xperience-inbound-basic,identity,P1,graph_only,,absent from the twin,identity-ingress
journey:accounting/async_state,journey,P0,real_source_running,RED_LOOP/m6/journeys/run.py,m6-journeys.json result=PASS run_dir=RED_LOOP/runs/m6-journeys-20260908T085132Z,m6-journeys
journey:accounting/cancel_or_reverse,journey,P1,real_source_running,RED_LOOP/m6/journeys/run.py,m6-journeys.json result=PASS run_dir=RED_LOOP/runs/m6-journeys-20260908T085132Z,m6-journeys
journey:accounting/direct-failed-zero-journal,journey,P0,real_source_running,,,money-and-statements
journey:accounting/failure,journey,P0,real_source_running,RED_LOOP/m6/journeys/run.py,m6-journeys.json result=PASS run_dir=RED_LOOP/runs/m6-journeys-20260908T085132Z,m6-journeys
journey:accounting/idempotency,journey,P0,real_source_running,RED_LOOP/m6/journeys/run.py,m6-journeys.json result=PASS run_dir=RED_LOOP/runs/m6-journeys-20260908T085132Z,m6-journeys
journey:accounting/insufficient-balance,journey,P0,real_source_running,,,money-and-statements
journey:accounting/journal-dedupe,journey,P0,real_source_running,,,money-and-statements
journey:accounting/shared-initiated,journey,P0,real_source_running,,,money-and-statements
journey:accounting/shared-processed,journey,P0,real_source_running,,,money-and-statements
journey:accounting/shared-reversed,journey,P0,real_source_running,,,money-and-statements
journey:accounting/success,journey,P0,real_source_running,RED_LOOP/m6/journeys/run.py,m6-journeys.json result=PASS run_dir=RED_LOOP/runs/m6-journeys-20260908T085132Z,m6-journeys
journey:accounting/v04,journey,P0,real_source_running,ENV2_COMPOSE/verifier/verifiers/test_v04_ledger_dedupe.py,,twin-inventory
journey:accounting/v05,journey,P0,real_source_running,ENV2_COMPOSE/verifier/verifiers/test_v05_ledger_accounting_initiated.py,,twin-inventory
journey:accounting/v06,journey,P0,real_source_running,ENV2_COMPOSE/verifier/verifiers/test_v06_ledger_accounting_processed.py,,twin-inventory
journey:accounting/v11,journey,P0,real_source_running,ENV2_COMPOSE/verifier/verifiers/test_v11_merchant_balance_sync.py,,twin-inventory
journey:accounting/v23,journey,P0,real_source_running,ENV2_COMPOSE/verifier/verifiers/test_v23_fee_fail_closed.py,,twin-inventory
journey:approval-workflow/async_state,journey,P0,real_source_running,RED_LOOP/m6/journeys/run.py,m6-journeys.json result=PASS run_dir=RED_LOOP/runs/m6-journeys-20260908T085132Z,m6-journeys
journey:approval-workflow/cancel_or_reverse,journey,P1,real_source_running,RED_LOOP/m6/journeys/run.py,m6-journeys.json result=PASS run_dir=RED_LOOP/runs/m6-journeys-20260908T085132Z,m6-journeys
journey:approval-workflow/concurrency,journey,P1,real_source_running,RED_LOOP/m6/journeys/run.py,m6-journeys.json result=PASS run_dir=RED_LOOP/runs/m6-journeys-20260908T085132Z,m6-journeys
journey:approval-workflow/failure,journey,P0,real_source_running,RED_LOOP/m6/journeys/run.py,m6-journeys.json result=PASS run_dir=RED_LOOP/runs/m6-journeys-20260908T085132Z,m6-journeys
journey:approval-workflow/idempotency,journey,P0,real_source_running,RED_LOOP/m6/journeys/run.py,m6-journeys.json result=PASS run_dir=RED_LOOP/runs/m6-journeys-20260908T085132Z,m6-journeys
journey:approval-workflow/m5-approval-success,journey,P0,high_fidelity_replacement,RED_LOOP/m5/scenario_suite.py,,twin-inventory
journey:approval-workflow/m5-callback-identity,journey,P0,high_fidelity_replacement,RED_LOOP/m5/scenario_suite.py,,twin-inventory
journey:approval-workflow/m5-cancellation,journey,P0,high_fidelity_replacement,RED_LOOP/m5/scenario_suite.py,,twin-inventory
journey:approval-workflow/m5-concurrent-decisions,journey,P0,high_fidelity_replacement,RED_LOOP/m5/scenario_suite.py,,twin-inventory
journey:approval-workflow/m5-cross-org-denial,journey,P0,high_fidelity_replacement,RED_LOOP/m5/scenario_suite.py,,twin-inventory
journey:approval-workflow/m5-duplicate-approval,journey,P0,high_fidelity_replacement,RED_LOOP/m5/scenario_suite.py,,twin-inventory
journey:approval-workflow/m5-duplicate-callback,journey,P0,high_fidelity_replacement,RED_LOOP/m5/scenario_suite.py,,twin-inventory
journey:approval-workflow/m5-expiry,journey,P0,high_fidelity_replacement,RED_LOOP/m5/scenario_suite.py,,twin-inventory
journey:approval-workflow/m5-maker-checker-separation,journey,P0,high_fidelity_replacement,RED_LOOP/m5/scenario_suite.py,,twin-inventory
journey:approval-workflow/m5-rejection,journey,P0,high_fidelity_replacement,RED_LOOP/m5/scenario_suite.py,,twin-inventory
journey:approval-workflow/m5-restart-recovery,journey,P0,high_fidelity_replacement,RED_LOOP/m5/scenario_suite.py,,twin-inventory
journey:approval-workflow/m5-stale-decision,journey,P0,high_fidelity_replacement,RED_LOOP/m5/scenario_suite.py,,twin-inventory
journey:approval-workflow/maker_checker,journey,P0,real_source_running,RED_LOOP/m6/journeys/run.py,m6-journeys.json result=PASS run_dir=RED_LOOP/runs/m6-journeys-20260908T085132Z,m6-journeys
journey:approval-workflow/n_of_m,journey,P0,real_source_running,RED_LOOP/m6/journeys/run.py,m6-journeys.json result=PASS run_dir=RED_LOOP/runs/m6-journeys-20260908T085132Z,m6-journeys
journey:approval-workflow/success,journey,P0,real_source_running,RED_LOOP/m6/journeys/run.py,m6-journeys.json result=PASS run_dir=RED_LOOP/runs/m6-journeys-20260908T085132Z,m6-journeys
journey:async-workers/async_state,journey,P0,real_source_running,RED_LOOP/m6/journeys/run.py,m6-journeys.json result=PASS run_dir=RED_LOOP/runs/m6-journeys-20260908T085132Z,m6-journeys
journey:async-workers/failure,journey,P0,real_source_running,RED_LOOP/m6/journeys/run.py,m6-journeys.json result=PASS run_dir=RED_LOOP/runs/m6-journeys-20260908T085132Z,m6-journeys
journey:async-workers/idempotency,journey,P0,real_source_running,RED_LOOP/m6/journeys/run.py,m6-journeys.json result=PASS run_dir=RED_LOOP/runs/m6-journeys-20260908T085132Z,m6-journeys
journey:async-workers/success,journey,P0,real_source_running,RED_LOOP/m6/journeys/run.py,m6-journeys.json result=PASS run_dir=RED_LOOP/runs/m6-journeys-20260908T085132Z,m6-journeys
journey:balance-refresh-reservations/gate-total,journey,P0,real_source_running,,,money-and-statements
journey:balance-refresh-reservations/release-after-refresh,journey,P0,behavioural_placeholder,,,money-and-statements
journey:balance-refresh-reservations/release-on-terminal,journey,P0,real_source_running,,,money-and-statements
journey:balance-refresh-reservations/v12,journey,P0,real_source_running,ENV2_COMPOSE/verifier/verifiers/test_v12_reservation_gate_total.py,,twin-inventory
journey:balance-refresh-reservations/v13,journey,P0,real_source_running,ENV2_COMPOSE/verifier/verifiers/test_v13_reservation_release_on_terminal.py,,twin-inventory
journey:bank-channel-routing/bank-ambiguous-with-utr,journey,P0,real_source_running,ENV2_COMPOSE/verifier/bank_scenarios.py:22,,twin-inventory
journey:bank-channel-routing/bank-ambiguous-without-utr,journey,P0,real_source_running,ENV2_COMPOSE/verifier/bank_scenarios.py:22,,twin-inventory
journey:bank-channel-routing/bank-delayed-success,journey,P0,real_source_running,ENV2_COMPOSE/verifier/bank_scenarios.py:22,,twin-inventory
journey:bank-channel-routing/bank-duplicate,journey,P0,real_source_running,ENV2_COMPOSE/verifier/bank_scenarios.py:22,,twin-inventory
journey:bank-channel-routing/bank-hold,journey,P0,real_source_running,ENV2_COMPOSE/verifier/bank_scenarios.py:22,,twin-inventory
journey:bank-channel-routing/bank-timeout,journey,P0,real_source_running,ENV2_COMPOSE/verifier/bank_scenarios.py:22,,twin-inventory
journey:bank-channel-routing/kafka-direct-after-shared,journey,P0,real_source_running,ENV2_COMPOSE/verifier/kafka_scenarios.py:49,,twin-inventory
journey:bank-channel-routing/kafka-failed-dropped-direct,journey,P0,behavioural_placeholder,ENV2_COMPOSE/verifier/kafka_scenarios.py:49,,twin-inventory
journey:bank-channel-routing/kafka-failed-dropped-shared,journey,P0,behavioural_placeholder,ENV2_COMPOSE/verifier/kafka_scenarios.py:49,,twin-inventory
journey:bank-channel-routing/kafka-reversed-dropped-direct,journey,P0,behavioural_placeholder,ENV2_COMPOSE/verifier/kafka_scenarios.py:49,,twin-inventory
journey:bank-channel-routing/kafka-shared-source-failure,journey,P0,behavioural_placeholder,ENV2_COMPOSE/verifier/kafka_scenarios.py:49,,twin-inventory
journey:bank-channel-routing/m4-route-r-remap,journey,P0,behavioural_placeholder,RED_LOOP/surface/m4_direct_journeys.py,,twin-inventory
journey:bank-channel-routing/m4-route-r1,journey,P0,behavioural_placeholder,RED_LOOP/surface/m4_direct_journeys.py,,twin-inventory
journey:bank-channel-routing/m4-route-r2,journey,P0,behavioural_placeholder,RED_LOOP/surface/m4_direct_journeys.py,,twin-inventory
journey:bank-channel-routing/m4-route-r3,journey,P0,behavioural_placeholder,RED_LOOP/surface/m4_direct_journeys.py,,twin-inventory
journey:bank-channel-routing/v18,journey,P0,real_source_running,ENV2_COMPOSE/verifier/verifiers/test_v18_shared_vs_direct_failed_remap.py,,twin-inventory
journey:beneficiary-fund-accounts/async_state,journey,P0,real_source_running,RED_LOOP/m6/journeys/run.py,m6-journeys.json result=PASS run_dir=RED_LOOP/runs/m6-journeys-20260908T085132Z,m6-journeys
journey:beneficiary-fund-accounts/cfa_api,journey,P1,real_source_running,RED_LOOP/m6/journeys/run.py,m6-journeys.json result=PASS run_dir=RED_LOOP/runs/m6-journeys-20260908T085132Z,m6-journeys
journey:beneficiary-fund-accounts/create-bank-account,journey,P0,real_source_running,,,money-and-statements
journey:beneficiary-fund-accounts/failure,journey,P0,real_source_running,RED_LOOP/m6/journeys/run.py,m6-journeys.json result=PASS run_dir=RED_LOOP/runs/m6-journeys-20260908T085132Z,m6-journeys
journey:beneficiary-fund-accounts/idempotency,journey,P0,real_source_running,RED_LOOP/m6/journeys/run.py,m6-journeys.json result=PASS run_dir=RED_LOOP/runs/m6-journeys-20260908T085132Z,m6-journeys
journey:beneficiary-fund-accounts/success,journey,P0,real_source_running,RED_LOOP/m6/journeys/run.py,m6-journeys.json result=PASS run_dir=RED_LOOP/runs/m6-journeys-20260908T085132Z,m6-journeys
journey:beneficiary-fund-accounts/tenant_isolation,journey,P1,real_source_running,RED_LOOP/m6/journeys/run.py,m6-journeys.json result=PASS run_dir=RED_LOOP/runs/m6-journeys-20260908T085132Z,m6-journeys
journey:bulk-payouts/async_state,journey,P1,real_source_running,RED_LOOP/m6/journeys/run.py,m6-journeys.json result=PASS run_dir=RED_LOOP/runs/m6-journeys-20260908T085132Z,m6-journeys
journey:bulk-payouts/cancel_or_reverse,journey,P1,real_source_running,RED_LOOP/m6/journeys/run.py,m6-journeys.json result=PASS run_dir=RED_LOOP/runs/m6-journeys-20260908T085132Z,m6-journeys
journey:bulk-payouts/failure,journey,P1,real_source_running,RED_LOOP/m6/journeys/run.py,m6-journeys.json result=PASS run_dir=RED_LOOP/runs/m6-journeys-20260908T085132Z,m6-journeys
journey:bulk-payouts/idempotency,journey,P1,real_source_running,RED_LOOP/m6/journeys/run.py,m6-journeys.json result=PASS run_dir=RED_LOOP/runs/m6-journeys-20260908T085132Z,m6-journeys
journey:bulk-payouts/success,journey,P1,real_source_running,RED_LOOP/m6/journeys/run.py,m6-journeys.json result=PASS run_dir=RED_LOOP/runs/m6-journeys-20260908T085132Z,m6-journeys
journey:cross-domain-s2p/async_state,journey,P0,real_source_running,RED_LOOP/m6/journeys/run.py,m6-journeys.json result=PASS run_dir=RED_LOOP/runs/m6-journeys-20260908T085132Z,m6-journeys
journey:cross-domain-s2p/failure,journey,P0,real_source_running,RED_LOOP/m6/journeys/run.py,m6-journeys.json result=PASS run_dir=RED_LOOP/runs/m6-journeys-20260908T085132Z,m6-journeys
journey:cross-domain-s2p/idempotency,journey,P0,real_source_running,RED_LOOP/m6/journeys/run.py,m6-journeys.json result=PASS run_dir=RED_LOOP/runs/m6-journeys-20260908T085132Z,m6-journeys
journey:cross-domain-s2p/success,journey,P0,real_source_running,RED_LOOP/m6/journeys/run.py,m6-journeys.json result=PASS run_dir=RED_LOOP/runs/m6-journeys-20260908T085132Z,m6-journeys
journey:direct-payouts/async_state,journey,P0,real_source_running,RED_LOOP/m6/journeys/run.py,m6-journeys.json result=PASS run_dir=RED_LOOP/runs/m6-journeys-20260908T085132Z,m6-journeys
journey:direct-payouts/cancel_or_reverse,journey,P1,real_source_running,RED_LOOP/m6/journeys/run.py,m6-journeys.json result=PASS run_dir=RED_LOOP/runs/m6-journeys-20260908T085132Z,m6-journeys
journey:direct-payouts/duplicate,journey,P1,real_source_running,RED_LOOP/m6/journeys/run.py,m6-journeys.json result=PASS run_dir=RED_LOOP/runs/m6-journeys-20260908T085132Z,m6-journeys
journey:direct-payouts/failure,journey,P0,real_source_running,RED_LOOP/m6/journeys/run.py,m6-journeys.json result=PASS run_dir=RED_LOOP/runs/m6-journeys-20260908T085132Z,m6-journeys
journey:direct-payouts/failure_pending,journey,P1,real_source_running,RED_LOOP/m6/journeys/run.py,m6-journeys.json result=PASS run_dir=RED_LOOP/runs/m6-journeys-20260908T085132Z,m6-journeys
journey:direct-payouts/idempotency,journey,P0,real_source_running,RED_LOOP/m6/journeys/run.py,m6-journeys.json result=PASS run_dir=RED_LOOP/runs/m6-journeys-20260908T085132Z,m6-journeys
journey:direct-payouts/m4-a,journey,P0,behavioural_placeholder,RED_LOOP/surface/m4_direct_journeys.py,,twin-inventory
journey:direct-payouts/m4-b,journey,P0,real_source_running,RED_LOOP/surface/m4_direct_journeys.py,,twin-inventory
journey:direct-payouts/m4-c,journey,P0,behavioural_placeholder,RED_LOOP/surface/m4_direct_journeys.py,,twin-inventory
journey:direct-payouts/m4-d,journey,P0,real_source_running,RED_LOOP/surface/m4_direct_journeys.py,,twin-inventory
journey:direct-payouts/pending,journey,P1,real_source_running,RED_LOOP/m6/journeys/run.py,m6-journeys.json result=PASS run_dir=RED_LOOP/runs/m6-journeys-20260908T085132Z,m6-journeys
journey:direct-payouts/route-direct-success,journey,P0,real_source_running,ENV2_COMPOSE/verifier/route_scenarios.py:16,,twin-inventory
journey:direct-payouts/route-failed-direct,journey,P0,real_source_running,ENV2_COMPOSE/verifier/route_scenarios.py:16,,twin-inventory
journey:direct-payouts/statement_first,journey,P1,real_source_running,RED_LOOP/m6/journeys/run.py,m6-journeys.json result=PASS run_dir=RED_LOOP/runs/m6-journeys-20260908T085132Z,m6-journeys
journey:direct-payouts/success,journey,P0,real_source_running,RED_LOOP/m6/journeys/run.py,m6-journeys.json result=PASS run_dir=RED_LOOP/runs/m6-journeys-20260908T085132Z,m6-journeys
journey:direct-payouts/v08,journey,P0,real_source_running,ENV2_COMPOSE/verifier/verifiers/test_v08_ledger_accounting_failed_direct.py,,twin-inventory
journey:failure-reversal-cancellation/async_state,journey,P0,real_source_running,RED_LOOP/m6/journeys/run.py,m6-journeys.json result=PASS run_dir=RED_LOOP/runs/m6-journeys-20260908T085132Z,m6-journeys
journey:failure-reversal-cancellation/cancel_or_reverse,journey,P0,real_source_running,RED_LOOP/m6/journeys/run.py,m6-journeys.json result=PASS run_dir=RED_LOOP/runs/m6-journeys-20260908T085132Z,m6-journeys
journey:failure-reversal-cancellation/failure,journey,P0,real_source_running,RED_LOOP/m6/journeys/run.py,m6-journeys.json result=PASS run_dir=RED_LOOP/runs/m6-journeys-20260908T085132Z,m6-journeys
journey:failure-reversal-cancellation/idempotency,journey,P0,real_source_running,RED_LOOP/m6/journeys/run.py,m6-journeys.json result=PASS run_dir=RED_LOOP/runs/m6-journeys-20260908T085132Z,m6-journeys
journey:failure-reversal-cancellation/pending,journey,P1,real_source_running,RED_LOOP/m6/journeys/run.py,m6-journeys.json result=PASS run_dir=RED_LOOP/runs/m6-journeys-20260908T085132Z,m6-journeys
journey:failure-reversal-cancellation/route-failed-shared,journey,P0,real_source_running,ENV2_COMPOSE/verifier/route_scenarios.py:16,,twin-inventory
journey:failure-reversal-cancellation/route-returned,journey,P0,real_source_running,ENV2_COMPOSE/verifier/route_scenarios.py:16,,twin-inventory
journey:failure-reversal-cancellation/success,journey,P0,real_source_running,RED_LOOP/m6/journeys/run.py,m6-journeys.json result=PASS run_dir=RED_LOOP/runs/m6-journeys-20260908T085132Z,m6-journeys
journey:failure-reversal-cancellation/v07,journey,P0,real_source_running,ENV2_COMPOSE/verifier/verifiers/test_v07_ledger_accounting_reversed.py,,twin-inventory
journey:failure-reversal-cancellation/v16,journey,P0,real_source_running,ENV2_COMPOSE/verifier/verifiers/test_v16_stuck_initiated_no_repair.py,,twin-inventory
journey:failure-reversal-cancellation/v17,journey,P0,real_source_running,ENV2_COMPOSE/verifier/verifiers/test_v17_reversal_ordering.py,,twin-inventory
journey:failure-reversal-cancellation/webhook,journey,P0,real_source_running,RED_LOOP/m6/journeys/run.py,m6-journeys.json result=PASS run_dir=RED_LOOP/runs/m6-journeys-20260908T085132Z,m6-journeys
journey:feature-flags-experiments/shield_fail_open,journey,P0,real_source_running,ENV2_COMPOSE/verifier/verifiers/test_v22_shield_fail_open.py,pytest scenario running against the real payouts binary in ENV2_COMPOSE,external-config-deploy
journey:fetch-list/async_state,journey,P0,real_source_running,RED_LOOP/m6/journeys/run.py,m6-journeys.json result=PASS run_dir=RED_LOOP/runs/m6-journeys-20260908T085132Z,m6-journeys
journey:fetch-list/failure,journey,P0,real_source_running,RED_LOOP/m6/journeys/run.py,m6-journeys.json result=PASS run_dir=RED_LOOP/runs/m6-journeys-20260908T085132Z,m6-journeys
journey:fetch-list/idempotency,journey,P0,real_source_running,RED_LOOP/m6/journeys/run.py,m6-journeys.json result=PASS run_dir=RED_LOOP/runs/m6-journeys-20260908T085132Z,m6-journeys
journey:fetch-list/success,journey,P0,real_source_running,RED_LOOP/m6/journeys/run.py,m6-journeys.json result=PASS run_dir=RED_LOOP/runs/m6-journeys-20260908T085132Z,m6-journeys
journey:idempotency-retries/async_state,journey,P0,real_source_running,RED_LOOP/m6/journeys/run.py,m6-journeys.json result=PASS run_dir=RED_LOOP/runs/m6-journeys-20260908T085132Z,m6-journeys
journey:idempotency-retries/duplicate,journey,P0,real_source_running,RED_LOOP/m6/journeys/run.py,m6-journeys.json result=PASS run_dir=RED_LOOP/runs/m6-journeys-20260908T085132Z,m6-journeys
journey:idempotency-retries/failure,journey,P0,real_source_running,RED_LOOP/m6/journeys/run.py,m6-journeys.json result=PASS run_dir=RED_LOOP/runs/m6-journeys-20260908T085132Z,m6-journeys
journey:idempotency-retries/idempotency,journey,P0,real_source_running,RED_LOOP/m6/journeys/run.py,m6-journeys.json result=PASS run_dir=RED_LOOP/runs/m6-journeys-20260908T085132Z,m6-journeys
journey:idempotency-retries/m4-g52,journey,P0,real_source_running,ENV2_COMPOSE/verifier/verifiers/test_m4_g52_concurrent_idempotency.py,,twin-inventory
journey:idempotency-retries/retry,journey,P1,real_source_running,RED_LOOP/m6/journeys/run.py,m6-journeys.json result=PASS run_dir=RED_LOOP/runs/m6-journeys-20260908T085132Z,m6-journeys
journey:idempotency-retries/success,journey,P0,real_source_running,RED_LOOP/m6/journeys/run.py,m6-journeys.json result=PASS run_dir=RED_LOOP/runs/m6-journeys-20260908T085132Z,m6-journeys
journey:idempotency-retries/v01,journey,P0,real_source_running,ENV2_COMPOSE/verifier/verifiers/test_v01_idempotency_same_key_same_body.py,,twin-inventory
journey:idempotency-retries/v02,journey,P0,real_source_running,ENV2_COMPOSE/verifier/verifiers/test_v02_idempotency_same_key_different_body.py,,twin-inventory
journey:idempotency-retries/v03,journey,P0,real_source_running,ENV2_COMPOSE/verifier/verifiers/test_v03_fts_transfer_dedupe.py,,twin-inventory
journey:internal-service-routes/m4-g46,journey,P0,real_source_running,ENV2_COMPOSE/verifier/verifiers/test_m4_g46_cross_merchant.py,,twin-inventory
journey:internal-service-routes/m4-g47,journey,P0,real_source_running,ENV2_COMPOSE/verifier/verifiers/test_m4_g47_body_identity_override.py,,twin-inventory
journey:internal-service-routes/m4-g48,journey,P0,real_source_running,ENV2_COMPOSE/verifier/verifiers/test_m4_g48_forged_service_headers.py,,twin-inventory
journey:internal-service-routes/m4-g49,journey,P0,real_source_running,ENV2_COMPOSE/verifier/verifiers/test_m4_g49_internal_routes_unreachable.py,,twin-inventory
journey:internal-service-routes/m4-g50,journey,P0,real_source_running,ENV2_COMPOSE/verifier/verifiers/test_m4_g50_denial_layer_distinction.py,,twin-inventory
journey:internal-service-routes/m4-hd3,journey,P0,behavioural_placeholder,ENV2_COMPOSE/verifier/verifiers/test_m4_hd3_free_payout_ownership.py,,twin-inventory
journey:internal-service-routes/v15,journey,P0,real_source_running,ENV2_COMPOSE/verifier/verifiers/test_v15_fts_webhook_state_guard.py,,twin-inventory
journey:on-hold/async_state,journey,P1,real_source_running,RED_LOOP/m6/journeys/run.py,m6-journeys.json result=PASS run_dir=RED_LOOP/runs/m6-journeys-20260908T085132Z,m6-journeys
journey:on-hold/cancel_or_reverse,journey,P1,real_source_running,RED_LOOP/m6/journeys/run.py,m6-journeys.json result=PASS run_dir=RED_LOOP/runs/m6-journeys-20260908T085132Z,m6-journeys
journey:on-hold/failure,journey,P1,real_source_running,RED_LOOP/m6/journeys/run.py,m6-journeys.json result=PASS run_dir=RED_LOOP/runs/m6-journeys-20260908T085132Z,m6-journeys
journey:on-hold/idempotency,journey,P0,real_source_running,RED_LOOP/m6/journeys/run.py,m6-journeys.json result=PASS run_dir=RED_LOOP/runs/m6-journeys-20260908T085132Z,m6-journeys
journey:on-hold/success,journey,P1,real_source_running,RED_LOOP/m6/journeys/run.py,m6-journeys.json result=PASS run_dir=RED_LOOP/runs/m6-journeys-20260908T085132Z,m6-journeys
journey:pricing-free-payouts/accounting,journey,P1,real_source_running,RED_LOOP/m6/journeys/run.py,m6-journeys.json result=PASS run_dir=RED_LOOP/runs/m6-journeys-20260908T085132Z,m6-journeys
journey:pricing-free-payouts/async_state,journey,P0,real_source_running,RED_LOOP/m6/journeys/run.py,m6-journeys.json result=PASS run_dir=RED_LOOP/runs/m6-journeys-20260908T085132Z,m6-journeys
journey:pricing-free-payouts/cancel_or_reverse,journey,P0,real_source_running,RED_LOOP/m6/journeys/run.py,m6-journeys.json result=EXPECTED_FAILURE run_dir=RED_LOOP/runs/m6-journeys-20260908T085132Z,m6-journeys
journey:pricing-free-payouts/failure,journey,P0,real_source_running,RED_LOOP/m6/journeys/run.py,m6-journeys.json result=PASS run_dir=RED_LOOP/runs/m6-journeys-20260908T085132Z,m6-journeys
journey:pricing-free-payouts/fee_fail_closed,journey,P0,real_source_running,ENV2_COMPOSE/verifier/verifiers/test_v23_fee_fail_closed.py,pytest scenario running against the real payouts binary in ENV2_COMPOSE,external-config-deploy
journey:pricing-free-payouts/free_payout,journey,P0,real_source_running,RED_LOOP/m6/journeys/run.py,m6-journeys.json result=PASS run_dir=RED_LOOP/runs/m6-journeys-20260908T085132Z,m6-journeys
journey:pricing-free-payouts/free_payout_ownership,journey,P0,real_source_running,ENV2_COMPOSE/verifier/verifiers/test_m4_hd3_free_payout_ownership.py,pytest scenario running against the real payouts binary in ENV2_COMPOSE,external-config-deploy
journey:pricing-free-payouts/idempotency,journey,P0,real_source_running,RED_LOOP/m6/journeys/run.py,m6-journeys.json result=PASS run_dir=RED_LOOP/runs/m6-journeys-20260908T085132Z,m6-journeys
journey:pricing-free-payouts/success,journey,P0,real_source_running,RED_LOOP/m6/journeys/run.py,m6-journeys.json result=PASS run_dir=RED_LOOP/runs/m6-journeys-20260908T085132Z,m6-journeys
journey:queued-low-balance/async_state,journey,P0,real_source_running,RED_LOOP/m6/journeys/run.py,m6-journeys.json result=PASS run_dir=RED_LOOP/runs/m6-journeys-20260908T085132Z,m6-journeys
journey:queued-low-balance/cancel_or_reverse,journey,P0,real_source_running,RED_LOOP/m6/journeys/run.py,m6-journeys.json result=PASS run_dir=RED_LOOP/runs/m6-journeys-20260908T085132Z,m6-journeys
journey:queued-low-balance/failure,journey,P0,real_source_running,RED_LOOP/m6/journeys/run.py,m6-journeys.json result=PASS run_dir=RED_LOOP/runs/m6-journeys-20260908T085132Z,m6-journeys
journey:queued-low-balance/idempotency,journey,P0,real_source_running,RED_LOOP/m6/journeys/run.py,m6-journeys.json result=PASS run_dir=RED_LOOP/runs/m6-journeys-20260908T085132Z,m6-journeys
journey:queued-low-balance/route-queued,journey,P0,real_source_running,ENV2_COMPOSE/verifier/route_scenarios.py:16,,twin-inventory
journey:queued-low-balance/success,journey,P0,real_source_running,RED_LOOP/m6/journeys/run.py,m6-journeys.json result=PASS run_dir=RED_LOOP/runs/m6-journeys-20260908T085132Z,m6-journeys
journey:queued-low-balance/v09,journey,P0,real_source_running,ENV2_COMPOSE/verifier/verifiers/test_v09_balance_auth_queued.py,,twin-inventory
journey:queued-low-balance/v10,journey,P0,real_source_running,ENV2_COMPOSE/verifier/verifiers/test_v10_balance_auth_failed.py,,twin-inventory
journey:queued-low-balance/v24,journey,P0,real_source_running,ENV2_COMPOSE/verifier/verifiers/test_v24_cron_dequeue.py,,twin-inventory
journey:scheduled-payouts/async_state,journey,P0,real_source_running,RED_LOOP/m6/journeys/run.py,m6-journeys.json result=PASS run_dir=RED_LOOP/runs/m6-journeys-20260908T085132Z,m6-journeys
journey:scheduled-payouts/cancel_or_reverse,journey,P0,real_source_running,RED_LOOP/m6/journeys/run.py,m6-journeys.json result=PASS run_dir=RED_LOOP/runs/m6-journeys-20260908T085132Z,m6-journeys
journey:scheduled-payouts/cancel_via_dashboard,journey,P1,real_source_running,RED_LOOP/m6/journeys/run.py,m6-journeys.json result=PASS run_dir=RED_LOOP/runs/m6-journeys-20260908T085132Z,m6-journeys
journey:scheduled-payouts/failure,journey,P0,real_source_running,RED_LOOP/m6/journeys/run.py,m6-journeys.json result=PASS run_dir=RED_LOOP/runs/m6-journeys-20260908T085132Z,m6-journeys
journey:scheduled-payouts/idempotency,journey,P0,real_source_running,RED_LOOP/m6/journeys/run.py,m6-journeys.json result=PASS run_dir=RED_LOOP/runs/m6-journeys-20260908T085132Z,m6-journeys
journey:scheduled-payouts/route-scheduled,journey,P0,real_source_running,ENV2_COMPOSE/verifier/route_scenarios.py:16,,twin-inventory
journey:scheduled-payouts/success,journey,P0,real_source_running,RED_LOOP/m6/journeys/run.py,m6-journeys.json result=PASS run_dir=RED_LOOP/runs/m6-journeys-20260908T085132Z,m6-journeys
journey:shared-ingress/admin,journey,P1,real_source_running,RED_LOOP/m6/journeys/run.py,m6-journeys.json result=PASS run_dir=RED_LOOP/runs/m6-journeys-20260908T085132Z,m6-journeys
journey:shared-ingress/approval,journey,P1,real_source_running,RED_LOOP/m6/journeys/run.py,m6-journeys.json result=PASS run_dir=RED_LOOP/runs/m6-journeys-20260908T085132Z,m6-journeys
journey:shared-ingress/async_state,journey,P0,real_source_running,RED_LOOP/m6/journeys/run.py,m6-journeys.json result=PASS run_dir=RED_LOOP/runs/m6-journeys-20260908T085132Z,m6-journeys
journey:shared-ingress/batch,journey,P1,real_source_running,RED_LOOP/m6/journeys/run.py,m6-journeys.json result=PASS run_dir=RED_LOOP/runs/m6-journeys-20260908T085132Z,m6-journeys
journey:shared-ingress/direct,journey,P1,real_source_running,RED_LOOP/m6/journeys/run.py,m6-journeys.json result=PASS run_dir=RED_LOOP/runs/m6-journeys-20260908T085132Z,m6-journeys
journey:shared-ingress/failure,journey,P0,real_source_running,RED_LOOP/m6/journeys/run.py,m6-journeys.json result=PASS run_dir=RED_LOOP/runs/m6-journeys-20260908T085132Z,m6-journeys
journey:shared-ingress/idempotency,journey,P0,real_source_running,RED_LOOP/m6/journeys/run.py,m6-journeys.json result=PASS run_dir=RED_LOOP/runs/m6-journeys-20260908T085132Z,m6-journeys
journey:shared-ingress/restart,journey,P1,real_source_running,RED_LOOP/m6/journeys/run.py,m6-journeys.json result=PASS run_dir=RED_LOOP/runs/m6-journeys-20260908T085132Z,m6-journeys
journey:shared-ingress/success,journey,P0,real_source_running,RED_LOOP/m6/journeys/run.py,m6-journeys.json result=PASS run_dir=RED_LOOP/runs/m6-journeys-20260908T085132Z,m6-journeys
journey:shared-ingress/tenant_isolation,journey,P0,real_source_running,RED_LOOP/m6/journeys/run.py,m6-journeys.json result=PASS run_dir=RED_LOOP/runs/m6-journeys-20260908T085132Z,m6-journeys
journey:shared-payouts/accounting,journey,P0,real_source_running,RED_LOOP/m6/journeys/run.py,m6-journeys.json result=PASS run_dir=RED_LOOP/runs/m6-journeys-20260908T085132Z,m6-journeys
journey:shared-payouts/async_state,journey,P0,real_source_running,RED_LOOP/m6/journeys/run.py,m6-journeys.json result=PASS run_dir=RED_LOOP/runs/m6-journeys-20260908T085132Z,m6-journeys
journey:shared-payouts/cancel_or_reverse,journey,P0,real_source_running,RED_LOOP/m6/journeys/run.py,m6-journeys.json result=PASS run_dir=RED_LOOP/runs/m6-journeys-20260908T085132Z,m6-journeys
journey:shared-payouts/concurrency,journey,P1,real_source_running,RED_LOOP/m6/journeys/run.py,m6-journeys.json result=PASS run_dir=RED_LOOP/runs/m6-journeys-20260908T085132Z,m6-journeys
journey:shared-payouts/duplicate,journey,P0,real_source_running,RED_LOOP/m6/journeys/run.py,m6-journeys.json result=PASS run_dir=RED_LOOP/runs/m6-journeys-20260908T085132Z,m6-journeys
journey:shared-payouts/failure,journey,P0,real_source_running,RED_LOOP/m6/journeys/run.py,m6-journeys.json result=PASS run_dir=RED_LOOP/runs/m6-journeys-20260908T085132Z,m6-journeys
journey:shared-payouts/golden-shared,journey,P0,real_source_running,ARCHITECTURE_EXPLORER/run-golden.py -> ARCHITECTURE_EXPLORER/server.py:41 golden() -> ENV2_COMPOSE/verifier/scenario.py,,twin-inventory
journey:shared-payouts/idempotency,journey,P0,real_source_running,RED_LOOP/m6/journeys/run.py,m6-journeys.json result=PASS run_dir=RED_LOOP/runs/m6-journeys-20260908T085132Z,m6-journeys
journey:shared-payouts/pending,journey,P1,real_source_running,RED_LOOP/m6/journeys/run.py,m6-journeys.json result=PASS run_dir=RED_LOOP/runs/m6-journeys-20260908T085132Z,m6-journeys
journey:shared-payouts/restart,journey,P1,real_source_running,RED_LOOP/m6/journeys/run.py,m6-journeys.json result=PASS run_dir=RED_LOOP/runs/m6-journeys-20260908T085132Z,m6-journeys
journey:shared-payouts/success,journey,P0,real_source_running,RED_LOOP/m6/journeys/run.py,m6-journeys.json result=PASS run_dir=RED_LOOP/runs/m6-journeys-20260908T085132Z,m6-journeys
journey:shared-payouts/v14,journey,P0,real_source_running,ENV2_COMPOSE/verifier/verifiers/test_v14_state_machine_legality.py,,twin-inventory
journey:shared-payouts/v20,journey,P0,real_source_running,ENV2_COMPOSE/verifier/verifiers/test_v20_tenant_isolation.py,,twin-inventory
journey:shared-payouts/v22,journey,P0,real_source_running,ENV2_COMPOSE/verifier/verifiers/test_v22_shield_fail_open.py,,twin-inventory
journey:source-updates/async_state,journey,P0,real_source_running,RED_LOOP/m6/journeys/run.py,m6-journeys.json result=PASS run_dir=RED_LOOP/runs/m6-journeys-20260908T085132Z,m6-journeys
journey:source-updates/failure,journey,P0,real_source_running,RED_LOOP/m6/journeys/run.py,m6-journeys.json result=PASS run_dir=RED_LOOP/runs/m6-journeys-20260908T085132Z,m6-journeys
journey:source-updates/idempotency,journey,P0,real_source_running,RED_LOOP/m6/journeys/run.py,m6-journeys.json result=PASS run_dir=RED_LOOP/runs/m6-journeys-20260908T085132Z,m6-journeys
journey:source-updates/success,journey,P0,real_source_running,RED_LOOP/m6/journeys/run.py,m6-journeys.json result=PASS run_dir=RED_LOOP/runs/m6-journeys-20260908T085132Z,m6-journeys
journey:statement-reconciliation/art-batch-external,journey,P0,real_source_running,,,money-and-statements
journey:statement-reconciliation/credit-converts-failed-to-reversed,journey,P0,high_fidelity_replacement,,,money-and-statements
journey:statement-reconciliation/direct-processed-match,journey,P0,high_fidelity_replacement,,,money-and-statements
journey:statement-reconciliation/m4-e,journey,P0,behavioural_placeholder,RED_LOOP/surface/m4_direct_journeys.py,,twin-inventory
journey:statement-reconciliation/m4-f,journey,P0,behavioural_placeholder,RED_LOOP/surface/m4_direct_journeys.py,,twin-inventory
journey:statement-reconciliation/m4-g,journey,P0,behavioural_placeholder,RED_LOOP/surface/m4_direct_journeys.py,,twin-inventory
journey:statement-reconciliation/v19,journey,P0,real_source_running,ENV2_COMPOSE/verifier/verifiers/test_v19_direct_failed_verification_guard.py,,twin-inventory
journey:webhooks/async_state,journey,P0,real_source_running,RED_LOOP/m6/journeys/run.py,m6-journeys.json result=PASS run_dir=RED_LOOP/runs/m6-journeys-20260908T085132Z,m6-journeys
journey:webhooks/duplicate,journey,P0,real_source_running,RED_LOOP/m6/journeys/run.py,m6-journeys.json result=PASS run_dir=RED_LOOP/runs/m6-journeys-20260908T085132Z,m6-journeys
journey:webhooks/duplicate_terminal_replay,journey,P0,real_source_running,ENV2_COMPOSE/verifier/verifiers/test_m4_g34_duplicate_terminal_webhook.py,pytest scenario running against the real payouts binary in ENV2_COMPOSE,external-config-deploy
journey:webhooks/failure,journey,P0,real_source_running,RED_LOOP/m6/journeys/run.py,m6-journeys.json result=PASS run_dir=RED_LOOP/runs/m6-journeys-20260908T085132Z,m6-journeys
journey:webhooks/idempotency,journey,P0,real_source_running,RED_LOOP/m6/journeys/run.py,m6-journeys.json result=PASS run_dir=RED_LOOP/runs/m6-journeys-20260908T085132Z,m6-journeys
journey:webhooks/m4-g34,journey,P0,real_source_running,ENV2_COMPOSE/verifier/verifiers/test_m4_g34_duplicate_terminal_webhook.py,,twin-inventory
journey:webhooks/success,journey,P0,real_source_running,RED_LOOP/m6/journeys/run.py,m6-journeys.json result=PASS run_dir=RED_LOOP/runs/m6-journeys-20260908T085132Z,m6-journeys
journey:webhooks/terminal_delivery_completeness,journey,P0,real_source_running,ENV2_COMPOSE/verifier/verifiers/test_v21_webhook_completeness.py,pytest scenario running against the real payouts binary in ENV2_COMPOSE,external-config-deploy
journey:webhooks/v21,journey,P0,real_source_running,ENV2_COMPOSE/verifier/verifiers/test_v21_webhook_completeness.py,,twin-inventory
journey:webhooks/webhook,journey,P0,real_source_running,RED_LOOP/m6/journeys/run.py,m6-journeys.json result=PASS run_dir=RED_LOOP/runs/m6-journeys-20260908T085132Z,m6-journeys
queue:api-virtual-account-dual-write-live,queue,P2,graph_only,,,money-and-statements
queue:api-x-balance-dual-write-live,queue,P1,real_source_mapped_not_running,,,money-and-statements
queue:batch_submitted_merchants,queue,P0,real_source_running,"compose service payouts-worker-batch-submitted-merchants (ENV2_COMPOSE/docker-compose.yml:968, PAYOUTS_WORKER_NAME=batch_submitted_merchants)",The REAL payouts worker binary runs this queue in the twin (added by the M6 I3 worker pass),identity-ingress
queue:bulk_payouts,queue,P1,real_source_running,"compose service payouts-worker-bulk-payouts (ENV2_COMPOSE/docker-compose.yml:932, PAYOUTS_WORKER_NAME=bulk_payouts)",The REAL payouts worker binary runs this queue in the twin,identity-ingress
queue:cfa-contact-dual-write-queue,queue,P1,behavioural_placeholder,localstack contact-dual-write-queue (no consumer),,money-and-statements
queue:cfa-contact-lazy-load,queue,P2,real_source_running,localstack contact-lazy-load,,money-and-statements
queue:cfa-fund-account-dual-write-queue,queue,P1,behavioural_placeholder,localstack fund-account-dual-write-queue (no consumer),,money-and-statements
queue:cfa-fund-account-lazy-load,queue,P2,real_source_running,localstack fund-account-lazy-load,,money-and-statements
queue:fts_live_amazon_pay_check_transfer_status,queue,P1,real_source_mapped_not_running,,queue name = <scope>_<queue_name>; twin scope differs (arena),fts-mozart
queue:fts_live_amazon_pay_initiate_transfer,queue,P1,real_source_mapped_not_running,,queue name = <scope>_<queue_name>; twin scope differs (arena),fts-mozart
queue:fts_live_axis_check_transfer_status,queue,P1,real_source_mapped_not_running,,queue name = <scope>_<queue_name>; twin scope differs (arena),fts-mozart
queue:fts_live_axis_direct_upi_check_transfer_status,queue,P1,real_source_mapped_not_running,,queue name = <scope>_<queue_name>; twin scope differs (arena),fts-mozart
queue:fts_live_axis_direct_upi_initiate_transfer,queue,P1,real_source_mapped_not_running,,queue name = <scope>_<queue_name>; twin scope differs (arena),fts-mozart
queue:fts_live_axis_file_based,queue,P1,real_source_mapped_not_running,,queue name = <scope>_<queue_name>; twin scope differs (arena),fts-mozart
queue:fts_live_axis_imps_hv_check_transfer_status,queue,P1,real_source_mapped_not_running,,queue name = <scope>_<queue_name>; twin scope differs (arena),fts-mozart
queue:fts_live_axis_imps_hv_initiate_transfer,queue,P1,real_source_mapped_not_running,,queue name = <scope>_<queue_name>; twin scope differs (arena),fts-mozart
queue:fts_live_axis_initiate_transfer,queue,P1,real_source_mapped_not_running,,queue name = <scope>_<queue_name>; twin scope differs (arena),fts-mozart
queue:fts_live_axis_neft_check_transfer_status,queue,P1,real_source_mapped_not_running,,queue name = <scope>_<queue_name>; twin scope differs (arena),fts-mozart
queue:fts_live_axis_neft_initiate_transfer,queue,P1,real_source_mapped_not_running,,queue name = <scope>_<queue_name>; twin scope differs (arena),fts-mozart
queue:fts_live_axis_register_beneficiary,queue,P1,real_source_mapped_not_running,,queue name = <scope>_<queue_name>; twin scope differs (arena),fts-mozart
queue:fts_live_axis_rtgs_check_transfer_status,queue,P1,real_source_mapped_not_running,,queue name = <scope>_<queue_name>; twin scope differs (arena),fts-mozart
queue:fts_live_axis_rtgs_initiate_transfer,queue,P1,real_source_mapped_not_running,,queue name = <scope>_<queue_name>; twin scope differs (arena),fts-mozart
queue:fts_live_axis_upi_check_transfer_status,queue,P1,real_source_mapped_not_running,,queue name = <scope>_<queue_name>; twin scope differs (arena),fts-mozart
queue:fts_live_axis_upi_hv_check_transfer_status,queue,P1,real_source_mapped_not_running,,queue name = <scope>_<queue_name>; twin scope differs (arena),fts-mozart
queue:fts_live_axis_upi_hv_initiate_transfer,queue,P1,real_source_mapped_not_running,,queue name = <scope>_<queue_name>; twin scope differs (arena),fts-mozart
queue:fts_live_axis_upi_initiate_transfer,queue,P1,real_source_mapped_not_running,,queue name = <scope>_<queue_name>; twin scope differs (arena),fts-mozart
queue:fts_live_batch_icici_neft_initiate_transfer,queue,P1,real_source_mapped_not_running,,queue name = <scope>_<queue_name>; twin scope differs (arena),fts-mozart
queue:fts_live_batch_icici_neft_register_beneficiary,queue,P1,real_source_mapped_not_running,,queue name = <scope>_<queue_name>; twin scope differs (arena),fts-mozart
queue:fts_live_check_recon_status,queue,P1,real_source_mapped_not_running,,queue name = <scope>_<queue_name>; twin scope differs (arena),fts-mozart
queue:fts_live_check_transfer_status,queue,P0,real_source_running,redis (scope arena) consumed by fts-worker for -command=check_transfer_status,queue name = <scope>_<queue_name>; twin scope differs (arena),fts-mozart
queue:fts_live_default,queue,P0,real_source_running,redis (scope arena) consumed by fts-worker for -command=default,queue name = <scope>_<queue_name>; twin scope differs (arena),fts-mozart
queue:fts_live_fire_transfer_status_webhook,queue,P0,real_source_running,redis (scope arena) consumed by fts-worker for -command=fire_transfer_status_webhook,queue name = <scope>_<queue_name>; twin scope differs (arena),fts-mozart
queue:fts_live_hdfc_check_bulk_transfer_status,queue,P1,real_source_mapped_not_running,,queue name = <scope>_<queue_name>; twin scope differs (arena),fts-mozart
queue:fts_live_hdfc_initiate_attempt_bulk,queue,P1,real_source_mapped_not_running,,queue name = <scope>_<queue_name>; twin scope differs (arena),fts-mozart
queue:fts_live_hv_fire_transfer_status_webhook,queue,P1,real_source_mapped_not_running,,queue name = <scope>_<queue_name>; twin scope differs (arena),fts-mozart
queue:fts_live_hv_initiate_transfer,queue,P1,real_source_mapped_not_running,,queue name = <scope>_<queue_name>; twin scope differs (arena),fts-mozart
queue:fts_live_icici_check_transfer_status,queue,P1,real_source_mapped_not_running,,queue name = <scope>_<queue_name>; twin scope differs (arena),fts-mozart
queue:fts_live_icici_direct_check_transfer_status,queue,P1,real_source_mapped_not_running,,queue name = <scope>_<queue_name>; twin scope differs (arena),fts-mozart
queue:fts_live_icici_direct_initiate_transfer,queue,P1,real_source_mapped_not_running,,queue name = <scope>_<queue_name>; twin scope differs (arena),fts-mozart
queue:fts_live_icici_imps_hv_check_transfer_status,queue,P1,real_source_mapped_not_running,,queue name = <scope>_<queue_name>; twin scope differs (arena),fts-mozart
queue:fts_live_icici_imps_hv_initiate_transfer,queue,P1,real_source_mapped_not_running,,queue name = <scope>_<queue_name>; twin scope differs (arena),fts-mozart
queue:fts_live_icici_initiate_transfer,queue,P1,real_source_mapped_not_running,,queue name = <scope>_<queue_name>; twin scope differs (arena),fts-mozart
queue:fts_live_icici_neft_check_transfer_status,queue,P1,real_source_mapped_not_running,,queue name = <scope>_<queue_name>; twin scope differs (arena),fts-mozart
queue:fts_live_icici_neft_rtgs_initiate_transfer,queue,P1,real_source_mapped_not_running,,queue name = <scope>_<queue_name>; twin scope differs (arena),fts-mozart
queue:fts_live_icici_register_beneficiary,queue,P1,real_source_mapped_not_running,,queue name = <scope>_<queue_name>; twin scope differs (arena),fts-mozart
queue:fts_live_icici_rtgs_initiate_transfer,queue,P1,real_source_mapped_not_running,,queue name = <scope>_<queue_name>; twin scope differs (arena),fts-mozart
queue:fts_live_icici_upi_check_transfer_status,queue,P1,real_source_mapped_not_running,,queue name = <scope>_<queue_name>; twin scope differs (arena),fts-mozart
queue:fts_live_icici_upi_hv_check_transfer_status,queue,P1,real_source_mapped_not_running,,queue name = <scope>_<queue_name>; twin scope differs (arena),fts-mozart
queue:fts_live_icici_upi_hv_initiate_transfer,queue,P1,real_source_mapped_not_running,,queue name = <scope>_<queue_name>; twin scope differs (arena),fts-mozart
queue:fts_live_icici_upi_initiate_transfer,queue,P1,real_source_mapped_not_running,,queue name = <scope>_<queue_name>; twin scope differs (arena),fts-mozart
queue:fts_live_icii_rtgs_check_transfer_status,queue,P1,real_source_mapped_not_running,,queue name = <scope>_<queue_name>; twin scope differs (arena),fts-mozart
queue:fts_live_idfc_direct_imps_check_transfer_status,queue,P1,real_source_mapped_not_running,,queue name = <scope>_<queue_name>; twin scope differs (arena),fts-mozart
queue:fts_live_idfc_direct_imps_initiate_transfer,queue,P1,real_source_mapped_not_running,,queue name = <scope>_<queue_name>; twin scope differs (arena),fts-mozart
queue:fts_live_idfc_direct_neft_check_transfer_status,queue,P1,real_source_mapped_not_running,,queue name = <scope>_<queue_name>; twin scope differs (arena),fts-mozart
queue:fts_live_idfc_direct_neft_initiate_transfer,queue,P1,real_source_mapped_not_running,,queue name = <scope>_<queue_name>; twin scope differs (arena),fts-mozart
queue:fts_live_idfc_direct_rtgs_check_transfer_status,queue,P1,real_source_mapped_not_running,,queue name = <scope>_<queue_name>; twin scope differs (arena),fts-mozart
queue:fts_live_idfc_direct_rtgs_initiate_transfer,queue,P1,real_source_mapped_not_running,,queue name = <scope>_<queue_name>; twin scope differs (arena),fts-mozart
queue:fts_live_idfc_direct_upi_check_transfer_status,queue,P1,real_source_mapped_not_running,,queue name = <scope>_<queue_name>; twin scope differs (arena),fts-mozart
queue:fts_live_idfc_direct_upi_initiate_transfer,queue,P1,real_source_mapped_not_running,,queue name = <scope>_<queue_name>; twin scope differs (arena),fts-mozart
queue:fts_live_idfc_imps_check_transfer_status,queue,P1,real_source_mapped_not_running,,queue name = <scope>_<queue_name>; twin scope differs (arena),fts-mozart
queue:fts_live_idfc_imps_initiate_transfer,queue,P1,real_source_mapped_not_running,,queue name = <scope>_<queue_name>; twin scope differs (arena),fts-mozart
queue:fts_live_idfc_imps_xp_check_transfer_status,queue,P1,real_source_mapped_not_running,,queue name = <scope>_<queue_name>; twin scope differs (arena),fts-mozart
queue:fts_live_idfc_imps_xp_initiate_transfer,queue,P1,real_source_mapped_not_running,,queue name = <scope>_<queue_name>; twin scope differs (arena),fts-mozart
queue:fts_live_idfc_neft_check_transfer_status,queue,P1,real_source_mapped_not_running,,queue name = <scope>_<queue_name>; twin scope differs (arena),fts-mozart
queue:fts_live_idfc_neft_initiate_transfer,queue,P1,real_source_mapped_not_running,,queue name = <scope>_<queue_name>; twin scope differs (arena),fts-mozart
queue:fts_live_idfc_neft_xp_check_transfer_status,queue,P1,real_source_mapped_not_running,,queue name = <scope>_<queue_name>; twin scope differs (arena),fts-mozart
queue:fts_live_idfc_neft_xp_initiate_transfer,queue,P1,real_source_mapped_not_running,,queue name = <scope>_<queue_name>; twin scope differs (arena),fts-mozart
queue:fts_live_idfc_rtgs_check_transfer_status,queue,P1,real_source_mapped_not_running,,queue name = <scope>_<queue_name>; twin scope differs (arena),fts-mozart
queue:fts_live_idfc_rtgs_initiate_transfer,queue,P1,real_source_mapped_not_running,,queue name = <scope>_<queue_name>; twin scope differs (arena),fts-mozart
queue:fts_live_idfc_rtgs_xp_check_transfer_status,queue,P1,real_source_mapped_not_running,,queue name = <scope>_<queue_name>; twin scope differs (arena),fts-mozart
queue:fts_live_idfc_rtgs_xp_initiate_transfer,queue,P1,real_source_mapped_not_running,,queue name = <scope>_<queue_name>; twin scope differs (arena),fts-mozart
queue:fts_live_idfc_upi_check_transfer_status,queue,P1,real_source_mapped_not_running,,queue name = <scope>_<queue_name>; twin scope differs (arena),fts-mozart
queue:fts_live_idfc_upi_hv_check_transfer_status,queue,P1,real_source_mapped_not_running,,queue name = <scope>_<queue_name>; twin scope differs (arena),fts-mozart
queue:fts_live_idfc_upi_hv_initiate_transfer,queue,P1,real_source_mapped_not_running,,queue name = <scope>_<queue_name>; twin scope differs (arena),fts-mozart
queue:fts_live_idfc_upi_initiate_transfer,queue,P1,real_source_mapped_not_running,,queue name = <scope>_<queue_name>; twin scope differs (arena),fts-mozart
queue:fts_live_idfc_upi_pool_hv_check_transfer_status,queue,P1,real_source_mapped_not_running,,queue name = <scope>_<queue_name>; twin scope differs (arena),fts-mozart
queue:fts_live_idfc_upi_pool_hv_initiate_transfer,queue,P1,real_source_mapped_not_running,,queue name = <scope>_<queue_name>; twin scope differs (arena),fts-mozart
queue:fts_live_initiate_transfer,queue,P0,real_source_running,redis (scope arena) consumed by fts-worker for -command=initiate_transfer,queue name = <scope>_<queue_name>; twin scope differs (arena),fts-mozart
queue:fts_live_manual_action,queue,P1,real_source_mapped_not_running,,queue name = <scope>_<queue_name>; twin scope differs (arena),fts-mozart
queue:fts_live_mcs_init_and_check_status,queue,P1,real_source_mapped_not_running,,queue name = <scope>_<queue_name>; twin scope differs (arena),fts-mozart
queue:fts_live_ocbc_initiate_transfer,queue,P1,real_source_mapped_not_running,,queue name = <scope>_<queue_name>; twin scope differs (arena),fts-mozart
queue:fts_live_one_off_db_processing,queue,P1,real_source_mapped_not_running,,queue name = <scope>_<queue_name>; twin scope differs (arena),fts-mozart
queue:fts_live_process_attempt,queue,P1,real_source_mapped_not_running,,queue name = <scope>_<queue_name>; twin scope differs (arena),fts-mozart
queue:fts_live_process_attempt_update,queue,P1,real_source_mapped_not_running,,queue name = <scope>_<queue_name>; twin scope differs (arena),fts-mozart
queue:fts_live_rbl_check_bulk_transfer_status,queue,P1,real_source_mapped_not_running,,queue name = <scope>_<queue_name>; twin scope differs (arena),fts-mozart
queue:fts_live_rbl_check_transfer_status,queue,P1,real_source_running,redis (scope arena) consumed by fts-worker for -command=rbl::check_transfer_status,queue name = <scope>_<queue_name>; twin scope differs (arena),fts-mozart
queue:fts_live_rbl_direct_check_transfer_status,queue,P1,real_source_mapped_not_running,,queue name = <scope>_<queue_name>; twin scope differs (arena),fts-mozart
queue:fts_live_rbl_direct_imps_check_transfer_status,queue,P1,real_source_running,redis (scope arena) consumed by fts-worker for -command=rbl::direct::imps::check_transfer_status,queue name = <scope>_<queue_name>; twin scope differs (arena),fts-mozart
queue:fts_live_rbl_direct_imps_hv_initiate_transfer,queue,P1,real_source_mapped_not_running,,queue name = <scope>_<queue_name>; twin scope differs (arena),fts-mozart
queue:fts_live_rbl_direct_imps_initiate_transfer,queue,P0,real_source_running,redis (scope arena) consumed by fts-worker for -command=rbl::direct::imps::initiate_transfer,queue name = <scope>_<queue_name>; twin scope differs (arena),fts-mozart
queue:fts_live_rbl_direct_initiate_transfer,queue,P1,real_source_mapped_not_running,,queue name = <scope>_<queue_name>; twin scope differs (arena),fts-mozart
queue:fts_live_rbl_direct_slow_lane_initiate_transfer,queue,P1,real_source_mapped_not_running,,queue name = <scope>_<queue_name>; twin scope differs (arena),fts-mozart
queue:fts_live_rbl_direct_upi_check_transfer_status,queue,P1,real_source_mapped_not_running,,queue name = <scope>_<queue_name>; twin scope differs (arena),fts-mozart
queue:fts_live_rbl_direct_upi_initiate_transfer,queue,P1,real_source_mapped_not_running,,queue name = <scope>_<queue_name>; twin scope differs (arena),fts-mozart
queue:fts_live_rbl_imps_check_transfer_status,queue,P1,real_source_running,redis (scope arena) consumed by fts-worker for -command=rbl::imps::check_transfer_status,queue name = <scope>_<queue_name>; twin scope differs (arena),fts-mozart
queue:fts_live_rbl_imps_initiate_transfer,queue,P0,real_source_running,redis (scope arena) consumed by fts-worker for -command=rbl::imps::initiate_transfer,queue name = <scope>_<queue_name>; twin scope differs (arena),fts-mozart
queue:fts_live_rbl_initiate_attempt_bulk,queue,P1,real_source_mapped_not_running,,queue name = <scope>_<queue_name>; twin scope differs (arena),fts-mozart
queue:fts_live_rbl_initiate_transfer,queue,P1,real_source_running,redis (scope arena) consumed by fts-worker for -command=rbl::initiate_transfer,queue name = <scope>_<queue_name>; twin scope differs (arena),fts-mozart
queue:fts_live_rbl_process_attempt_bulk,queue,P1,real_source_mapped_not_running,,queue name = <scope>_<queue_name>; twin scope differs (arena),fts-mozart
queue:fts_live_rbl_upi_check_transfer_status,queue,P1,real_source_mapped_not_running,,queue name = <scope>_<queue_name>; twin scope differs (arena),fts-mozart
queue:fts_live_rbl_upi_hv_check_transfer_status,queue,P1,real_source_mapped_not_running,,queue name = <scope>_<queue_name>; twin scope differs (arena),fts-mozart
queue:fts_live_rbl_upi_hv_initiate_transfer,queue,P1,real_source_mapped_not_running,,queue name = <scope>_<queue_name>; twin scope differs (arena),fts-mozart
queue:fts_live_rbl_upi_initiate_transfer,queue,P1,real_source_mapped_not_running,,queue name = <scope>_<queue_name>; twin scope differs (arena),fts-mozart
queue:fts_live_rbl_v4_init_and_check_status,queue,P1,real_source_mapped_not_running,,queue name = <scope>_<queue_name>; twin scope differs (arena),fts-mozart
queue:fts_live_register_beneficiary,queue,P1,real_source_mapped_not_running,,queue name = <scope>_<queue_name>; twin scope differs (arena),fts-mozart
queue:fts_live_retry_preprocessor_status_update,queue,P1,real_source_mapped_not_running,,queue name = <scope>_<queue_name>; twin scope differs (arena),fts-mozart
queue:fts_live_retry_transfer,queue,P0,real_source_running,redis (scope arena) consumed by fts-worker for -command=retry_transfer,queue name = <scope>_<queue_name>; twin scope differs (arena),fts-mozart
queue:fts_live_retry_transfer_preprocessor,queue,P1,real_source_running,redis (scope arena) consumed by fts-worker for -command=retry_transfer_preprocessor,queue name = <scope>_<queue_name>; twin scope differs (arena),fts-mozart
queue:fts_live_retry_transfer_source_update,queue,P1,real_source_running,redis (scope arena) consumed by fts-worker for -command=retry_transfer_source_update,queue name = <scope>_<queue_name>; twin scope differs (arena),fts-mozart
queue:fts_live_slice_direct_imps_check_transfer_status,queue,P1,real_source_mapped_not_running,,queue name = <scope>_<queue_name>; twin scope differs (arena),fts-mozart
queue:fts_live_slice_direct_imps_initiate_transfer,queue,P1,real_source_mapped_not_running,,queue name = <scope>_<queue_name>; twin scope differs (arena),fts-mozart
queue:fts_live_slice_direct_neft_check_transfer_status,queue,P1,real_source_mapped_not_running,,queue name = <scope>_<queue_name>; twin scope differs (arena),fts-mozart
queue:fts_live_slice_direct_neft_initiate_transfer,queue,P1,real_source_mapped_not_running,,queue name = <scope>_<queue_name>; twin scope differs (arena),fts-mozart
queue:fts_live_slice_direct_rtgs_check_transfer_status,queue,P1,real_source_mapped_not_running,,queue name = <scope>_<queue_name>; twin scope differs (arena),fts-mozart
queue:fts_live_slice_direct_rtgs_initiate_transfer,queue,P1,real_source_mapped_not_running,,queue name = <scope>_<queue_name>; twin scope differs (arena),fts-mozart
queue:fts_live_slice_direct_upi_check_transfer_status,queue,P1,real_source_mapped_not_running,,queue name = <scope>_<queue_name>; twin scope differs (arena),fts-mozart
queue:fts_live_slice_direct_upi_initiate_transfer,queue,P1,real_source_mapped_not_running,,queue name = <scope>_<queue_name>; twin scope differs (arena),fts-mozart
queue:fts_live_slice_imps_check_transfer_status,queue,P1,real_source_mapped_not_running,,queue name = <scope>_<queue_name>; twin scope differs (arena),fts-mozart
queue:fts_live_slice_imps_initiate_transfer,queue,P1,real_source_mapped_not_running,,queue name = <scope>_<queue_name>; twin scope differs (arena),fts-mozart
queue:fts_live_slice_neft_check_transfer_status,queue,P1,real_source_mapped_not_running,,queue name = <scope>_<queue_name>; twin scope differs (arena),fts-mozart
queue:fts_live_slice_neft_initiate_transfer,queue,P1,real_source_mapped_not_running,,queue name = <scope>_<queue_name>; twin scope differs (arena),fts-mozart
queue:fts_live_slice_rtgs_check_transfer_status,queue,P1,real_source_mapped_not_running,,queue name = <scope>_<queue_name>; twin scope differs (arena),fts-mozart
queue:fts_live_slice_rtgs_initiate_transfer,queue,P1,real_source_mapped_not_running,,queue name = <scope>_<queue_name>; twin scope differs (arena),fts-mozart
queue:fts_live_slice_upi_check_transfer_status,queue,P1,real_source_mapped_not_running,,queue name = <scope>_<queue_name>; twin scope differs (arena),fts-mozart
queue:fts_live_slice_upi_initiate_transfer,queue,P1,real_source_mapped_not_running,,queue name = <scope>_<queue_name>; twin scope differs (arena),fts-mozart
queue:fts_live_slice_v1_imps_check_transfer_status,queue,P1,real_source_mapped_not_running,,queue name = <scope>_<queue_name>; twin scope differs (arena),fts-mozart
queue:fts_live_slice_v1_imps_initiate_transfer,queue,P1,real_source_mapped_not_running,,queue name = <scope>_<queue_name>; twin scope differs (arena),fts-mozart
queue:fts_live_slice_v1_upi_check_transfer_status,queue,P1,real_source_mapped_not_running,,queue name = <scope>_<queue_name>; twin scope differs (arena),fts-mozart
queue:fts_live_slice_v1_upi_initiate_transfer,queue,P1,real_source_mapped_not_running,,queue name = <scope>_<queue_name>; twin scope differs (arena),fts-mozart
queue:fts_live_slow_lane_initiate_transfer,queue,P1,real_source_mapped_not_running,,queue name = <scope>_<queue_name>; twin scope differs (arena),fts-mozart
queue:fts_live_verify_beneficiary,queue,P1,real_source_mapped_not_running,,queue name = <scope>_<queue_name>; twin scope differs (arena),fts-mozart
queue:fts_live_yesbank_direct_upi_check_transfer_status,queue,P1,real_source_mapped_not_running,,queue name = <scope>_<queue_name>; twin scope differs (arena),fts-mozart
queue:fts_live_yesbank_direct_upi_initiate_transfer,queue,P1,real_source_mapped_not_running,,queue name = <scope>_<queue_name>; twin scope differs (arena),fts-mozart
queue:fts_live_yesbank_imps_check_transfer_status,queue,P1,real_source_mapped_not_running,,queue name = <scope>_<queue_name>; twin scope differs (arena),fts-mozart
queue:fts_live_yesbank_imps_hv_check_transfer_status,queue,P1,real_source_mapped_not_running,,queue name = <scope>_<queue_name>; twin scope differs (arena),fts-mozart
queue:fts_live_yesbank_imps_hv_initiate_transfer,queue,P1,real_source_mapped_not_running,,queue name = <scope>_<queue_name>; twin scope differs (arena),fts-mozart
queue:fts_live_yesbank_initiate_transfer,queue,P1,real_source_mapped_not_running,,queue name = <scope>_<queue_name>; twin scope differs (arena),fts-mozart
queue:fts_live_yesbank_neft_check_transfer_status,queue,P1,real_source_mapped_not_running,,queue name = <scope>_<queue_name>; twin scope differs (arena),fts-mozart
queue:fts_live_yesbank_neft_hv_check_transfer_status,queue,P1,real_source_mapped_not_running,,queue name = <scope>_<queue_name>; twin scope differs (arena),fts-mozart
queue:fts_live_yesbank_neft_hv_initiate_transfer,queue,P1,real_source_mapped_not_running,,queue name = <scope>_<queue_name>; twin scope differs (arena),fts-mozart
queue:fts_live_yesbank_neft_initiate_transfer,queue,P1,real_source_mapped_not_running,,queue name = <scope>_<queue_name>; twin scope differs (arena),fts-mozart
queue:fts_live_yesbank_neft_lv_check_transfer_status,queue,P1,real_source_mapped_not_running,,queue name = <scope>_<queue_name>; twin scope differs (arena),fts-mozart
queue:fts_live_yesbank_neft_lv_initiate_transfer,queue,P1,real_source_mapped_not_running,,queue name = <scope>_<queue_name>; twin scope differs (arena),fts-mozart
queue:fts_live_yesbank_rtgs_check_transfer_status,queue,P1,real_source_mapped_not_running,,queue name = <scope>_<queue_name>; twin scope differs (arena),fts-mozart
queue:fts_live_yesbank_rtgs_initiate_transfer,queue,P1,real_source_mapped_not_running,,queue name = <scope>_<queue_name>; twin scope differs (arena),fts-mozart
queue:fts_live_yesbank_rx_wallet_check_transfer_status,queue,P1,real_source_mapped_not_running,,queue name = <scope>_<queue_name>; twin scope differs (arena),fts-mozart
queue:fts_live_yesbank_rx_wallet_imps_check_transfer_status,queue,P1,real_source_mapped_not_running,,queue name = <scope>_<queue_name>; twin scope differs (arena),fts-mozart
queue:fts_live_yesbank_rx_wallet_imps_initiate_transfer,queue,P1,real_source_mapped_not_running,,queue name = <scope>_<queue_name>; twin scope differs (arena),fts-mozart
queue:fts_live_yesbank_rx_wallet_initiate_transfer,queue,P1,real_source_mapped_not_running,,queue name = <scope>_<queue_name>; twin scope differs (arena),fts-mozart
queue:fts_live_yesbank_upi_check_transfer_status,queue,P1,real_source_mapped_not_running,,queue name = <scope>_<queue_name>; twin scope differs (arena),fts-mozart
queue:fts_live_yesbank_upi_hv_check_transfer_status,queue,P1,real_source_mapped_not_running,,queue name = <scope>_<queue_name>; twin scope differs (arena),fts-mozart
queue:fts_live_yesbank_upi_hv_initiate_transfer,queue,P1,real_source_mapped_not_running,,queue name = <scope>_<queue_name>; twin scope differs (arena),fts-mozart
queue:fts_live_yesbank_upi_initiate_transfer,queue,P1,real_source_mapped_not_running,,queue name = <scope>_<queue_name>; twin scope differs (arena),fts-mozart
queue:fts_live_yesbank_v2_imps_check_transfer_status,queue,P1,real_source_mapped_not_running,,queue name = <scope>_<queue_name>; twin scope differs (arena),fts-mozart
queue:fts_live_yesbank_v2_imps_initiate_transfer,queue,P1,real_source_mapped_not_running,,queue name = <scope>_<queue_name>; twin scope differs (arena),fts-mozart
queue:fts_live_yesbank_v3_imps_check_transfer_status,queue,P1,real_source_mapped_not_running,,queue name = <scope>_<queue_name>; twin scope differs (arena),fts-mozart
queue:fts_live_yesbank_v3_imps_initiate_transfer,queue,P1,real_source_mapped_not_running,,queue name = <scope>_<queue_name>; twin scope differs (arena),fts-mozart
queue:fts_live_yesbank_v3_neft_check_transfer_status,queue,P1,real_source_mapped_not_running,,queue name = <scope>_<queue_name>; twin scope differs (arena),fts-mozart
queue:fts_live_yesbank_v3_neft_initiate_transfer,queue,P1,real_source_mapped_not_running,,queue name = <scope>_<queue_name>; twin scope differs (arena),fts-mozart
queue:fts_live_yesbank_v3_rtgs_check_transfer_status,queue,P1,real_source_mapped_not_running,,queue name = <scope>_<queue_name>; twin scope differs (arena),fts-mozart
queue:fts_live_yesbank_v3_rtgs_initiate_transfer,queue,P1,real_source_mapped_not_running,,queue name = <scope>_<queue_name>; twin scope differs (arena),fts-mozart
queue:prod-account-validation-fts-pennydrop-processor,queue,P1,graph_only,,,external-config-deploy
queue:prod-api-payout-service-dual-write-direct-push-live,queue,P1,graph_only,,no consumer running in the twin,payouts-core
queue:prod-api-payout-source-updater-live,queue,P0,high_fidelity_replacement,localstack SQS queue created by ENV2_COMPOSE,the consuming worker runs in the twin against localstack SQS,payouts-core
queue:prod-api-validation-dual-write-live,queue,P1,graph_only,,"no Stork/ValidX queue exists in the twin; stork-capture delivers inline, single-attempt",external-config-deploy
queue:prod-ledger-account-create-live,queue,P1,real_source_running,localstack queue account_create,,money-and-statements
queue:prod-ledger-balance-update-live,queue,P1,real_source_running,localstack queue balance_update,,money-and-statements
queue:prod-ledger-balance-update-pg-live,queue,P1,real_source_mapped_not_running,localstack queue balance_update_pg,,money-and-statements
queue:prod-ledger-entry-details-create-live,queue,P1,real_source_running,localstack queue ledger_entry_details_create,,money-and-statements
queue:prod-ledger-entry-details-create-pg-live,queue,P1,real_source_running,localstack queue ledger_entry_details_create_pg,,money-and-statements
queue:prod-ledger-journal-create-live,queue,P1,real_source_running,localstack queue journal_create,,money-and-statements
queue:prod-payouts-async-dual-write-live,queue,P1,high_fidelity_replacement,localstack SQS queue created by ENV2_COMPOSE,the consuming worker runs in the twin against localstack SQS,payouts-core
queue:prod-payouts-batch-submitted-merchants-live,queue,P0,graph_only,,no consumer running in the twin,payouts-core
queue:prod-payouts-bulk-payouts-live,queue,P0,graph_only,,no consumer running in the twin,payouts-core
queue:prod-payouts-data-consistency-checker-processing-live,queue,P1,graph_only,,no consumer running in the twin,payouts-core
queue:prod-payouts-data-consistency-event-processing-live,queue,P1,graph_only,,no consumer running in the twin,payouts-core
queue:prod-payouts-fmp-check-live,queue,P1,graph_only,,no consumer running in the twin,payouts-core
queue:prod-payouts-fmp-initiate-live,queue,P1,graph_only,,no consumer running in the twin,payouts-core
queue:prod-payouts-fts-async-hv-processing-live,queue,P0,high_fidelity_replacement,localstack SQS queue created by ENV2_COMPOSE,the consuming worker runs in the twin against localstack SQS,payouts-core
queue:prod-payouts-fts-async-processing-live,queue,P0,high_fidelity_replacement,localstack SQS queue created by ENV2_COMPOSE,the consuming worker runs in the twin against localstack SQS,payouts-core
queue:prod-payouts-generic-processing-live,queue,P1,high_fidelity_replacement,localstack SQS queue created by ENV2_COMPOSE,the consuming worker runs in the twin against localstack SQS,payouts-core
queue:prod-payouts-on-hold-processing-live,queue,P0,high_fidelity_replacement,localstack SQS queue created by ENV2_COMPOSE,the consuming worker runs in the twin against localstack SQS,payouts-core
queue:prod-payouts-partner-bank-on-hold-payouts-live,queue,P0,high_fidelity_replacement,localstack SQS queue created by ENV2_COMPOSE,the consuming worker runs in the twin against localstack SQS,payouts-core
queue:prod-payouts-payout-create-failure-handling-live,queue,P0,high_fidelity_replacement,localstack SQS queue created by ENV2_COMPOSE,the consuming worker runs in the twin against localstack SQS,payouts-core
queue:prod-payouts-payout-update-failure-handling-live,queue,P0,high_fidelity_replacement,localstack SQS queue created by ENV2_COMPOSE,the consuming worker runs in the twin against localstack SQS,payouts-core
queue:prod-payouts-payout-usage-event-processing-live,queue,P1,graph_only,,no consumer running in the twin,payouts-core
queue:prod-payouts-queued-processing-live,queue,P0,high_fidelity_replacement,localstack SQS queue created by ENV2_COMPOSE,the consuming worker runs in the twin against localstack SQS,payouts-core
queue:prod-payouts-rbl-banking-account-statement-live,queue,P1,high_fidelity_replacement,localstack SQS queue created by ENV2_COMPOSE,the consuming worker runs in the twin against localstack SQS,payouts-core
queue:prod-payouts-schedule-processing-live,queue,P0,high_fidelity_replacement,localstack SQS queue created by ENV2_COMPOSE,the consuming worker runs in the twin against localstack SQS,payouts-core
queue:prod-payouts-transaction-create-live,queue,P0,high_fidelity_replacement,localstack SQS queue created by ENV2_COMPOSE,the consuming worker runs in the twin against localstack SQS,payouts-core
queue:prod-payouts-webhook-event-live,queue,P0,high_fidelity_replacement,localstack SQS queue created by ENV2_COMPOSE,the consuming worker runs in the twin against localstack SQS,payouts-core
queue:prod-stork-email,queue,P1,graph_only,,,external-config-deploy
queue:prod-stork-pushn,queue,P1,graph_only,,,external-config-deploy
queue:prod-stork-reminders-webhook-p1,queue,P1,graph_only,,"no Stork/ValidX queue exists in the twin; stork-capture delivers inline, single-attempt",external-config-deploy
queue:prod-stork-reminders-webhook-p2,queue,P1,graph_only,,"no Stork/ValidX queue exists in the twin; stork-capture delivers inline, single-attempt",external-config-deploy
queue:prod-stork-service-explicit-sms,queue,P1,graph_only,,,external-config-deploy
queue:prod-stork-sms,queue,P1,graph_only,,"no Stork/ValidX queue exists in the twin; stork-capture delivers inline, single-attempt",external-config-deploy
queue:prod-stork-ticker-webhook-fifo-p1.fifo,queue,P1,graph_only,,"no Stork/ValidX queue exists in the twin; stork-capture delivers inline, single-attempt",external-config-deploy
queue:prod-stork-ticker-webhook-p1,queue,P1,graph_only,,"no Stork/ValidX queue exists in the twin; stork-capture delivers inline, single-attempt",external-config-deploy
queue:prod-stork-webhook,queue,P1,graph_only,,,external-config-deploy
queue:prod-stork-webhook-dlq,queue,P1,graph_only,,"no Stork/ValidX queue exists in the twin; stork-capture delivers inline, single-attempt",external-config-deploy
queue:prod-stork-webhook-p0,queue,P0,graph_only,,"no Stork/ValidX queue exists in the twin; stork-capture delivers inline, single-attempt",external-config-deploy
queue:prod-stork-webhook-p1,queue,P1,graph_only,,"no Stork/ValidX queue exists in the twin; stork-capture delivers inline, single-attempt",external-config-deploy
queue:prod-stork-webhook-p2,queue,P1,graph_only,,"no Stork/ValidX queue exists in the twin; stork-capture delivers inline, single-attempt",external-config-deploy
queue:prod-stork-whatsapp,queue,P1,graph_only,,,external-config-deploy
queue:prod-stork-whatsapp-inbound,queue,P1,graph_only,,,external-config-deploy
queue:prod-validation-cache-initiate,queue,P1,graph_only,,,external-config-deploy
queue:prod-validation-citi-penniless-initiate,queue,P1,graph_only,,,external-config-deploy
queue:prod-validation-citi-penniless-inquiry,queue,P1,graph_only,,,external-config-deploy
queue:prod-validation-citi-rpd-inquiry,queue,P1,graph_only,,,external-config-deploy
queue:prod-validation-failure-handling,queue,P1,graph_only,,,external-config-deploy
queue:prod-validation-pennydrop-initiate,queue,P1,graph_only,,,external-config-deploy
queue:prod-validation-rpd-refund-inquiry,queue,P1,graph_only,,,external-config-deploy
queue:prod-validation-slice-penniless-initiate,queue,P1,graph_only,,,external-config-deploy
queue:prod-validation-slice-penniless-inquiry,queue,P1,graph_only,,,external-config-deploy
queue:prod-validation-webhook-process,queue,P1,graph_only,,,external-config-deploy
queue:prod-x-account-statement-source-event,queue,P0,high_fidelity_replacement,localstack x_account_statement_source_event (PS [job] key present),no consumer running in the twin,money-and-statements;payouts-core
queue:prod-x-account-statements-account-activation-event,queue,P1,real_source_mapped_not_running,,,money-and-statements
queue:prod-x-account-statements-enrichment-sqs,queue,P0,real_source_mapped_not_running,,,money-and-statements
queue:prod-x-account-statements-fetch-axis-sqs,queue,P1,real_source_mapped_not_running,,,money-and-statements
queue:prod-x-account-statements-fetch-icici-sqs,queue,P1,real_source_mapped_not_running,,,money-and-statements
queue:prod-x-account-statements-fetch-idfc-sqs,queue,P1,real_source_mapped_not_running,,,money-and-statements
queue:prod-x-account-statements-fetch-slice-sqs,queue,P1,real_source_mapped_not_running,,,money-and-statements
queue:prod-x-account-statements-fetch-sqs,queue,P0,real_source_mapped_not_running,,,money-and-statements
queue:prod-x-account-statements-fetch-ybl-sqs,queue,P1,real_source_mapped_not_running,,,money-and-statements
queue:prod-x-account-statements-migration,queue,P2,real_source_mapped_not_running,,,money-and-statements
queue:prod-x-account-statements-save-and-enrich-sqs,queue,P1,real_source_mapped_not_running,,,money-and-statements
queue:prod-x-balances-balance-refresh-live,queue,P0,high_fidelity_replacement,localstack SQS queue created by ENV2_COMPOSE,the consuming worker runs in the twin against localstack SQS,payouts-core
queue:prod-x-balances-payout-event,queue,P1,graph_only,,no consumer running in the twin,payouts-core
queue:x-account-statements-account-activation-event,queue,P1,real_source_mapped_not_running,,,money-and-statements
queue:x-balances-account-activation-event,queue,P1,real_source_mapped_not_running,,,money-and-statements
queue:x-balances-axis-balance-update-live,queue,P1,real_source_mapped_not_running,in-memory only,,money-and-statements
queue:x-balances-balance-refresh-live,queue,P1,real_source_running,"localstack stage-x-balances-balance-refresh-live (consumer up, no producer)",,money-and-statements
queue:x-balances-icici-balance-update-live,queue,P1,real_source_mapped_not_running,in-memory only,,money-and-statements
queue:x-balances-idfc-balance-update-live,queue,P1,real_source_mapped_not_running,in-memory only,,money-and-statements
queue:x-balances-payout-event,queue,P1,real_source_mapped_not_running,localstack stage-x-balances-payouts-event (name mismatch vs consumer),,money-and-statements
queue:x-balances-rbl-balance-update-live,queue,P1,real_source_mapped_not_running,in-memory only,,money-and-statements
queue:x-balances-rbl-priority-balance-update-live,queue,P1,real_source_mapped_not_running,,,money-and-statements
queue:x-balances-slice-balance-update-live,queue,P1,real_source_mapped_not_running,in-memory only,,money-and-statements
queue:x-balances-yesbank-balance-update-live,queue,P1,real_source_mapped_not_running,in-memory only,,money-and-statements
repo:accounting-integrations,repository,P2,real_source_mapped_not_running,,not built or stubbed in the twin,external-config-deploy
repo:admin-dashboard,repository,P2,graph_only,,,identity-ingress
repo:alert-rules,repository,P1,graph_only,,observability inventory; nothing in the twin evaluates these rules,external-config-deploy
repo:api,repository,P0,behavioural_placeholder,ENV2_COMPOSE/substitutes/monolith-stub (internal callback surface only),ENV2_COMPOSE/substitutes/monolith-stub/server.py:1080-1112 implements only PS->monolith internal routes; no ingress route is served,identity-ingress
repo:authz,repository,P1,graph_only,,,identity-ingress
repo:banking-accounts,repository,P1,real_source_mapped_not_running,,,money-and-statements
repo:batch,repository,P0,real_source_mapped_not_running,ENV2_COMPOSE/substitutes/batch-sim,The Java service is never built or run in the twin; substitutes/batch-sim stands in for its payout batch types,identity-ingress
repo:cfa,repository,P1,real_source_running,reports/implementation/BUILD_PROVENANCE.md,"reports/implementation/BUILD_PROVENANCE.md (all 5 built exit 0, GOPROXY=off, 0 unresolved secret findings); ENV2_COMPOSE/.runtime/arena-fingerprint.json images{}",money-and-statements;twin-inventory
repo:charge-collections,repository,P1,real_source_mapped_not_running,sub:monolith-stub (fetch_pricing_info) / sub:pricing-stub (unused alias),"twin resolves fees through monolith-stub, not through CC; ccsdk.mock=true",external-config-deploy
repo:config-proto,repository,P0,real_source_mapped_not_running,seeds/dcs/merchants.json,schema source for every rzp/x/merchant/payouts/* DCS object,external-config-deploy
repo:dcs,repository,P0,real_source_mapped_not_running,sub:dcs-stub,kv service source readable; twin runs dcs-stub with a real proto3 wire encoder,external-config-deploy
repo:edge,repository,P0,behavioural_placeholder,ENV2_COMPOSE/substitutes/kong-lite,kong-lite mints a reduced passport (server.py:150-174): no payloadhash/credential/merchant.id/impersonation/aud claims,identity-ingress
repo:fts,repository,P0,real_source_running,reports/implementation/BUILD_PROVENANCE.md,"reports/implementation/BUILD_PROVENANCE.md (all 5 built exit 0, GOPROXY=off, 0 unresolved secret findings); ENV2_COMPOSE/.runtime/arena-fingerprint.json images{}",fts-mozart;twin-inventory
repo:goutils,repository,P1,graph_only,,,identity-ingress
repo:governor,repository,P1,real_source_mapped_not_running,,twin blackholes [ccSdk]/governor to http://127.0.0.1:1 (DEV-010); no substitute,external-config-deploy
repo:governor-executor,repository,P2,real_source_mapped_not_running,,Go library imported by governor and charge-collections; not a service,external-config-deploy
repo:kube-manifests,repository,P0,graph_only,ENV2_COMPOSE/docker-compose.yml,deployment inventory source; not executed,external-config-deploy
repo:ledger,repository,P0,real_source_running,reports/implementation/BUILD_PROVENANCE.md,"reports/implementation/BUILD_PROVENANCE.md (all 5 built exit 0, GOPROXY=off, 0 unresolved secret findings); ENV2_COMPOSE/.runtime/arena-fingerprint.json images{}",money-and-statements;twin-inventory
repo:ledger-sdk,repository,P1,real_source_mapped_not_running,,,money-and-statements
repo:mozart,repository,P0,real_source_mapped_not_running,ENV2_COMPOSE mozart-mock service under opt-in profile mozart-real (off by default),source clone readable in .local/repos-root (ACCESS_DELTA 2026-09-04) and mapped in this graph; no real binary runs in the twin. ENV2_COMPOSE/substitutes/mozart-sim/CONTRACT.md: real mozart build fails on private module; mozart-sim is the primary substitute,fts-mozart
repo:payments-upi,repository,P2,real_source_mapped_not_running,,twin blackholes [ups] to http://127.0.0.1:1 (DEV-010); no substitute,external-config-deploy
repo:payout-links,repository,P1,real_source_mapped_not_running,,not built or stubbed in the twin,external-config-deploy
repo:payouts,repository,P0,real_source_running,reports/implementation/BUILD_PROVENANCE.md,"reports/implementation/BUILD_PROVENANCE.md (all 5 built exit 0, GOPROXY=off, 0 unresolved secret findings); ENV2_COMPOSE/.runtime/arena-fingerprint.json images{}",payouts-core;twin-inventory
repo:proto,repository,P1,real_source_mapped_not_running,,contract source for stork/validx/x-* wire schemas,external-config-deploy
repo:recon,repository,P1,real_source_mapped_not_running,,,money-and-statements
repo:shield-sdk,repository,P0,real_source_mapped_not_running,sub:shield-stub,library only; the Shield service repo is not cloned (~6.7GB),external-config-deploy
repo:spinacode,repository,P2,graph_only,,deployment-pipeline inventory only,external-config-deploy
repo:splitz,repository,P1,real_source_mapped_not_running,sub:splitz-stub,"experiment definitions live only in Splitz's MySQL, never in the repo",external-config-deploy
repo:stork,repository,P0,real_source_mapped_not_running,sub:stork-capture,Go monorepo; not built in the twin -- ENV2_COMPOSE/substitutes/stork-capture stands in,external-config-deploy
repo:terraform-kong,repository,P1,graph_only,,,identity-ingress
repo:validx,repository,P1,real_source_mapped_not_running,,no substitute in the twin; payouts never calls ValidX directly (FAV goes via the monolith),external-config-deploy
repo:vendor-payments,repository,P1,real_source_mapped_not_running,,not built or stubbed in the twin,external-config-deploy
repo:virtual-account,repository,P2,real_source_mapped_not_running,,not built or stubbed in the twin,external-config-deploy;money-and-statements
repo:workflows,repository,P0,real_source_mapped_not_running,ENV2_COMPOSE/substitutes/workflow-engine (M5 reconstruction) + substitutes/workflow-sim,Real repo readable at 080d71a but never built/run in the twin; the twin runs the reconstructed wfengine instead,identity-ingress
repo:x,repository,P2,graph_only,,,identity-ingress
repo:x-account-statements,repository,P1,real_source_mapped_not_running,,,money-and-statements
repo:x-balances,repository,P0,real_source_running,reports/implementation/BUILD_PROVENANCE.md,"reports/implementation/BUILD_PROVENANCE.md (all 5 built exit 0, GOPROXY=off, 0 unresolved secret findings); ENV2_COMPOSE/.runtime/arena-fingerprint.json images{}",money-and-statements;twin-inventory
repo:xperience,repository,P0,real_source_mapped_not_running,,Not present in ENV2_COMPOSE; the whole xperience bulk-payout lifecycle is absent from the twin,identity-ingress
role:admin,role,P1,graph_only,,No role model exists in the twin; kong-lite passes seeds/merchants.json roles through verbatim,identity-ingress
role:admin-permission-set,role,P1,graph_only,,,identity-ingress
role:authorised_signatory,role,P2,graph_only,,No role model exists in the twin; kong-lite passes seeds/merchants.json roles through verbatim,identity-ingress
role:bank_mid_office_manager,role,P2,graph_only,,No role model exists in the twin; kong-lite passes seeds/merchants.json roles through verbatim,identity-ingress
role:bank_mid_office_poc,role,P2,graph_only,,No role model exists in the twin; kong-lite passes seeds/merchants.json roles through verbatim,identity-ingress
role:banking_readonly,role,P2,graph_only,,No role model exists in the twin; kong-lite passes seeds/merchants.json roles through verbatim,identity-ingress
role:cc_admin,role,P2,graph_only,,No role model exists in the twin; kong-lite passes seeds/merchants.json roles through verbatim,identity-ingress
role:chartered_accountant,role,P2,graph_only,,No role model exists in the twin; kong-lite passes seeds/merchants.json roles through verbatim,identity-ingress
role:checker_l1,role,P2,graph_only,,No role model exists in the twin; kong-lite passes seeds/merchants.json roles through verbatim,identity-ingress
role:checker_l2,role,P2,graph_only,,No role model exists in the twin; kong-lite passes seeds/merchants.json roles through verbatim,identity-ingress
role:checker_l3,role,P2,graph_only,,No role model exists in the twin; kong-lite passes seeds/merchants.json roles through verbatim,identity-ingress
role:finance,role,P2,graph_only,,No role model exists in the twin; kong-lite passes seeds/merchants.json roles through verbatim,identity-ingress
role:finance_l1,role,P1,graph_only,,No role model exists in the twin; kong-lite passes seeds/merchants.json roles through verbatim,identity-ingress
role:finance_l2,role,P1,graph_only,,No role model exists in the twin; kong-lite passes seeds/merchants.json roles through verbatim,identity-ingress
role:finance_l3,role,P1,graph_only,,No role model exists in the twin; kong-lite passes seeds/merchants.json roles through verbatim,identity-ingress
role:maker,role,P2,graph_only,,No role model exists in the twin; kong-lite passes seeds/merchants.json roles through verbatim,identity-ingress
role:maker_admin,role,P2,graph_only,,No role model exists in the twin; kong-lite passes seeds/merchants.json roles through verbatim,identity-ingress
role:operations,role,P2,graph_only,,No role model exists in the twin; kong-lite passes seeds/merchants.json roles through verbatim,identity-ingress
role:owner,role,P1,graph_only,,No role model exists in the twin; kong-lite passes seeds/merchants.json roles through verbatim,identity-ingress
role:payout_approve_reject_view,role,P1,graph_only,,,identity-ingress
role:petty_cash_employee,role,P2,graph_only,,No role model exists in the twin; kong-lite passes seeds/merchants.json roles through verbatim,identity-ingress
role:vendor,role,P2,graph_only,,No role model exists in the twin; kong-lite passes seeds/merchants.json roles through verbatim,identity-ingress
role:view_only,role,P2,graph_only,,No role model exists in the twin; kong-lite passes seeds/merchants.json roles through verbatim,identity-ingress
role:viewer,role,P2,graph_only,,No role model exists in the twin; kong-lite passes seeds/merchants.json roles through verbatim,identity-ingress
role:workflow-role-set,role,P0,behavioural_placeholder,"ENV2_COMPOSE/substitutes/workflow-engine/wfengine/schema.sql:38-48 (policies.eligible_approvers, a CSV of actor ids)","wfengine models eligibility as an explicit actor-id set plus a flat 'approver' role, not as role_id x approval_count per step",identity-ingress
route:api-monolith/ANY service/batch/{path?},route,P1,graph_only,,No api-monolith ingress route is served in the twin (monolith-stub/server.py:1080-1112 has none),identity-ingress
route:api-monolith/DELETE workflow/config,route,P1,graph_only,,No api-monolith ingress route is served in the twin (monolith-stub/server.py:1080-1112 has none),identity-ingress
route:api-monolith/GET /v1/payouts_internal/{id}/source_event_info,route,P1,high_fidelity_replacement,monolith-stub / xas-sim _source_event_fetch,,money-and-statements
route:api-monolith/GET admin/payouts/{balance_id}/free_payout,route,P0,high_fidelity_replacement,ENV2_COMPOSE/substitutes/api-ingress/server.py,served by api-ingress (contract/routes.json 'admin_get_free_payouts_attributes'); PS upstream GET /v1/admin/payouts/:balance_id/free_payout,m7-ingress
route:api-monolith/GET banking_accounts_internal,route,P0,high_fidelity_replacement,ENV2_COMPOSE/substitutes/api-ingress/server.py,served by api-ingress (contract/routes.json 'banking_accounts_list_internal'); PS upstream ingress-owned record,m7-ingress
route:api-monolith/GET batches/{id},route,P0,graph_only,,No api-monolith ingress route is served in the twin (monolith-stub/server.py:1080-1112 has none),identity-ingress
route:api-monolith/GET contacts_internal,route,P0,high_fidelity_replacement,ENV2_COMPOSE/substitutes/api-ingress/server.py,served by api-ingress (contract/routes.json 'contact_list_internal'); PS upstream ingress-owned record,m7-ingress
route:api-monolith/GET contacts_internal/{id},route,P0,high_fidelity_replacement,ENV2_COMPOSE/substitutes/api-ingress/server.py,served by api-ingress (contract/routes.json 'contact_get_internal'); PS upstream ingress-owned record,m7-ingress
route:api-monolith/GET fund_accounts_internal,route,P0,high_fidelity_replacement,ENV2_COMPOSE/substitutes/api-ingress/server.py,served by api-ingress (contract/routes.json 'fund_account_list_internal'); PS upstream ingress-owned record,m7-ingress
route:api-monolith/GET fund_accounts_internal/{id},route,P0,high_fidelity_replacement,ENV2_COMPOSE/substitutes/api-ingress/server.py,served by api-ingress (contract/routes.json 'fund_account_get_internal'); PS upstream ingress-owned record,m7-ingress
route:api-monolith/GET payouts,route,P0,high_fidelity_replacement,ENV2_COMPOSE/substitutes/api-ingress/server.py,served by api-ingress (contract/routes.json 'payout_fetch_multiple'); PS upstream GET /v1/payouts,identity-ingress;m7-ingress
route:api-monolith/GET payouts/_meta/wf_config,route,P1,graph_only,,No api-monolith ingress route is served in the twin (monolith-stub/server.py:1080-1112 has none),identity-ingress
route:api-monolith/GET payouts/all,route,P2,graph_only,,No api-monolith ingress route is served in the twin (monolith-stub/server.py:1080-1112 has none),identity-ingress
route:api-monolith/GET payouts/{id},route,P0,high_fidelity_replacement,ENV2_COMPOSE/substitutes/api-ingress/server.py,served by api-ingress (contract/routes.json 'payout_fetch_by_id'); PS upstream GET /v1/payouts/:id,identity-ingress;m7-ingress
route:api-monolith/GET payouts_internal/{id},route,P0,high_fidelity_replacement,ENV2_COMPOSE/substitutes/api-ingress/server.py,served by api-ingress (contract/routes.json 'payout_fetch_by_id_internal'); PS upstream GET /v1/payouts/payouts_internal/:payout_id,m7-ingress
route:api-monolith/GET wf-service/configs/{id},route,P2,graph_only,,No api-monolith ingress route is served in the twin (monolith-stub/server.py:1080-1112 has none),identity-ingress
route:api-monolith/GET wf-service/workflows,route,P2,graph_only,,No api-monolith ingress route is served in the twin (monolith-stub/server.py:1080-1112 has none),identity-ingress
route:api-monolith/GET workflow/config,route,P1,graph_only,,No api-monolith ingress route is served in the twin (monolith-stub/server.py:1080-1112 has none),identity-ingress
route:api-monolith/PATCH fund_transfer_attempts,route,P2,graph_only,,No api-monolith ingress route is served in the twin (monolith-stub/server.py:1080-1112 has none),identity-ingress
route:api-monolith/PATCH payouts/manual/status_update/batch,route,P1,graph_only,,No api-monolith ingress route is served in the twin (monolith-stub/server.py:1080-1112 has none),identity-ingress
route:api-monolith/PATCH payouts/{id}/manual/status,route,P1,graph_only,,No api-monolith ingress route is served in the twin (monolith-stub/server.py:1080-1112 has none),identity-ingress
route:api-monolith/PATCH payouts_internal/{id}/tax-payment-id,route,P0,high_fidelity_replacement,ENV2_COMPOSE/substitutes/api-ingress/server.py,served by api-ingress (contract/routes.json 'payout_update_tax_payment_id'); PS upstream ingress-owned record,m7-ingress
route:api-monolith/PATCH wf-service/configs,route,P2,graph_only,,No api-monolith ingress route is served in the twin (monolith-stub/server.py:1080-1112 has none),identity-ingress
route:api-monolith/PATCH wf-service/state/{id}/callback,route,P0,graph_only,,No api-monolith ingress route is served in the twin (monolith-stub/server.py:1080-1112 has none),identity-ingress
route:api-monolith/PATCH workflow/config,route,P1,graph_only,,No api-monolith ingress route is served in the twin (monolith-stub/server.py:1080-1112 has none),identity-ingress
route:api-monolith/POST /v1/banking_account_statement/batch/process,route,P0,graph_only,,,money-and-statements
route:api-monolith/POST /v1/banking_account_statement/payout_update,route,P0,high_fidelity_replacement,monolith-stub relay,,money-and-statements
route:api-monolith/POST /v1/bas/merchant/{merchant_id}/banking_accounts,route,P0,graph_only,,,money-and-statements
route:api-monolith/POST /v1/payouts_service/dual_write,route,P1,behavioural_placeholder,,,money-and-statements
route:api-monolith/POST /v1/payouts_service/dual_write#xas,route,P2,behavioural_placeholder,not served by monolith-stub,,money-and-statements
route:api-monolith/POST admin/batches,route,P2,graph_only,,No api-monolith ingress route is served in the twin (monolith-stub/server.py:1080-1112 has none),identity-ingress
route:api-monolith/POST admin/payouts/cancel,route,P0,high_fidelity_replacement,ENV2_COMPOSE/substitutes/api-ingress/server.py,served by api-ingress (contract/routes.json 'payout_reject_admin_bulk'); PS upstream POST /v1/payouts/payouts_internal/:payout_id/reject,identity-ingress;m7-ingress
route:api-monolith/POST admin/payouts/workflow_retry,route,P1,graph_only,,No api-monolith ingress route is served in the twin (monolith-stub/server.py:1080-1112 has none),identity-ingress
route:api-monolith/POST banking_account_statement/source/update,route,P2,graph_only,,No api-monolith ingress route is served in the twin (monolith-stub/server.py:1080-1112 has none),identity-ingress
route:api-monolith/POST batches,route,P0,graph_only,,No api-monolith ingress route is served in the twin (monolith-stub/server.py:1080-1112 has none),identity-ingress
route:api-monolith/POST batches/validate,route,P1,graph_only,,No api-monolith ingress route is served in the twin (monolith-stub/server.py:1080-1112 has none),identity-ingress
route:api-monolith/POST composite_payout_with_otp,route,P1,graph_only,,No api-monolith ingress route is served in the twin (monolith-stub/server.py:1080-1112 has none),identity-ingress
route:api-monolith/POST contacts_internal,route,P0,high_fidelity_replacement,ENV2_COMPOSE/substitutes/api-ingress/server.py,served by api-ingress (contract/routes.json 'contact_create_internal'); PS upstream ingress-owned record,m7-ingress
route:api-monolith/POST fund_accounts/validations,route,P1,graph_only,,No api-monolith ingress route is served in the twin (monolith-stub/server.py:1080-1112 has none),identity-ingress
route:api-monolith/POST fund_accounts_internal,route,P0,high_fidelity_replacement,ENV2_COMPOSE/substitutes/api-ingress/server.py,served by api-ingress (contract/routes.json 'fund_account_create_internal'); PS upstream ingress-owned record,m7-ingress
route:api-monolith/POST internal/workflow/config,route,P1,graph_only,,No api-monolith ingress route is served in the twin (monolith-stub/server.py:1080-1112 has none),identity-ingress
route:api-monolith/POST internalContactPayout,route,P0,high_fidelity_replacement,ENV2_COMPOSE/substitutes/api-ingress/server.py,served by api-ingress (contract/routes.json 'payout_create_on_internal_contact'); PS upstream POST /v1/payouts/internal_contact_payout,m7-ingress
route:api-monolith/POST payouts,route,P0,high_fidelity_replacement,ENV2_COMPOSE/substitutes/api-ingress/server.py,served by api-ingress (contract/routes.json 'payout_create'); PS upstream POST /v1/payouts,identity-ingress;m7-ingress
route:api-monolith/POST payouts/2fa/create,route,P1,graph_only,,No api-monolith ingress route is served in the twin (monolith-stub/server.py:1080-1112 has none),identity-ingress
route:api-monolith/POST payouts/approve/bulk,route,P0,graph_only,,No api-monolith ingress route is served in the twin (monolith-stub/server.py:1080-1112 has none),identity-ingress
route:api-monolith/POST payouts/batch/validate,route,P1,graph_only,,No api-monolith ingress route is served in the twin (monolith-stub/server.py:1080-1112 has none),identity-ingress
route:api-monolith/POST payouts/batch/{id}/process,route,P1,graph_only,,No api-monolith ingress route is served in the twin (monolith-stub/server.py:1080-1112 has none),identity-ingress
route:api-monolith/POST payouts/bulk,route,P0,high_fidelity_replacement,ENV2_COMPOSE/substitutes/api-ingress/server.py,served by api-ingress (contract/routes.json 'payout_bulk_create'); PS upstream POST /v1/payouts/bulk,identity-ingress;m7-ingress
route:api-monolith/POST payouts/bulk_approve,route,P0,graph_only,,No api-monolith ingress route is served in the twin (monolith-stub/server.py:1080-1112 has none),identity-ingress
route:api-monolith/POST payouts/fee_recovery,route,P2,graph_only,,No api-monolith ingress route is served in the twin (monolith-stub/server.py:1080-1112 has none),identity-ingress
route:api-monolith/POST payouts/manual_action,route,P1,graph_only,,No api-monolith ingress route is served in the twin (monolith-stub/server.py:1080-1112 has none),identity-ingress
route:api-monolith/POST payouts/reject/bulk,route,P0,graph_only,,No api-monolith ingress route is served in the twin (monolith-stub/server.py:1080-1112 has none),identity-ingress
route:api-monolith/POST payouts/{id}/approve,route,P0,high_fidelity_replacement,ENV2_COMPOSE/substitutes/api-ingress/server.py,served by api-ingress (contract/routes.json 'payout_approve'); PS upstream POST /v1/payouts/payouts_internal/:payout_id/approve,identity-ingress;m7-ingress
route:api-monolith/POST payouts/{id}/cancel,route,P0,high_fidelity_replacement,ENV2_COMPOSE/substitutes/api-ingress/server.py,served by api-ingress (contract/routes.json 'payout_cancel'); PS upstream POST /v1/payouts/cancel_payout/:payout_id,identity-ingress;m7-ingress
route:api-monolith/POST payouts/{id}/reject,route,P0,high_fidelity_replacement,ENV2_COMPOSE/substitutes/api-ingress/server.py,served by api-ingress (contract/routes.json 'payout_reject'); PS upstream POST /v1/payouts/payouts_internal/:payout_id/reject,identity-ingress;m7-ingress
route:api-monolith/POST payouts/{id}/retry,route,P1,graph_only,,No api-monolith ingress route is served in the twin (monolith-stub/server.py:1080-1112 has none),identity-ingress
route:api-monolith/POST payouts_batch,route,P1,graph_only,,No api-monolith ingress route is served in the twin (monolith-stub/server.py:1080-1112 has none),identity-ingress
route:api-monolith/POST payouts_internal,route,P0,high_fidelity_replacement,ENV2_COMPOSE/substitutes/api-ingress/server.py,served by api-ingress (contract/routes.json 'payout_create_internal'); PS upstream POST /v1/payouts/payouts_internal,m7-ingress
route:api-monolith/POST payouts_internal/{id}/approve,route,P0,high_fidelity_replacement,ENV2_COMPOSE/substitutes/api-ingress/server.py,served by api-ingress (contract/routes.json 'payout_approve_internal'); PS upstream POST /v1/payouts/payouts_internal/:payout_id/approve,identity-ingress;m7-ingress
route:api-monolith/POST payouts_internal/{id}/cancel,route,P0,high_fidelity_replacement,ENV2_COMPOSE/substitutes/api-ingress/server.py,served by api-ingress (contract/routes.json 'payout_cancel_internal'); PS upstream POST /v1/payouts/cancel_payout/:payout_id,m7-ingress
route:api-monolith/POST payouts_internal/{id}/reject,route,P0,high_fidelity_replacement,ENV2_COMPOSE/substitutes/api-ingress/server.py,served by api-ingress (contract/routes.json 'payout_reject_internal'); PS upstream POST /v1/payouts/payouts_internal/:payout_id/reject,identity-ingress;m7-ingress
route:api-monolith/POST payouts_with_otp,route,P0,high_fidelity_replacement,ENV2_COMPOSE/substitutes/api-ingress/server.py,served by api-ingress (contract/routes.json 'payout_create_with_otp'); PS upstream POST /v1/payouts,identity-ingress;m7-ingress
route:api-monolith/POST vendor-payments/verify-otp,route,P0,high_fidelity_replacement,ENV2_COMPOSE/substitutes/api-ingress/server.py,served by api-ingress (contract/routes.json 'vendor_payment_verify_otp'); PS upstream ingress-owned record,m7-ingress
route:api-monolith/POST wf-service/action,route,P1,graph_only,,No api-monolith ingress route is served in the twin (monolith-stub/server.py:1080-1112 has none),identity-ingress
route:api-monolith/POST wf-service/configs,route,P1,graph_only,,No api-monolith ingress route is served in the twin (monolith-stub/server.py:1080-1112 has none),identity-ingress
route:api-monolith/POST wf-service/state/callback,route,P0,graph_only,,No api-monolith ingress route is served in the twin (monolith-stub/server.py:1080-1112 has none),identity-ingress
route:api-monolith/POST workflow/config,route,P0,graph_only,,No api-monolith ingress route is served in the twin (monolith-stub/server.py:1080-1112 has none),identity-ingress
route:api-monolith/POST xperience/bulk-payouts/approve,route,P0,graph_only,,No api-monolith ingress route is served in the twin (monolith-stub/server.py:1080-1112 has none),identity-ingress
route:banking-accounts/GET /applications,route,P2,graph_only,,,money-and-statements
route:banking-accounts/GET /banking_accounts,route,P2,graph_only,,,money-and-statements
route:banking-accounts/GET /composite-banking-accounts/{account_number},route,P2,graph_only,,,money-and-statements
route:banking-accounts/GET /merchant/{merchant_id}/banking_account_by_account_number/{account_number},route,P1,graph_only,,,money-and-statements
route:banking-accounts/GET /merchant/{merchant_id}/banking_account_by_account_number/{account_number}/credentials,route,P0,behavioural_placeholder,bankingaccounts-stub,,money-and-statements
route:banking-accounts/GET /payouts/shield/merchant/{merchant_id}/details,route,P1,high_fidelity_replacement,bankingaccounts-stub,,money-and-statements
route:banking-accounts/PATCH /banking_account/{banking_account_id}/balance_id,route,P1,graph_only,,,money-and-statements
route:banking-accounts/PATCH /banking_account/{banking_account_id}/fee_recovery_metadata,route,P2,graph_only,,,money-and-statements
route:banking-accounts/POST /admin/apply,route,P2,graph_only,,,money-and-statements
route:banking-accounts/POST /admin/business/{business_id}/applications/{application_id}/activate_account,route,P0,graph_only,,,money-and-statements
route:banking-accounts/POST /application_event,route,P2,graph_only,,,money-and-statements
route:banking-accounts/POST /apply,route,P2,graph_only,,,money-and-statements
route:banking-accounts/POST /banking_account/{banking_account_id}/idfc/activate_upi,route,P2,graph_only,,,money-and-statements
route:banking-accounts/POST /banking_account/{banking_account_id}/update_details,route,P2,graph_only,,,money-and-statements
route:banking-accounts/POST /banking_account/{banking_account_id}/ybl/activate_upi,route,P2,graph_only,,,money-and-statements
route:banking-accounts/POST /rbl/credentials,route,P2,graph_only,,,money-and-statements
route:batch/GET /batch-entry,route,P1,graph_only,,Served by ENV2_COMPOSE/substitutes/batch-sim (staged; its compose block is not yet pasted into docker-compose.yml),identity-ingress
route:batch/GET /batch/{id},route,P0,graph_only,,Served by ENV2_COMPOSE/substitutes/batch-sim (staged; its compose block is not yet pasted into docker-compose.yml),identity-ingress
route:batch/GET /direct/batch,route,P1,graph_only,,Served by ENV2_COMPOSE/substitutes/batch-sim (staged; its compose block is not yet pasted into docker-compose.yml),identity-ingress
route:batch/GET /health_check,route,P2,graph_only,,Served by ENV2_COMPOSE/substitutes/batch-sim (staged; its compose block is not yet pasted into docker-compose.yml),identity-ingress
route:batch/POST /batch,route,P0,graph_only,,Served by ENV2_COMPOSE/substitutes/batch-sim (staged; its compose block is not yet pasted into docker-compose.yml),identity-ingress
route:batch/POST /batch/{batchId}/{action},route,P1,graph_only,,Served by ENV2_COMPOSE/substitutes/batch-sim (staged; its compose block is not yet pasted into docker-compose.yml),identity-ingress
route:batch/POST /direct/validate,route,P1,graph_only,,Served by ENV2_COMPOSE/substitutes/batch-sim (staged; its compose block is not yet pasted into docker-compose.yml),identity-ingress
route:batch/PUT /batch,route,P1,graph_only,,Served by ENV2_COMPOSE/substitutes/batch-sim (staged; its compose block is not yet pasted into docker-compose.yml),identity-ingress
route:cfa/GET /ready,route,P2,real_source_running,cfa-server,real binary; external Vault/BIN/Token/ApiService mocked,money-and-statements
route:cfa/GET /v1/contacts,route,P1,real_source_running,cfa-server,real binary; external Vault/BIN/Token/ApiService mocked,money-and-statements
route:cfa/GET /v1/contacts/{id},route,P0,real_source_running,cfa-server,real binary; external Vault/BIN/Token/ApiService mocked,money-and-statements
route:cfa/GET /v1/fund_accounts,route,P1,real_source_running,cfa-server,real binary; external Vault/BIN/Token/ApiService mocked,money-and-statements
route:cfa/GET /v1/fund_accounts/{id},route,P0,real_source_running,cfa-server,real binary; external Vault/BIN/Token/ApiService mocked,money-and-statements
route:cfa/PATCH /v1/contacts/{id},route,P1,real_source_running,cfa-server,real binary; external Vault/BIN/Token/ApiService mocked,money-and-statements
route:cfa/PATCH /v1/fund_accounts/{id},route,P1,real_source_running,cfa-server,real binary; external Vault/BIN/Token/ApiService mocked,money-and-statements
route:cfa/POST /v1/contacts,route,P0,real_source_running,cfa-server,real binary; external Vault/BIN/Token/ApiService mocked,money-and-statements
route:cfa/POST /v1/contacts/dual_write,route,P2,real_source_running,cfa-server,real binary; external Vault/BIN/Token/ApiService mocked,money-and-statements
route:cfa/POST /v1/fund_accounts,route,P0,real_source_running,cfa-server,real binary; external Vault/BIN/Token/ApiService mocked,money-and-statements
route:cfa/POST /v1/fund_accounts/bank_identifier_correction,route,P1,real_source_running,cfa-server,real binary; external Vault/BIN/Token/ApiService mocked,money-and-statements
route:cfa/POST /v1/fund_accounts/dual_write,route,P2,real_source_running,cfa-server,real binary; external Vault/BIN/Token/ApiService mocked,money-and-statements
route:cfa/POST /v1/fund_accounts/fetch_by_ids,route,P0,real_source_running,cfa-server,real binary; external Vault/BIN/Token/ApiService mocked,money-and-statements
route:charge-collections/GET /v1/mdr/pricing/plans/fees_calculation/{id},route,P1,graph_only,,,external-config-deploy
route:dcs/POST /v1/auth/login,route,P0,high_fidelity_replacement,sub:dcs-stub,,external-config-deploy
route:dcs/POST /v1/kv/audit,route,P2,behavioural_placeholder,sub:dcs-stub (always empty),,external-config-deploy
route:dcs/POST /v1/kv/entities,route,P2,behavioural_placeholder,sub:dcs-stub,,external-config-deploy
route:dcs/POST /v1/kv/evaluate,route,P0,high_fidelity_replacement,sub:dcs-stub (identical to Get -- single level),,external-config-deploy
route:dcs/POST /v1/kv/get,route,P0,high_fidelity_replacement,sub:dcs-stub,,external-config-deploy
route:dcs/POST /v1/kv/patch,route,P2,high_fidelity_replacement,sub:dcs-stub,,external-config-deploy
route:dcs/POST /v1/kv/put,route,P2,high_fidelity_replacement,sub:dcs-stub,,external-config-deploy
route:edge-kong/GET /v1/contacts,route,P1,behavioural_placeholder,ENV2_COMPOSE/substitutes/kong-lite (route_policy.py:20-64),"kong-lite proxies /v1/payouts,/v1/contacts,/v1/fund_accounts straight to payouts-api; it never models the monolith upstream, the plugin chain, or the cutover override",identity-ingress
route:edge-kong/GET /v1/fund_accounts,route,P1,behavioural_placeholder,ENV2_COMPOSE/substitutes/kong-lite (route_policy.py:20-64),"kong-lite proxies /v1/payouts,/v1/contacts,/v1/fund_accounts straight to payouts-api; it never models the monolith upstream, the plugin chain, or the cutover override",identity-ingress
route:edge-kong/GET /v1/payouts (cutover devstack),route,P1,behavioural_placeholder,ENV2_COMPOSE/substitutes/kong-lite (route_policy.py:20-64),"kong-lite proxies /v1/payouts,/v1/contacts,/v1/fund_accounts straight to payouts-api; it never models the monolith upstream, the plugin chain, or the cutover override",identity-ingress
route:edge-kong/GET /v1/payouts/schedule/timeslots,route,P2,behavioural_placeholder,ENV2_COMPOSE/substitutes/kong-lite (route_policy.py:20-64),"kong-lite proxies /v1/payouts,/v1/contacts,/v1/fund_accounts straight to payouts-api; it never models the monolith upstream, the plugin chain, or the cutover override",identity-ingress
route:edge-kong/GET /v1/payouts/{id},route,P1,behavioural_placeholder,ENV2_COMPOSE/substitutes/kong-lite (route_policy.py:20-64),"kong-lite proxies /v1/payouts,/v1/contacts,/v1/fund_accounts straight to payouts-api; it never models the monolith upstream, the plugin chain, or the cutover override",identity-ingress
route:edge-kong/POST /v1/payouts,route,P0,behavioural_placeholder,ENV2_COMPOSE/substitutes/kong-lite (route_policy.py:20-64),"kong-lite proxies /v1/payouts,/v1/contacts,/v1/fund_accounts straight to payouts-api; it never models the monolith upstream, the plugin chain, or the cutover override",identity-ingress
route:edge-kong/POST /v1/payouts/{id}/approve,route,P0,behavioural_placeholder,ENV2_COMPOSE/substitutes/kong-lite (route_policy.py:20-64),"kong-lite proxies /v1/payouts,/v1/contacts,/v1/fund_accounts straight to payouts-api; it never models the monolith upstream, the plugin chain, or the cutover override",identity-ingress
route:edge-kong/POST /v1/payouts_with_otp,route,P1,behavioural_placeholder,ENV2_COMPOSE/substitutes/kong-lite (route_policy.py:20-64),"kong-lite proxies /v1/payouts,/v1/contacts,/v1/fund_accounts straight to payouts-api; it never models the monolith upstream, the plugin chain, or the cutover override",identity-ingress
route:edge-kong/POST /v1/payouts_with_otp (dashboard),route,P0,behavioural_placeholder,ENV2_COMPOSE/substitutes/kong-lite (route_policy.py:20-64),"kong-lite proxies /v1/payouts,/v1/contacts,/v1/fund_accounts straight to payouts-api; it never models the monolith upstream, the plugin chain, or the cutover override",identity-ingress
route:fts/DELETE /v1/account_type_mappings,route,P2,real_source_running,fts-web,real router in fts-web; downstream fidelity depends on substitutes,fts-mozart
route:fts/DELETE /v1/channel_health_events/schedules,route,P2,real_source_running,fts-web,real router in fts-web; downstream fidelity depends on substitutes,fts-mozart
route:fts/DELETE /v1/direct_account_routing_rules,route,P2,real_source_running,fts-web,real router in fts-web; downstream fidelity depends on substitutes,fts-mozart
route:fts/DELETE /v1/merchant_configurations,route,P2,real_source_running,fts-web,real router in fts-web; downstream fidelity depends on substitutes,fts-mozart
route:fts/DELETE /v1/preferred_routing_weights,route,P2,real_source_running,fts-web,real router in fts-web; downstream fidelity depends on substitutes,fts-mozart
route:fts/DELETE /v1/source_account,route,P2,real_source_running,fts-web,real router in fts-web; downstream fidelity depends on substitutes,fts-mozart
route:fts/DELETE /v1/source_account_mappings,route,P2,real_source_running,fts-web,real router in fts-web; downstream fidelity depends on substitutes,fts-mozart
route:fts/GET /,route,P1,real_source_running,fts-web,real router in fts-web; downstream fidelity depends on substitutes,fts-mozart
route:fts/GET /v1/account,route,P1,real_source_running,fts-web,real router in fts-web; downstream fidelity depends on substitutes,fts-mozart
route:fts/GET /v1/account/status,route,P1,real_source_running,fts-web,real router in fts-web; downstream fidelity depends on substitutes,fts-mozart
route:fts/GET /v1/account_type_mappings,route,P2,real_source_running,fts-web,real router in fts-web; downstream fidelity depends on substitutes,fts-mozart
route:fts/GET /v1/cron_jobs_dashboard/status_with_entity,route,P2,real_source_running,fts-web,real router in fts-web; downstream fidelity depends on substitutes,fts-mozart
route:fts/GET /v1/direct_account_routing_rules,route,P2,real_source_running,fts-web,real router in fts-web; downstream fidelity depends on substitutes,fts-mozart
route:fts/GET /v1/downtimes,route,P2,real_source_running,fts-web,real router in fts-web; downstream fidelity depends on substitutes,fts-mozart
route:fts/GET /v1/downtimes/:id,route,P2,real_source_running,fts-web,real router in fts-web; downstream fidelity depends on substitutes,fts-mozart
route:fts/GET /v1/holiday,route,P2,real_source_running,fts-web,real router in fts-web; downstream fidelity depends on substitutes,fts-mozart
route:fts/GET /v1/key_value_store/logs,route,P2,real_source_running,fts-web,real router in fts-web; downstream fidelity depends on substitutes,fts-mozart
route:fts/GET /v1/merchant_configurations,route,P2,real_source_running,fts-web,real router in fts-web; downstream fidelity depends on substitutes,fts-mozart
route:fts/GET /v1/modes/supported,route,P2,real_source_running,fts-web,real router in fts-web; downstream fidelity depends on substitutes,fts-mozart
route:fts/GET /v1/preferred_routing_weights,route,P2,real_source_running,fts-web,real router in fts-web; downstream fidelity depends on substitutes,fts-mozart
route:fts/GET /v1/routing/channel_health_stats,route,P2,real_source_running,fts-web,real router in fts-web; downstream fidelity depends on substitutes,fts-mozart
route:fts/GET /v1/routing/channel_information_status_logs,route,P2,real_source_running,fts-web,real router in fts-web; downstream fidelity depends on substitutes,fts-mozart
route:fts/GET /v1/routing/fail_fast_status_logs,route,P2,real_source_running,fts-web,real router in fts-web; downstream fidelity depends on substitutes,fts-mozart
route:fts/GET /v1/routing/schedules,route,P2,real_source_running,fts-web,real router in fts-web; downstream fidelity depends on substitutes,fts-mozart
route:fts/GET /v1/routing/trigger_health_status,route,P2,real_source_running,fts-web,real router in fts-web; downstream fidelity depends on substitutes,fts-mozart
route:fts/GET /v1/routing/trigger_status_logs,route,P2,real_source_running,fts-web,real router in fts-web; downstream fidelity depends on substitutes,fts-mozart
route:fts/GET /v1/source_account,route,P1,real_source_running,fts-web,real router in fts-web; downstream fidelity depends on substitutes,fts-mozart
route:fts/GET /v1/source_account_mappings,route,P1,real_source_running,fts-web,real router in fts-web; downstream fidelity depends on substitutes,fts-mozart
route:fts/GET /v1/source_account_mappings/merchants,route,P2,real_source_running,fts-web,real router in fts-web; downstream fidelity depends on substitutes,fts-mozart
route:fts/GET /v1/transfer,route,P1,real_source_running,fts-web,real router in fts-web; downstream fidelity depends on substitutes,fts-mozart
route:fts/GET /v1/transfer/status,route,P1,real_source_running,fts-web,real router in fts-web; downstream fidelity depends on substitutes,fts-mozart
route:fts/GET /v1/transfers/:action,route,P2,real_source_running,fts-web,real router in fts-web; downstream fidelity depends on substitutes,fts-mozart
route:fts/PATCH /v1/attempts/:action,route,P0,real_source_running,fts-web,real router in fts-web; downstream fidelity depends on substitutes,fts-mozart
route:fts/PATCH /v1/attempts/{action},route,P0,real_source_running,fts-web (real); verifier-driven only,,money-and-statements
route:fts/PATCH /v1/channel_health_events/schedules,route,P2,real_source_running,fts-web,real router in fts-web; downstream fidelity depends on substitutes,fts-mozart
route:fts/PATCH /v1/channel_health_events/test_transaction/status,route,P2,real_source_running,fts-web,real router in fts-web; downstream fidelity depends on substitutes,fts-mozart
route:fts/PATCH /v1/key_value_store,route,P2,real_source_running,fts-web,real router in fts-web; downstream fidelity depends on substitutes,fts-mozart
route:fts/PATCH /v1/manual_queries/update,route,P1,real_source_running,fts-web,real router in fts-web; downstream fidelity depends on substitutes,fts-mozart
route:fts/PATCH /v1/merchant_configurations,route,P2,real_source_running,fts-web,real router in fts-web; downstream fidelity depends on substitutes,fts-mozart
route:fts/PATCH /v1/one_off_db_migrate,route,P2,real_source_running,fts-web,real router in fts-web; downstream fidelity depends on substitutes,fts-mozart
route:fts/PATCH /v1/routing/multi_account_routing_rules,route,P2,real_source_running,fts-web,real router in fts-web; downstream fidelity depends on substitutes,fts-mozart
route:fts/PATCH /v1/source_account_mappings,route,P1,real_source_running,fts-web,real router in fts-web; downstream fidelity depends on substitutes,fts-mozart
route:fts/PATCH /v1/source_accounts/:action,route,P2,real_source_running,fts-web,real router in fts-web; downstream fidelity depends on substitutes,fts-mozart
route:fts/PATCH /v1/transfer/fail,route,P1,real_source_running,fts-web,real router in fts-web; downstream fidelity depends on substitutes,fts-mozart
route:fts/PATCH /v1/transfers/fail,route,P2,real_source_running,fts-web,real router in fts-web; downstream fidelity depends on substitutes,fts-mozart
route:fts/POST /v1/account,route,P1,real_source_running,fts-web,real router in fts-web; downstream fidelity depends on substitutes,fts-mozart
route:fts/POST /v1/account/register,route,P1,real_source_running,fts-web,real router in fts-web; downstream fidelity depends on substitutes,fts-mozart
route:fts/POST /v1/account_type_mappings,route,P2,real_source_running,fts-web,real router in fts-web; downstream fidelity depends on substitutes,fts-mozart
route:fts/POST /v1/alert_manager,route,P1,real_source_running,fts-web,real router in fts-web; downstream fidelity depends on substitutes,fts-mozart
route:fts/POST /v1/attempts/:action,route,P0,real_source_running,fts-web,real router in fts-web; downstream fidelity depends on substitutes,fts-mozart
route:fts/POST /v1/attempts/{action},route,P0,real_source_running,fts-web (real); verifier-driven only,,money-and-statements
route:fts/POST /v1/channel_health_events/alert_action,route,P1,real_source_running,fts-web,real router in fts-web; downstream fidelity depends on substitutes,fts-mozart
route:fts/POST /v1/channel_health_events/fail_fast_status/manual_update,route,P1,real_source_running,fts-web,real router in fts-web; downstream fidelity depends on substitutes,fts-mozart
route:fts/POST /v1/channel_health_events/manual_override,route,P1,real_source_running,fts-web,real router in fts-web; downstream fidelity depends on substitutes,fts-mozart
route:fts/POST /v1/channel_health_events/schedules,route,P1,real_source_running,fts-web,real router in fts-web; downstream fidelity depends on substitutes,fts-mozart
route:fts/POST /v1/direct_account_routing_rules,route,P1,real_source_running,fts-web,real router in fts-web; downstream fidelity depends on substitutes,fts-mozart
route:fts/POST /v1/direct_source_accounts,route,P1,real_source_running,fts-web,real router in fts-web; downstream fidelity depends on substitutes,fts-mozart
route:fts/POST /v1/holiday,route,P2,real_source_running,fts-web,real router in fts-web; downstream fidelity depends on substitutes,fts-mozart
route:fts/POST /v1/holiday/query,route,P2,real_source_running,fts-web,real router in fts-web; downstream fidelity depends on substitutes,fts-mozart
route:fts/POST /v1/key_value_store,route,P2,real_source_running,fts-web,real router in fts-web; downstream fidelity depends on substitutes,fts-mozart
route:fts/POST /v1/merchant_configurations,route,P2,real_source_running,fts-web,real router in fts-web; downstream fidelity depends on substitutes,fts-mozart
route:fts/POST /v1/otp/send,route,P1,real_source_running,fts-web,real router in fts-web; downstream fidelity depends on substitutes,fts-mozart
route:fts/POST /v1/preferred_routing_weights,route,P2,real_source_running,fts-web,real router in fts-web; downstream fidelity depends on substitutes,fts-mozart
route:fts/POST /v1/routing/mode_selection,route,P0,real_source_running,fts-web,real router in fts-web; downstream fidelity depends on substitutes,fts-mozart
route:fts/POST /v1/routing/multi_account_routing_rules,route,P1,real_source_running,fts-web,real router in fts-web; downstream fidelity depends on substitutes,fts-mozart
route:fts/POST /v1/routing/priority_route,route,P1,real_source_running,fts-web,real router in fts-web; downstream fidelity depends on substitutes,fts-mozart
route:fts/POST /v1/routing/route_selection,route,P1,real_source_running,fts-web,real router in fts-web; downstream fidelity depends on substitutes,fts-mozart
route:fts/POST /v1/source_account,route,P1,real_source_running,fts-web,real router in fts-web; downstream fidelity depends on substitutes,fts-mozart
route:fts/POST /v1/source_account/balance,route,P1,real_source_running,fts-web,real router in fts-web; downstream fidelity depends on substitutes,fts-mozart
route:fts/POST /v1/source_account/copy,route,P2,real_source_running,fts-web,real router in fts-web; downstream fidelity depends on substitutes,fts-mozart
route:fts/POST /v1/source_account/fetch_balance,route,P1,real_source_running,fts-web,real router in fts-web; downstream fidelity depends on substitutes,fts-mozart
route:fts/POST /v1/source_account/healthy_balance,route,P2,real_source_running,fts-web,real router in fts-web; downstream fidelity depends on substitutes,fts-mozart
route:fts/POST /v1/source_account_mappings,route,P1,real_source_running,fts-web,real router in fts-web; downstream fidelity depends on substitutes,fts-mozart
route:fts/POST /v1/transfer,route,P0,real_source_running,fts-web,real router in fts-web; downstream fidelity depends on substitutes,fts-mozart
route:fts/POST /v1/transfer/:transfer_id/:action,route,P0,real_source_running,fts-web,real router in fts-web; downstream fidelity depends on substitutes,fts-mozart
route:fts/POST /v1/transfers/:action,route,P1,real_source_running,fts-web,real router in fts-web; downstream fidelity depends on substitutes,fts-mozart
route:fts/PUT /v1/account/register/reconcile,route,P2,real_source_running,fts-web,real router in fts-web; downstream fidelity depends on substitutes,fts-mozart
route:fts/PUT /v1/attempts/reconcile,route,P0,real_source_running,fts-web,real router in fts-web; downstream fidelity depends on substitutes,fts-mozart;money-and-statements
route:fts/PUT /v1/transfer,route,P2,real_source_running,fts-web,real router in fts-web; downstream fidelity depends on substitutes,fts-mozart
route:governor/POST /v1/namespaces/:namespace_id/execute,route,P1,graph_only,,,external-config-deploy
route:ledger/POST /twirp/rzp.ledger.account.v1.AccountAPI/Activate,route,P1,real_source_running,ledger-api via ledger-gate,real binary; exercised by verifiers/up.sh only for Create/FetchByTransactor/CreateOnEvent/CreateInBulk/Activate/LedgerConfig CreateInBulk,money-and-statements
route:ledger/POST /twirp/rzp.ledger.account.v1.AccountAPI/Archive,route,P2,real_source_running,ledger-api via ledger-gate,real binary; exercised by verifiers/up.sh only for Create/FetchByTransactor/CreateOnEvent/CreateInBulk/Activate/LedgerConfig CreateInBulk,money-and-statements
route:ledger/POST /twirp/rzp.ledger.account.v1.AccountAPI/Create,route,P1,real_source_running,ledger-api via ledger-gate,real binary; exercised by verifiers/up.sh only for Create/FetchByTransactor/CreateOnEvent/CreateInBulk/Activate/LedgerConfig CreateInBulk,money-and-statements
route:ledger/POST /twirp/rzp.ledger.account.v1.AccountAPI/CreateInBulk,route,P0,real_source_running,ledger-api via ledger-gate,real binary; exercised by verifiers/up.sh only for Create/FetchByTransactor/CreateOnEvent/CreateInBulk/Activate/LedgerConfig CreateInBulk,money-and-statements
route:ledger/POST /twirp/rzp.ledger.account.v1.AccountAPI/CreateMerchantSubAccounts,route,P2,real_source_running,ledger-api via ledger-gate,real binary; exercised by verifiers/up.sh only for Create/FetchByTransactor/CreateOnEvent/CreateInBulk/Activate/LedgerConfig CreateInBulk,money-and-statements
route:ledger/POST /twirp/rzp.ledger.account.v1.AccountAPI/CreateOnEvent,route,P0,real_source_running,ledger-api via ledger-gate,real binary; exercised by verifiers/up.sh only for Create/FetchByTransactor/CreateOnEvent/CreateInBulk/Activate/LedgerConfig CreateInBulk,money-and-statements
route:ledger/POST /twirp/rzp.ledger.account.v1.AccountAPI/CreateSplitAccounts,route,P2,real_source_running,ledger-api via ledger-gate,real binary; exercised by verifiers/up.sh only for Create/FetchByTransactor/CreateOnEvent/CreateInBulk/Activate/LedgerConfig CreateInBulk,money-and-statements
route:ledger/POST /twirp/rzp.ledger.account.v1.AccountAPI/Deactivate,route,P2,real_source_running,ledger-api via ledger-gate,real binary; exercised by verifiers/up.sh only for Create/FetchByTransactor/CreateOnEvent/CreateInBulk/Activate/LedgerConfig CreateInBulk,money-and-statements
route:ledger/POST /twirp/rzp.ledger.account.v1.AccountAPI/FetchByEntitiesAndMerchantID,route,P0,real_source_running,ledger-api via ledger-gate,real binary; exercised by verifiers/up.sh only for Create/FetchByTransactor/CreateOnEvent/CreateInBulk/Activate/LedgerConfig CreateInBulk,money-and-statements
route:ledger/POST /twirp/rzp.ledger.account.v1.AccountAPI/FetchById,route,P1,real_source_running,ledger-api via ledger-gate,real binary; exercised by verifiers/up.sh only for Create/FetchByTransactor/CreateOnEvent/CreateInBulk/Activate/LedgerConfig CreateInBulk,money-and-statements
route:ledger/POST /twirp/rzp.ledger.account.v1.AccountAPI/FetchByMerchantID,route,P1,real_source_running,ledger-api via ledger-gate,real binary; exercised by verifiers/up.sh only for Create/FetchByTransactor/CreateOnEvent/CreateInBulk/Activate/LedgerConfig CreateInBulk,money-and-statements
route:ledger/POST /twirp/rzp.ledger.account.v1.AccountAPI/FetchInBulkByEntitiesAndMerchantID,route,P1,real_source_running,ledger-api via ledger-gate,real binary; exercised by verifiers/up.sh only for Create/FetchByTransactor/CreateOnEvent/CreateInBulk/Activate/LedgerConfig CreateInBulk,money-and-statements
route:ledger/POST /twirp/rzp.ledger.account.v1.AccountAPI/Update,route,P2,real_source_running,ledger-api via ledger-gate,real binary; exercised by verifiers/up.sh only for Create/FetchByTransactor/CreateOnEvent/CreateInBulk/Activate/LedgerConfig CreateInBulk,money-and-statements
route:ledger/POST /twirp/rzp.ledger.account.v1.AccountAPI/UpdateByEntitiesAndMerchantID,route,P2,real_source_running,ledger-api via ledger-gate,real binary; exercised by verifiers/up.sh only for Create/FetchByTransactor/CreateOnEvent/CreateInBulk/Activate/LedgerConfig CreateInBulk,money-and-statements
route:ledger/POST /twirp/rzp.ledger.account_detail.v1.AccountDetailAPI/Create,route,P2,real_source_running,ledger-api via ledger-gate,real binary; exercised by verifiers/up.sh only for Create/FetchByTransactor/CreateOnEvent/CreateInBulk/Activate/LedgerConfig CreateInBulk,money-and-statements
route:ledger/POST /twirp/rzp.ledger.account_detail.v1.AccountDetailAPI/FetchByAccountId,route,P2,real_source_running,ledger-api via ledger-gate,real binary; exercised by verifiers/up.sh only for Create/FetchByTransactor/CreateOnEvent/CreateInBulk/Activate/LedgerConfig CreateInBulk,money-and-statements
route:ledger/POST /twirp/rzp.ledger.account_detail.v1.AccountDetailAPI/FetchById,route,P2,real_source_running,ledger-api via ledger-gate,real binary; exercised by verifiers/up.sh only for Create/FetchByTransactor/CreateOnEvent/CreateInBulk/Activate/LedgerConfig CreateInBulk,money-and-statements
route:ledger/POST /twirp/rzp.ledger.account_detail.v1.AccountDetailAPI/Update,route,P2,real_source_running,ledger-api via ledger-gate,real binary; exercised by verifiers/up.sh only for Create/FetchByTransactor/CreateOnEvent/CreateInBulk/Activate/LedgerConfig CreateInBulk,money-and-statements
route:ledger/POST /twirp/rzp.ledger.dashboard.v1.DashboardAPI/DeleteMerchants,route,P1,real_source_running,ledger-api via ledger-gate,real binary; exercised by verifiers/up.sh only for Create/FetchByTransactor/CreateOnEvent/CreateInBulk/Activate/LedgerConfig CreateInBulk,money-and-statements
route:ledger/POST /twirp/rzp.ledger.dashboard.v1.DashboardAPI/FetchAccountFormFieldOptions,route,P2,real_source_running,ledger-api via ledger-gate,real binary; exercised by verifiers/up.sh only for Create/FetchByTransactor/CreateOnEvent/CreateInBulk/Activate/LedgerConfig CreateInBulk,money-and-statements
route:ledger/POST /twirp/rzp.ledger.dashboard.v1.DashboardAPI/FetchAccountTypes,route,P2,real_source_running,ledger-api via ledger-gate,real binary; exercised by verifiers/up.sh only for Create/FetchByTransactor/CreateOnEvent/CreateInBulk/Activate/LedgerConfig CreateInBulk,money-and-statements
route:ledger/POST /twirp/rzp.ledger.dashboard.v1.DashboardAPI/FetchFilter,route,P2,real_source_running,ledger-api via ledger-gate,real binary; exercised by verifiers/up.sh only for Create/FetchByTransactor/CreateOnEvent/CreateInBulk/Activate/LedgerConfig CreateInBulk,money-and-statements
route:ledger/POST /twirp/rzp.ledger.dashboard.v1.DashboardAPI/FetchJournalFormFieldOptions,route,P2,real_source_running,ledger-api via ledger-gate,real binary; exercised by verifiers/up.sh only for Create/FetchByTransactor/CreateOnEvent/CreateInBulk/Activate/LedgerConfig CreateInBulk,money-and-statements
route:ledger/POST /twirp/rzp.ledger.dashboard.v1.DashboardAPI/FetchLedgerConfigFormFieldOptions,route,P2,real_source_running,ledger-api via ledger-gate,real binary; exercised by verifiers/up.sh only for Create/FetchByTransactor/CreateOnEvent/CreateInBulk/Activate/LedgerConfig CreateInBulk,money-and-statements
route:ledger/POST /twirp/rzp.ledger.dashboard.v1.DashboardAPI/FetchMerchantAccounts,route,P2,real_source_running,ledger-api via ledger-gate,real binary; exercised by verifiers/up.sh only for Create/FetchByTransactor/CreateOnEvent/CreateInBulk/Activate/LedgerConfig CreateInBulk,money-and-statements
route:ledger/POST /twirp/rzp.ledger.dashboard.v1.DashboardAPI/FetchMerchantLedgerEntries,route,P2,real_source_running,ledger-api via ledger-gate,real binary; exercised by verifiers/up.sh only for Create/FetchByTransactor/CreateOnEvent/CreateInBulk/Activate/LedgerConfig CreateInBulk,money-and-statements
route:ledger/POST /twirp/rzp.ledger.dashboard.v1.DashboardAPI/FetchMerchantLedgerEntryByID,route,P2,real_source_running,ledger-api via ledger-gate,real binary; exercised by verifiers/up.sh only for Create/FetchByTransactor/CreateOnEvent/CreateInBulk/Activate/LedgerConfig CreateInBulk,money-and-statements
route:ledger/POST /twirp/rzp.ledger.dashboard.v1.DashboardAPI/FetchPGMerchantAccounts,route,P2,real_source_running,ledger-api via ledger-gate,real binary; exercised by verifiers/up.sh only for Create/FetchByTransactor/CreateOnEvent/CreateInBulk/Activate/LedgerConfig CreateInBulk,money-and-statements
route:ledger/POST /twirp/rzp.ledger.dashboard.v1.DashboardAPI/FetchPGMerchantBalances,route,P2,real_source_running,ledger-api via ledger-gate,real binary; exercised by verifiers/up.sh only for Create/FetchByTransactor/CreateOnEvent/CreateInBulk/Activate/LedgerConfig CreateInBulk,money-and-statements
route:ledger/POST /twirp/rzp.ledger.dashboard.v1.DashboardAPI/ReplayJournalRejectedEvents,route,P1,real_source_running,ledger-api via ledger-gate,real binary; exercised by verifiers/up.sh only for Create/FetchByTransactor/CreateOnEvent/CreateInBulk/Activate/LedgerConfig CreateInBulk,money-and-statements
route:ledger/POST /twirp/rzp.ledger.journal.v1.JournalAPI/Create,route,P0,real_source_running,ledger-api via ledger-gate,real binary; exercised by verifiers/up.sh only for Create/FetchByTransactor/CreateOnEvent/CreateInBulk/Activate/LedgerConfig CreateInBulk,money-and-statements
route:ledger/POST /twirp/rzp.ledger.journal.v1.JournalAPI/CreateInBulk,route,P1,real_source_running,ledger-api via ledger-gate,real binary; exercised by verifiers/up.sh only for Create/FetchByTransactor/CreateOnEvent/CreateInBulk/Activate/LedgerConfig CreateInBulk,money-and-statements
route:ledger/POST /twirp/rzp.ledger.journal.v1.JournalAPI/CreateJournalRejectedEvents,route,P2,real_source_running,ledger-api via ledger-gate,real binary; exercised by verifiers/up.sh only for Create/FetchByTransactor/CreateOnEvent/CreateInBulk/Activate/LedgerConfig CreateInBulk,money-and-statements
route:ledger/POST /twirp/rzp.ledger.journal.v1.JournalAPI/CreateLedgerEntryDetails,route,P2,real_source_running,ledger-api via ledger-gate,real binary; exercised by verifiers/up.sh only for Create/FetchByTransactor/CreateOnEvent/CreateInBulk/Activate/LedgerConfig CreateInBulk,money-and-statements
route:ledger/POST /twirp/rzp.ledger.journal.v1.JournalAPI/FetchById,route,P1,real_source_running,ledger-api via ledger-gate,real binary; exercised by verifiers/up.sh only for Create/FetchByTransactor/CreateOnEvent/CreateInBulk/Activate/LedgerConfig CreateInBulk,money-and-statements
route:ledger/POST /twirp/rzp.ledger.journal.v1.JournalAPI/FetchByTransactor,route,P0,real_source_running,ledger-api via ledger-gate,real binary; exercised by verifiers/up.sh only for Create/FetchByTransactor/CreateOnEvent/CreateInBulk/Activate/LedgerConfig CreateInBulk,money-and-statements
route:ledger/POST /twirp/rzp.ledger.journal.v1.JournalAPI/UpdateBalance,route,P1,real_source_running,ledger-api via ledger-gate,real binary; exercised by verifiers/up.sh only for Create/FetchByTransactor/CreateOnEvent/CreateInBulk/Activate/LedgerConfig CreateInBulk,money-and-statements
route:ledger/POST /twirp/rzp.ledger.ledger_config.v1.LedgerConfigAPI/Create,route,P1,real_source_running,ledger-api via ledger-gate,real binary; exercised by verifiers/up.sh only for Create/FetchByTransactor/CreateOnEvent/CreateInBulk/Activate/LedgerConfig CreateInBulk,money-and-statements
route:ledger/POST /twirp/rzp.ledger.ledger_config.v1.LedgerConfigAPI/CreateInBulk,route,P0,real_source_running,ledger-api via ledger-gate,real binary; exercised by verifiers/up.sh only for Create/FetchByTransactor/CreateOnEvent/CreateInBulk/Activate/LedgerConfig CreateInBulk,money-and-statements
route:ledger/POST /twirp/rzp.ledger.ledger_config.v1.LedgerConfigAPI/Delete,route,P1,real_source_running,ledger-api via ledger-gate,real binary; exercised by verifiers/up.sh only for Create/FetchByTransactor/CreateOnEvent/CreateInBulk/Activate/LedgerConfig CreateInBulk,money-and-statements
route:ledger/POST /twirp/rzp.ledger.ledger_config.v1.LedgerConfigAPI/Update,route,P1,real_source_running,ledger-api via ledger-gate,real binary; exercised by verifiers/up.sh only for Create/FetchByTransactor/CreateOnEvent/CreateInBulk/Activate/LedgerConfig CreateInBulk,money-and-statements
route:ledger/POST /twirp/rzp.ledger.ledger_entry.v1.LedgerEntryAPI/FetchById,route,P2,real_source_running,ledger-api via ledger-gate,real binary; exercised by verifiers/up.sh only for Create/FetchByTransactor/CreateOnEvent/CreateInBulk/Activate/LedgerConfig CreateInBulk,money-and-statements
route:ledger/POST /twirp/rzp.ledger.ledger_entry.v1.LedgerEntryAPI/UpdateNotes,route,P2,real_source_running,ledger-api via ledger-gate,real binary; exercised by verifiers/up.sh only for Create/FetchByTransactor/CreateOnEvent/CreateInBulk/Activate/LedgerConfig CreateInBulk,money-and-statements
route:mozart/INGRESS mozart-ext /,route,P0,graph_only,,the twin has no Traefik and no ipWhiteList middleware: the FastCron network boundary that protects /v1/cron/* in production is NOT reproduced -- cron-driver reaches payouts-api with the FastCron credential alone,external-config-deploy
route:payout-links/POST /twirp/payoutlinks.Payoutlinks/createPayoutLink,route,P1,graph_only,,,external-config-deploy
route:payout-links/POST /twirp/payoutlinks.Payoutlinks/initiatePayoutLink,route,P1,graph_only,,,external-config-deploy
route:payout-links/POST /twirp/payoutlinks.Payoutlinks/updatePayoutLinkStatus,route,P1,graph_only,,,external-config-deploy
route:payouts/GET /commit.txt,route,P1,real_source_running,compose payouts-api,served by the real payouts-api binary (ENV2_COMPOSE/docker-compose.yml:443),payouts-core
route:payouts/GET /metrics,route,P1,real_source_running,compose payouts-api,served by the real payouts-api binary (ENV2_COMPOSE/docker-compose.yml:443),payouts-core
route:payouts/GET /status,route,P0,real_source_running,compose payouts-api,served by the real payouts-api binary (ENV2_COMPOSE/docker-compose.yml:443),payouts-core
route:payouts/GET /v1/admin/payouts/:balance_id/free_payout,route,P1,real_source_running,compose payouts-api,served by the real payouts-api binary (ENV2_COMPOSE/docker-compose.yml:443),payouts-core
route:payouts/GET /v1/banking_account_statement,route,P1,real_source_running,compose payouts-api,served by the real payouts-api binary (ENV2_COMPOSE/docker-compose.yml:443),money-and-statements;payouts-core
route:payouts/GET /v1/cron/elasticsearch/mapping,route,P2,real_source_running,compose payouts-api,served by the real payouts-api binary (ENV2_COMPOSE/docker-compose.yml:443),payouts-core
route:payouts/GET /v1/cron/log_sampling,route,P2,real_source_running,compose payouts-api,served by the real payouts-api binary (ENV2_COMPOSE/docker-compose.yml:443),payouts-core
route:payouts/GET /v1/cron/payouts/fetch_multiple,route,P2,real_source_running,compose payouts-api,served by the real payouts-api binary (ENV2_COMPOSE/docker-compose.yml:443),payouts-core
route:payouts/GET /v1/elasticsearch/mapping,route,P2,real_source_running,compose payouts-api,served by the real payouts-api binary (ENV2_COMPOSE/docker-compose.yml:443),payouts-core
route:payouts/GET /v1/fund-management-payout/balance-config/merchants/:merchant_id,route,P1,real_source_running,compose payouts-api,served by the real payouts-api binary (ENV2_COMPOSE/docker-compose.yml:443),payouts-core
route:payouts/GET /v1/fund_accounts/validations/:id,route,P1,real_source_running,compose payouts-api,served by the real payouts-api binary (ENV2_COMPOSE/docker-compose.yml:443),payouts-core
route:payouts/GET /v1/idempotency-keys/check-excluded,route,P1,real_source_running,compose payouts-api,served by the real payouts-api binary (ENV2_COMPOSE/docker-compose.yml:443),payouts-core
route:payouts/GET /v1/inflight_reservations,route,P1,real_source_running,used by V12/V13,served by the real payouts-api binary (ENV2_COMPOSE/docker-compose.yml:443),money-and-statements;payouts-core
route:payouts/GET /v1/internal/banking_account/:balance_id,route,P1,real_source_running,compose payouts-api,served by the real payouts-api binary (ENV2_COMPOSE/docker-compose.yml:443),payouts-core
route:payouts/GET /v1/internal/non_terminal_payouts/:balance_id,route,P1,real_source_running,compose payouts-api,served by the real payouts-api binary (ENV2_COMPOSE/docker-compose.yml:443),payouts-core
route:payouts/GET /v1/payouts,route,P0,real_source_running,compose payouts-api,served by the real payouts-api binary (ENV2_COMPOSE/docker-compose.yml:443),payouts-core
route:payouts/GET /v1/payouts/:id,route,P0,real_source_running,compose payouts-api,served by the real payouts-api binary (ENV2_COMPOSE/docker-compose.yml:443),payouts-core
route:payouts/GET /v1/payouts/_meta/summary,route,P2,real_source_running,compose payouts-api,served by the real payouts-api binary (ENV2_COMPOSE/docker-compose.yml:443),payouts-core
route:payouts/GET /v1/payouts/analytics,route,P2,real_source_running,compose payouts-api,served by the real payouts-api binary (ENV2_COMPOSE/docker-compose.yml:443),payouts-core
route:payouts/GET /v1/payouts/fetch_multiple,route,P1,real_source_running,compose payouts-api,served by the real payouts-api binary (ENV2_COMPOSE/docker-compose.yml:443),payouts-core
route:payouts/GET /v1/payouts/free_payout/:balance_id,route,P0,real_source_running,compose payouts-api,served by the real payouts-api binary (ENV2_COMPOSE/docker-compose.yml:443),payouts-core
route:payouts/GET /v1/payouts/mapped_vpa/:upi_number,route,P2,real_source_running,compose payouts-api,served by the real payouts-api binary (ENV2_COMPOSE/docker-compose.yml:443),payouts-core
route:payouts/GET /v1/payouts/payouts_internal/:payout_id,route,P1,real_source_running,compose payouts-api,served by the real payouts-api binary (ENV2_COMPOSE/docker-compose.yml:443),payouts-core
route:payouts/GET /v1/payouts/payouts_status_reason_map,route,P2,real_source_running,compose payouts-api,served by the real payouts-api binary (ENV2_COMPOSE/docker-compose.yml:443),payouts-core
route:payouts/GET /v1/payouts/schedule/timeslots,route,P1,real_source_running,compose payouts-api,served by the real payouts-api binary (ENV2_COMPOSE/docker-compose.yml:443),payouts-core
route:payouts/GET /v1/payouts/status_details/:id,route,P1,real_source_running,compose payouts-api,served by the real payouts-api binary (ENV2_COMPOSE/docker-compose.yml:443),payouts-core
route:payouts/GET /v1/payouts/xperience_get_payout/:id,route,P2,real_source_running,compose payouts-api,served by the real payouts-api binary (ENV2_COMPOSE/docker-compose.yml:443),payouts-core
route:payouts/INGRESS payouts-external /v1/cron/,route,P0,high_fidelity_replacement,sub:kong-lite (no IP allow-list; every arena call is Basic-Auth + passport only),the twin has no Traefik and no ipWhiteList middleware: the FastCron network boundary that protects /v1/cron/* in production is NOT reproduced -- cron-driver reaches payouts-api with the FastCron credential alone,external-config-deploy
route:payouts/INGRESS payouts-internal /,route,P0,high_fidelity_replacement,sub:kong-lite (no IP allow-list; every arena call is Basic-Auth + passport only),the twin has no Traefik and no ipWhiteList middleware: the FastCron network boundary that protects /v1/cron/* in production is NOT reproduced -- cron-driver reaches payouts-api with the FastCron credential alone,external-config-deploy
route:payouts/INGRESS payouts-statuscake /status,route,P0,high_fidelity_replacement,sub:kong-lite (no IP allow-list; every arena call is Basic-Auth + passport only),the twin has no Traefik and no ipWhiteList middleware: the FastCron network boundary that protects /v1/cron/* in production is NOT reproduced -- cron-driver reaches payouts-api with the FastCron credential alone,external-config-deploy
route:payouts/PATCH /v1/admin/payouts_sync,route,P1,real_source_running,compose payouts-api,served by the real payouts-api binary (ENV2_COMPOSE/docker-compose.yml:443),payouts-core
route:payouts/PATCH /v1/merchant/update_merchant_feature_cache,route,P1,real_source_running,compose payouts-api,served by the real payouts-api binary (ENV2_COMPOSE/docker-compose.yml:443),payouts-core
route:payouts/PATCH /v1/payouts/:payout_id/attachments,route,P2,real_source_running,compose payouts-api,served by the real payouts-api binary (ENV2_COMPOSE/docker-compose.yml:443),payouts-core
route:payouts/PATCH /v1/payouts/attachments,route,P2,real_source_running,compose payouts-api,served by the real payouts-api binary (ENV2_COMPOSE/docker-compose.yml:443),payouts-core
route:payouts/PATCH /v1/payouts/update_credit_transfer_payout,route,P1,real_source_running,compose payouts-api,served by the real payouts-api binary (ENV2_COMPOSE/docker-compose.yml:443),payouts-core
route:payouts/PATCH /v1/payouts/update_payouts_with_fts,route,P0,real_source_running,compose payouts-api,served by the real payouts-api binary (ENV2_COMPOSE/docker-compose.yml:443),payouts-core
route:payouts/PATCH /v1/workflow/state/:id,route,P0,real_source_running,compose payouts-api,served by the real payouts-api binary (ENV2_COMPOSE/docker-compose.yml:443),payouts-core
route:payouts/PATCH /v1/workflow/state/{id},route,P0,real_source_running,served by the real payouts-api binary in the arena,"Route exists in the running twin; only its CALLERS (batch, WFS, monolith ingress) are missing",identity-ingress
route:payouts/POST /test/email/payout-processed-contact-communication,route,P2,real_source_running,compose payouts-api,served by the real payouts-api binary (ENV2_COMPOSE/docker-compose.yml:443),payouts-core
route:payouts/POST /test/email/payout-reversed,route,P2,real_source_running,compose payouts-api,served by the real payouts-api binary (ENV2_COMPOSE/docker-compose.yml:443),payouts-core
route:payouts/POST /test/email/payout-transaction-processed,route,P2,real_source_running,compose payouts-api,served by the real payouts-api binary (ENV2_COMPOSE/docker-compose.yml:443),payouts-core
route:payouts/POST /test/sms/send,route,P2,real_source_running,compose payouts-api,served by the real payouts-api binary (ENV2_COMPOSE/docker-compose.yml:443),payouts-core
route:payouts/POST /v1/admin/:entity,route,P1,real_source_running,compose payouts-api,served by the real payouts-api binary (ENV2_COMPOSE/docker-compose.yml:443),payouts-core
route:payouts/POST /v1/admin/:entity/:id,route,P1,real_source_running,compose payouts-api,served by the real payouts-api binary (ENV2_COMPOSE/docker-compose.yml:443),payouts-core
route:payouts/POST /v1/admin/free_payout/:balance_id,route,P0,real_source_running,compose payouts-api,served by the real payouts-api binary (ENV2_COMPOSE/docker-compose.yml:443),payouts-core
route:payouts/POST /v1/admin/internal_actions/query_db,route,P1,real_source_running,compose payouts-api,served by the real payouts-api binary (ENV2_COMPOSE/docker-compose.yml:443),payouts-core
route:payouts/POST /v1/admin/merchant-configuration,route,P1,real_source_running,compose payouts-api,served by the real payouts-api binary (ENV2_COMPOSE/docker-compose.yml:443),payouts-core
route:payouts/POST /v1/banking_account_statement/process/batch,route,P0,real_source_running,real route; called by RED_LOOP/bas_fixtures,served by the real payouts-api binary (ENV2_COMPOSE/docker-compose.yml:443),money-and-statements;payouts-core
route:payouts/POST /v1/cron/banking_account_statement/fetch/initiate,route,P1,real_source_running,compose payouts-api,served by the real payouts-api binary (ENV2_COMPOSE/docker-compose.yml:443),payouts-core
route:payouts/POST /v1/cron/elasticsearch/backfill_index,route,P2,real_source_running,compose payouts-api,served by the real payouts-api binary (ENV2_COMPOSE/docker-compose.yml:443),payouts-core
route:payouts/POST /v1/cron/elasticsearch/query,route,P2,real_source_running,compose payouts-api,served by the real payouts-api binary (ENV2_COMPOSE/docker-compose.yml:443),payouts-core
route:payouts/POST /v1/cron/fund_management_payouts/check,route,P1,real_source_running,compose payouts-api,served by the real payouts-api binary (ENV2_COMPOSE/docker-compose.yml:443),payouts-core
route:payouts/POST /v1/cron/load_test/run,route,P2,real_source_running,compose payouts-api,served by the real payouts-api binary (ENV2_COMPOSE/docker-compose.yml:443),payouts-core
route:payouts/POST /v1/cron/merchant_configuration,route,P1,real_source_running,compose payouts-api,served by the real payouts-api binary (ENV2_COMPOSE/docker-compose.yml:443),payouts-core
route:payouts/POST /v1/cron/payouts_dual_write_failure_processing,route,P1,real_source_running,compose payouts-api,served by the real payouts-api binary (ENV2_COMPOSE/docker-compose.yml:443),payouts-core
route:payouts/POST /v1/cron/payouts_sla_breach_monitor,route,P1,real_source_running,compose payouts-api,served by the real payouts-api binary (ENV2_COMPOSE/docker-compose.yml:443),payouts-core
route:payouts/POST /v1/cron/process_batch_submitted_payouts,route,P0,real_source_running,served by the real payouts-api binary in the arena,"Route exists in the running twin; only its CALLERS (batch, WFS, monolith ingress) are missing",identity-ingress;payouts-core
route:payouts/POST /v1/cron/process_beneficiary_bank_on_hold_payouts,route,P0,real_source_running,compose payouts-api,served by the real payouts-api binary (ENV2_COMPOSE/docker-compose.yml:443),payouts-core
route:payouts/POST /v1/cron/process_inflight_reservation_reconciliation,route,P0,real_source_running,compose payouts-api,served by the real payouts-api binary (ENV2_COMPOSE/docker-compose.yml:443),payouts-core
route:payouts/POST /v1/cron/process_queued_low_balance_payouts,route,P0,real_source_running,compose payouts-api,served by the real payouts-api binary (ENV2_COMPOSE/docker-compose.yml:443),payouts-core
route:payouts/POST /v1/cron/process_queued_payouts,route,P0,real_source_running,compose payouts-api,served by the real payouts-api binary (ENV2_COMPOSE/docker-compose.yml:443),payouts-core
route:payouts/POST /v1/cron/process_scheduled_payouts,route,P0,real_source_running,compose payouts-api,served by the real payouts-api binary (ENV2_COMPOSE/docker-compose.yml:443),payouts-core
route:payouts/POST /v1/cron/query_db,route,P2,real_source_running,compose payouts-api,served by the real payouts-api binary (ENV2_COMPOSE/docker-compose.yml:443),payouts-core
route:payouts/POST /v1/cron/redis_key_set,route,P2,real_source_running,compose payouts-api,served by the real payouts-api binary (ENV2_COMPOSE/docker-compose.yml:443),payouts-core
route:payouts/POST /v1/cron/reverse_dual_write,route,P1,real_source_running,compose payouts-api,served by the real payouts-api binary (ENV2_COMPOSE/docker-compose.yml:443),payouts-core
route:payouts/POST /v1/cron/tidb_data_consistency_check,route,P2,real_source_running,compose payouts-api,served by the real payouts-api binary (ENV2_COMPOSE/docker-compose.yml:443),payouts-core
route:payouts/POST /v1/dev_admin/banking_account_statement/link,route,P2,real_source_running,compose payouts-api,served by the real payouts-api binary (ENV2_COMPOSE/docker-compose.yml:443),payouts-core
route:payouts/POST /v1/elasticsearch/push,route,P2,real_source_running,compose payouts-api,served by the real payouts-api binary (ENV2_COMPOSE/docker-compose.yml:443),payouts-core
route:payouts/POST /v1/elasticsearch/query,route,P2,real_source_running,compose payouts-api,served by the real payouts-api binary (ENV2_COMPOSE/docker-compose.yml:443),payouts-core
route:payouts/POST /v1/elasticsearch/raw_query,route,P2,real_source_running,compose payouts-api,served by the real payouts-api binary (ENV2_COMPOSE/docker-compose.yml:443),payouts-core
route:payouts/POST /v1/fund_accounts/validations,route,P1,real_source_running,compose payouts-api,served by the real payouts-api binary (ENV2_COMPOSE/docker-compose.yml:443),payouts-core
route:payouts/POST /v1/fund_accounts/validations/update/fts,route,P1,real_source_running,compose payouts-api,served by the real payouts-api binary (ENV2_COMPOSE/docker-compose.yml:443),payouts-core
route:payouts/POST /v1/fund_accounts/validations/update/vpa,route,P1,real_source_running,compose payouts-api,served by the real payouts-api binary (ENV2_COMPOSE/docker-compose.yml:443),payouts-core
route:payouts/POST /v1/merchant/update_on_hold_slas,route,P1,real_source_running,compose payouts-api,served by the real payouts-api binary (ENV2_COMPOSE/docker-compose.yml:443),payouts-core
route:payouts/POST /v1/merchant_onboarding,route,P0,real_source_running,compose payouts-api,served by the real payouts-api binary (ENV2_COMPOSE/docker-compose.yml:443),payouts-core
route:payouts/POST /v1/notify/downtime,route,P1,real_source_running,compose payouts-api,served by the real payouts-api binary (ENV2_COMPOSE/docker-compose.yml:443),payouts-core
route:payouts/POST /v1/notify/health/update,route,P1,real_source_running,compose payouts-api,served by the real payouts-api binary (ENV2_COMPOSE/docker-compose.yml:443),payouts-core
route:payouts/POST /v1/payloadcrypt/decrypt,route,P2,real_source_running,compose payouts-api,served by the real payouts-api binary (ENV2_COMPOSE/docker-compose.yml:443),payouts-core
route:payouts/POST /v1/payloadcrypt/encrypt,route,P2,real_source_running,compose payouts-api,served by the real payouts-api binary (ENV2_COMPOSE/docker-compose.yml:443),payouts-core
route:payouts/POST /v1/payouts,route,P0,real_source_running,compose payouts-api,served by the real payouts-api binary (ENV2_COMPOSE/docker-compose.yml:443),payouts-core
route:payouts/POST /v1/payouts/balance_update_event,route,P0,real_source_running,compose payouts-api,served by the real payouts-api binary (ENV2_COMPOSE/docker-compose.yml:443),payouts-core
route:payouts/POST /v1/payouts/banking_account_statement/payout_update,route,P0,real_source_running,real payouts binary,served by the real payouts-api binary (ENV2_COMPOSE/docker-compose.yml:443),money-and-statements;payouts-core
route:payouts/POST /v1/payouts/batch/process,route,P1,real_source_running,served by the real payouts-api binary in the arena,"Route exists in the running twin; only its CALLERS (batch, WFS, monolith ingress) are missing",identity-ingress;payouts-core
route:payouts/POST /v1/payouts/bene_bank_status_update,route,P1,real_source_running,compose payouts-api,served by the real payouts-api binary (ENV2_COMPOSE/docker-compose.yml:443),payouts-core
route:payouts/POST /v1/payouts/bulk,route,P0,real_source_running,served by the real payouts-api binary in the arena,"Route exists in the running twin; only its CALLERS (batch, WFS, monolith ingress) are missing",identity-ingress;payouts-core
route:payouts/POST /v1/payouts/bulk/validate,route,P1,real_source_running,served by the real payouts-api binary in the arena,"Route exists in the running twin; only its CALLERS (batch, WFS, monolith ingress) are missing",identity-ingress;payouts-core
route:payouts/POST /v1/payouts/cancel_payout/:payout_id,route,P0,real_source_running,compose payouts-api,served by the real payouts-api binary (ENV2_COMPOSE/docker-compose.yml:443),payouts-core
route:payouts/POST /v1/payouts/consistency_checker,route,P1,real_source_running,compose payouts-api,served by the real payouts-api binary (ENV2_COMPOSE/docker-compose.yml:443),payouts-core
route:payouts/POST /v1/payouts/duplicate_payout_evaluate,route,P1,real_source_running,compose payouts-api,served by the real payouts-api binary (ENV2_COMPOSE/docker-compose.yml:443),payouts-core
route:payouts/POST /v1/payouts/elasticsearch/backfill_index,route,P2,real_source_running,compose payouts-api,served by the real payouts-api binary (ENV2_COMPOSE/docker-compose.yml:443),payouts-core
route:payouts/POST /v1/payouts/free_payout_migration,route,P2,real_source_running,compose payouts-api,served by the real payouts-api binary (ENV2_COMPOSE/docker-compose.yml:443),payouts-core
route:payouts/POST /v1/payouts/internal_contact_payout,route,P1,real_source_running,compose payouts-api,served by the real payouts-api binary (ENV2_COMPOSE/docker-compose.yml:443),payouts-core
route:payouts/POST /v1/payouts/manual_action,route,P1,real_source_running,served by the real payouts-api binary in the arena,"Route exists in the running twin; only its CALLERS (batch, WFS, monolith ingress) are missing",identity-ingress;payouts-core
route:payouts/POST /v1/payouts/on_hold/process,route,P0,real_source_running,compose payouts-api,served by the real payouts-api binary (ENV2_COMPOSE/docker-compose.yml:443),payouts-core
route:payouts/POST /v1/payouts/payout_internal,route,P1,real_source_running,compose payouts-api,served by the real payouts-api binary (ENV2_COMPOSE/docker-compose.yml:443),payouts-core
route:payouts/POST /v1/payouts/payouts_internal,route,P1,real_source_running,compose payouts-api,served by the real payouts-api binary (ENV2_COMPOSE/docker-compose.yml:443),payouts-core
route:payouts/POST /v1/payouts/payouts_internal/:payout_id/approve,route,P0,real_source_running,compose payouts-api,served by the real payouts-api binary (ENV2_COMPOSE/docker-compose.yml:443),payouts-core
route:payouts/POST /v1/payouts/payouts_internal/:payout_id/reject,route,P0,real_source_running,compose payouts-api,served by the real payouts-api binary (ENV2_COMPOSE/docker-compose.yml:443),payouts-core
route:payouts/POST /v1/payouts/payouts_internal/{payout_id}/approve,route,P0,real_source_running,served by the real payouts-api binary in the arena,"Route exists in the running twin; only its CALLERS (batch, WFS, monolith ingress) are missing",identity-ingress
route:payouts/POST /v1/payouts/payouts_internal/{payout_id}/reject,route,P0,real_source_running,served by the real payouts-api binary in the arena,"Route exists in the running twin; only its CALLERS (batch, WFS, monolith ingress) are missing",identity-ingress
route:payouts/POST /v1/payouts/retry,route,P0,real_source_running,compose payouts-api,served by the real payouts-api binary (ENV2_COMPOSE/docker-compose.yml:443),payouts-core
route:payouts/POST /v1/payouts/retry/source_update,route,P1,real_source_running,compose payouts-api,served by the real payouts-api binary (ENV2_COMPOSE/docker-compose.yml:443),payouts-core
route:payouts/POST /v1/payouts/rzp_fees_payout,route,P1,real_source_running,compose payouts-api,served by the real payouts-api binary (ENV2_COMPOSE/docker-compose.yml:443),payouts-core
route:payouts/POST /v1/payouts/scheduled/process,route,P0,real_source_running,compose payouts-api,served by the real payouts-api binary (ENV2_COMPOSE/docker-compose.yml:443),payouts-core
route:payouts/POST /v1/payouts/set_pricing_rule_info,route,P1,real_source_running,compose payouts-api,served by the real payouts-api binary (ENV2_COMPOSE/docker-compose.yml:443),payouts-core
route:payouts/POST /v1/payouts/shield/evaluate,route,P1,real_source_running,compose payouts-api,served by the real payouts-api binary (ENV2_COMPOSE/docker-compose.yml:443),payouts-core
route:payouts/POST /v1/payouts/transfer_status_webhook,route,P0,real_source_running,compose payouts-api,served by the real payouts-api binary (ENV2_COMPOSE/docker-compose.yml:443),payouts-core
route:payouts/POST /v1/payouts/translate_account_number_to_balance_id,route,P2,real_source_running,compose payouts-api,served by the real payouts-api binary (ENV2_COMPOSE/docker-compose.yml:443),payouts-core
route:payouts/POST /v1/payouts/update_payouts_details_with_fts,route,P0,real_source_running,compose payouts-api,served by the real payouts-api binary (ENV2_COMPOSE/docker-compose.yml:443),payouts-core
route:payouts/POST /v1/workflow/state,route,P0,real_source_running,served by the real payouts-api binary in the arena,"Route exists in the running twin; only its CALLERS (batch, WFS, monolith ingress) are missing",identity-ingress;payouts-core
route:payouts/POST /v2/payouts,route,P0,real_source_running,compose payouts-api,served by the real payouts-api binary (ENV2_COMPOSE/docker-compose.yml:443),payouts-core
route:payouts/POST /v2/payouts/internal_contact_payout,route,P1,real_source_running,compose payouts-api,served by the real payouts-api binary (ENV2_COMPOSE/docker-compose.yml:443),payouts-core
route:payouts/POST /v2/payouts/payouts_internal,route,P1,real_source_running,compose payouts-api,served by the real payouts-api binary (ENV2_COMPOSE/docker-compose.yml:443),payouts-core
route:payouts/PUT /v1/admin/merchant-configuration,route,P1,real_source_running,compose payouts-api,served by the real payouts-api binary (ENV2_COMPOSE/docker-compose.yml:443),payouts-core
route:payouts/PUT /v1/cron/elasticsearch/mapping,route,P2,real_source_running,compose payouts-api,served by the real payouts-api binary (ENV2_COMPOSE/docker-compose.yml:443),payouts-core
route:payouts/PUT /v1/cron/log_sampling,route,P2,real_source_running,compose payouts-api,served by the real payouts-api binary (ENV2_COMPOSE/docker-compose.yml:443),payouts-core
route:payouts/PUT /v1/cron/merchant_configuration,route,P1,real_source_running,compose payouts-api,served by the real payouts-api binary (ENV2_COMPOSE/docker-compose.yml:443),payouts-core
route:payouts/PUT /v1/elasticsearch/mapping,route,P2,real_source_running,compose payouts-api,served by the real payouts-api binary (ENV2_COMPOSE/docker-compose.yml:443),payouts-core
route:payouts/PUT /v1/fund-management-payout/balance-config/merchants/:merchant_id,route,P1,real_source_running,compose payouts-api,served by the real payouts-api binary (ENV2_COMPOSE/docker-compose.yml:443),payouts-core
route:recon/POST /workflow_file,route,P0,graph_only,,,money-and-statements
route:shield/POST /v1/rules/evaluate/payout,route,P0,high_fidelity_replacement,sub:shield-stub,,external-config-deploy
route:splitz/POST /twirp/rzp.splitz.evaluate.v1.EvaluateAPI/Evaluate,route,P1,high_fidelity_replacement,sub:splitz-stub,,external-config-deploy
route:splitz/POST /twirp/rzp.splitz.evaluate.v1.EvaluateAPI/EvaluateBulk,route,P2,high_fidelity_replacement,sub:splitz-stub,,external-config-deploy
route:splitz/POST /twirp/rzp.splitz.evaluate.v1.EvaluateAPI/FetchDecisionContext,route,P2,behavioural_placeholder,sub:splitz-stub (returns {experiments: []}),,external-config-deploy
route:stork/INGRESS stork-karix-email-callback-ext /email/callback/karix,route,P0,graph_only,,the twin has no Traefik and no ipWhiteList middleware: the FastCron network boundary that protects /v1/cron/* in production is NOT reproduced -- cron-driver reaches payouts-api with the FastCron credential alone,external-config-deploy
route:stork/POST /twirp/rzp.stork.email.v1.EmailAPI/Send,route,P2,behavioural_placeholder,sub:stork-capture (log+store only),,external-config-deploy
route:stork/POST /twirp/rzp.stork.sms.v1.SMSAPI/Send,route,P2,behavioural_placeholder,sub:stork-capture (log+store only),,external-config-deploy
route:stork/POST /twirp/rzp.stork.webhook.v1.WebhookAPI/Create,route,P1,high_fidelity_replacement,sub:stork-capture,,external-config-deploy
route:stork/POST /twirp/rzp.stork.webhook.v1.WebhookAPI/List,route,P2,high_fidelity_replacement,sub:stork-capture,,external-config-deploy
route:stork/POST /twirp/rzp.stork.webhook.v1.WebhookAPI/ProcessEvent,route,P0,high_fidelity_replacement,sub:stork-capture,,external-config-deploy
route:ups/POST /v1/payments/validate/account,route,P2,graph_only,,,external-config-deploy
route:ups/POST /v1/payments/validate/vpa,route,P2,graph_only,,,external-config-deploy
route:validx/GET /v1/internal/validations/{id},route,P2,graph_only,,,external-config-deploy
route:validx/POST /v1/internal/validations,route,P1,graph_only,,,external-config-deploy
route:validx/POST /v1/internal/validations/manual-action,route,P2,graph_only,,,external-config-deploy
route:validx/POST /v1/internal/validations/webhook/fts,route,P1,graph_only,,,external-config-deploy
route:validx/POST /v2/internal/validations,route,P2,graph_only,,,external-config-deploy
route:vendor-payments/POST /twirp/vendorpayments.Vendorpayments/PayoutStatusChange,route,P1,graph_only,,,external-config-deploy
route:virtual-account/GET /v1/internal/virtual_accounts/by_account,route,P1,real_source_mapped_not_running,,,money-and-statements
route:virtual-account/GET /v1/internal/virtual_accounts/by_vpa,route,P2,real_source_mapped_not_running,,,money-and-statements
route:virtual-account/GET /v1/internal/virtual_accounts/{id},route,P2,real_source_mapped_not_running,,,money-and-statements
route:virtual-account/POST /twirp/rzp.x.virtualaccount.v1.VirtualAccountService/Create,route,P2,graph_only,,,external-config-deploy
route:virtual-account/POST /twirp/rzp.x.virtualaccount.v1.VirtualAccountService/GetByAccountNumber,route,P2,graph_only,,,external-config-deploy
route:virtual-account/POST /v1/internal/admin/force_delete,route,P2,real_source_mapped_not_running,,,money-and-statements
route:virtual-account/POST /v1/internal/admin/manual_patch,route,P2,real_source_mapped_not_running,,,money-and-statements
route:virtual-account/POST /v1/internal/virtual_accounts,route,P2,real_source_mapped_not_running,,,money-and-statements
route:virtual-account/POST /v1/internal/virtual_accounts/banking,route,P1,real_source_mapped_not_running,,,money-and-statements
route:virtual-account/POST /v1/internal/virtual_accounts/{id}/close,route,P2,real_source_mapped_not_running,,,money-and-statements
route:virtual-account/POST /v1/internal/virtual_accounts/{id}/paid,route,P2,real_source_mapped_not_running,,,money-and-statements
route:virtual-account/POST /v1/internal/virtual_accounts/{id}/trigger_credited_webhook,route,P2,real_source_mapped_not_running,,,money-and-statements
route:workflows/ActionAPI.Create,route,P1,graph_only,,Only WorkflowAPI/Create is served by the twin's wfengine substitute (ENV2_COMPOSE/substitutes/workflow-engine/wfengine/server.go:161-197); no other RPC exists,identity-ingress
route:workflows/ActionAPI.CreateDirectOnWorkflow,route,P0,graph_only,,Only WorkflowAPI/Create is served by the twin's wfengine substitute (ENV2_COMPOSE/substitutes/workflow-engine/wfengine/server.go:161-197); no other RPC exists,identity-ingress
route:workflows/ActionAPI.CreateWithEntityId,route,P0,graph_only,,Only WorkflowAPI/Create is served by the twin's wfengine substitute (ENV2_COMPOSE/substitutes/workflow-engine/wfengine/server.go:161-197); no other RPC exists,identity-ingress
route:workflows/ActionAPI.List,route,P2,graph_only,,Only WorkflowAPI/Create is served by the twin's wfengine substitute (ENV2_COMPOSE/substitutes/workflow-engine/wfengine/server.go:161-197); no other RPC exists,identity-ingress
route:workflows/CommentAPI.Create,route,P2,graph_only,,Only WorkflowAPI/Create is served by the twin's wfengine substitute (ENV2_COMPOSE/substitutes/workflow-engine/wfengine/server.go:161-197); no other RPC exists,identity-ingress
route:workflows/ConfigAPI.Create,route,P1,graph_only,,Only WorkflowAPI/Create is served by the twin's wfengine substitute (ENV2_COMPOSE/substitutes/workflow-engine/wfengine/server.go:161-197); no other RPC exists,identity-ingress
route:workflows/ConfigAPI.CreateV2,route,P0,graph_only,,Only WorkflowAPI/Create is served by the twin's wfengine substitute (ENV2_COMPOSE/substitutes/workflow-engine/wfengine/server.go:161-197); no other RPC exists,identity-ingress
route:workflows/ConfigAPI.DeleteV2,route,P2,graph_only,,Only WorkflowAPI/Create is served by the twin's wfengine substitute (ENV2_COMPOSE/substitutes/workflow-engine/wfengine/server.go:161-197); no other RPC exists,identity-ingress
route:workflows/ConfigAPI.Get,route,P2,graph_only,,Only WorkflowAPI/Create is served by the twin's wfengine substitute (ENV2_COMPOSE/substitutes/workflow-engine/wfengine/server.go:161-197); no other RPC exists,identity-ingress
route:workflows/ConfigAPI.List,route,P2,graph_only,,Only WorkflowAPI/Create is served by the twin's wfengine substitute (ENV2_COMPOSE/substitutes/workflow-engine/wfengine/server.go:161-197); no other RPC exists,identity-ingress
route:workflows/ConfigAPI.UpdateV2,route,P1,graph_only,,Only WorkflowAPI/Create is served by the twin's wfengine substitute (ENV2_COMPOSE/substitutes/workflow-engine/wfengine/server.go:161-197); no other RPC exists,identity-ingress
route:workflows/HealthCheckAPI.Check,route,P2,graph_only,,Only WorkflowAPI/Create is served by the twin's wfengine substitute (ENV2_COMPOSE/substitutes/workflow-engine/wfengine/server.go:161-197); no other RPC exists,identity-ingress
route:workflows/WorkflowAPI.AddAssignee,route,P2,graph_only,,Only WorkflowAPI/Create is served by the twin's wfengine substitute (ENV2_COMPOSE/substitutes/workflow-engine/wfengine/server.go:161-197); no other RPC exists,identity-ingress
route:workflows/WorkflowAPI.AdminAction,route,P1,graph_only,,Only WorkflowAPI/Create is served by the twin's wfengine substitute (ENV2_COMPOSE/substitutes/workflow-engine/wfengine/server.go:161-197); no other RPC exists,identity-ingress
route:workflows/WorkflowAPI.Create,route,P0,graph_only,,Only WorkflowAPI/Create is served by the twin's wfengine substitute (ENV2_COMPOSE/substitutes/workflow-engine/wfengine/server.go:161-197); no other RPC exists,identity-ingress
route:workflows/WorkflowAPI.Get,route,P1,graph_only,,Only WorkflowAPI/Create is served by the twin's wfengine substitute (ENV2_COMPOSE/substitutes/workflow-engine/wfengine/server.go:161-197); no other RPC exists,identity-ingress
route:workflows/WorkflowAPI.List,route,P1,graph_only,,Only WorkflowAPI/Create is served by the twin's wfengine substitute (ENV2_COMPOSE/substitutes/workflow-engine/wfengine/server.go:161-197); no other RPC exists,identity-ingress
route:workflows/WorkflowAPI.ListByIds,route,P1,graph_only,,Only WorkflowAPI/Create is served by the twin's wfengine substitute (ENV2_COMPOSE/substitutes/workflow-engine/wfengine/server.go:161-197); no other RPC exists,identity-ingress
route:workflows/WorkflowAPI.ListPending,route,P0,graph_only,,Only WorkflowAPI/Create is served by the twin's wfengine substitute (ENV2_COMPOSE/substitutes/workflow-engine/wfengine/server.go:161-197); no other RPC exists,identity-ingress
route:workflows/WorkflowAPI.RemoveAssignee,route,P2,graph_only,,Only WorkflowAPI/Create is served by the twin's wfengine substitute (ENV2_COMPOSE/substitutes/workflow-engine/wfengine/server.go:161-197); no other RPC exists,identity-ingress
route:workflows/WorkflowAPI.Terminate,route,P0,graph_only,,Only WorkflowAPI/Create is served by the twin's wfengine substitute (ENV2_COMPOSE/substitutes/workflow-engine/wfengine/server.go:161-197); no other RPC exists,identity-ingress
route:x-balances/GET /ready,route,P2,real_source_running,xbalances-server,real binary,money-and-statements
route:x-balances/GET /v1/accounts,route,P0,real_source_running,xbalances-server,real binary,money-and-statements
route:x-balances/GET /v1/balances/{id},route,P0,real_source_running,xbalances-server,real binary,money-and-statements
route:x-balances/GET /v1/cron/balance/stale-entries/report,route,P2,real_source_running,xbalances-server,real binary,money-and-statements
route:x-balances/GET /v1/sub_balance,route,P2,real_source_running,xbalances-server,real binary,money-and-statements
route:x-balances/GET /v1/sub_balance/limits,route,P2,real_source_running,xbalances-server,real binary,money-and-statements
route:x-balances/GET /v1/sub_balance/{id},route,P2,real_source_running,xbalances-server,real binary,money-and-statements
route:x-balances/PATCH /v1/sub_balance/{id},route,P2,real_source_running,xbalances-server,real binary,money-and-statements
route:x-balances/POST /v1/admin/admin-actions,route,P1,real_source_running,xbalances-server,real binary,money-and-statements
route:x-balances/POST /v1/balance/create,route,P0,real_source_running,xbalances-server,"real binary; fetch/create paths miss seeded rows (status='activated' vs 'active', T04 C1)",money-and-statements
route:x-balances/POST /v1/balance/fetch,route,P0,real_source_running,xbalances-server,"real binary; fetch/create paths miss seeded rows (status='activated' vs 'active', T04 C1)",money-and-statements
route:x-balances/POST /v1/balances,route,P1,real_source_running,xbalances-server,real binary,money-and-statements
route:x-balances/POST /v1/cron/balance/{channel}/fetch,route,P0,real_source_running,xbalances-server,"real binary; fetch/create paths miss seeded rows (status='activated' vs 'active', T04 C1)",money-and-statements
route:x-balances/POST /v1/sub_balance,route,P1,real_source_running,xbalances-server,real binary,money-and-statements
route:x-balances/POST /v1/sub_balance/create_limit,route,P2,real_source_running,xbalances-server,"real binary; fetch/create paths miss seeded rows (status='activated' vs 'active', T04 C1)",money-and-statements
route:xas/GET /live,route,P2,high_fidelity_replacement,xas-sim,ENV2_COMPOSE/substitutes/xas-sim/server.py:677-681 route table,money-and-statements
route:xas/GET /v1/account_statements,route,P1,high_fidelity_replacement,xas-sim,ENV2_COMPOSE/substitutes/xas-sim/server.py:677-681 route table,money-and-statements
route:xas/GET /v1/account_statements/fetch_multiple_by_reference_numbers,route,P0,high_fidelity_replacement,xas-sim,ENV2_COMPOSE/substitutes/xas-sim/server.py:677-681 route table,money-and-statements
route:xas/GET /v2/account_statements,route,P2,real_source_mapped_not_running,,not in xas-sim,money-and-statements
route:xas/POST /v1/accounts,route,P1,real_source_mapped_not_running,,,money-and-statements
route:xas/POST /v1/accounts/update,route,P2,real_source_mapped_not_running,,not in xas-sim,money-and-statements
route:xas/POST /v1/banking_account_statement/fetch/initiate,route,P0,real_source_mapped_not_running,,not in xas-sim,money-and-statements
route:xas/POST /v1/banking_account_statement/fetch/manual,route,P1,real_source_mapped_not_running,,not in xas-sim,money-and-statements
route:xas/POST /v1/source_event/fetch,route,P1,high_fidelity_replacement,xas-sim,ENV2_COMPOSE/substitutes/xas-sim/server.py:677-681 route table,money-and-statements
route:xas/POST /v1/statement/delete,route,P2,real_source_mapped_not_running,,not in xas-sim,money-and-statements
route:xas/POST /v1/statement/dual_write,route,P0,high_fidelity_replacement,xas-sim,ENV2_COMPOSE/substitutes/xas-sim/server.py:677-681 route table,money-and-statements
route:xas/POST /v1/statement/enrich_statements,route,P1,high_fidelity_replacement,xas-sim,ENV2_COMPOSE/substitutes/xas-sim/server.py:677-681 route table,money-and-statements
route:xas/POST /v1/trigger_migration,route,P2,real_source_mapped_not_running,,not in xas-sim,money-and-statements
route:xperience/GET /v1/bulk-payouts/_meta/summary,route,P2,graph_only,,xperience is absent from the twin,identity-ingress
route:xperience/GET /v1/bulk-payouts/fetch/all,route,P1,graph_only,,xperience is absent from the twin,identity-ingress
route:xperience/GET /v1/bulk-payouts/fetch/me,route,P1,graph_only,,xperience is absent from the twin,identity-ingress
route:xperience/GET /v1/bulk-payouts/fetch/my-approvals,route,P0,graph_only,,xperience is absent from the twin,identity-ingress
route:xperience/GET /v1/bulk-payouts/pending,route,P1,graph_only,,xperience is absent from the twin,identity-ingress
route:xperience/GET /v1/bulk-payouts/workflow/summary,route,P1,graph_only,,xperience is absent from the twin,identity-ingress
route:xperience/GET /v1/bulk-payouts/{id},route,P1,graph_only,,xperience is absent from the twin,identity-ingress
route:xperience/GET /v1/bulk-payouts/{id}/rows,route,P1,graph_only,,xperience is absent from the twin,identity-ingress
route:xperience/POST /v1/bulk-payouts,route,P0,graph_only,,xperience is absent from the twin,identity-ingress
route:xperience/POST /v1/bulk-payouts/approve,route,P0,graph_only,,xperience is absent from the twin,identity-ingress
route:xperience/POST /v1/bulk-payouts/callbacks/workflow-action,route,P0,graph_only,,absent from the twin,identity-ingress
route:xperience/POST /v1/bulk-payouts/callbacks/workflow-state,route,P0,graph_only,,absent from the twin,identity-ingress
route:xperience/POST /v1/bulk-payouts/reject,route,P0,graph_only,,xperience is absent from the twin,identity-ingress
route:xperience/POST /v1/bulk-payouts/reject/owner,route,P1,graph_only,,xperience is absent from the twin,identity-ingress
route:xperience/POST /v1/bulk-payouts/validate,route,P0,graph_only,,xperience is absent from the twin,identity-ingress
route:xperience/POST /v1/bulk-payouts/{id}/process,route,P0,graph_only,,xperience is absent from the twin,identity-ingress
state:batch/CANCELLED,state,P1,graph_only,,absent from the twin,identity-ingress
state:batch/COMPLETED,state,P1,graph_only,,absent from the twin,identity-ingress
state:batch/CREATED,state,P1,graph_only,,absent from the twin,identity-ingress
state:batch/FAILED,state,P1,graph_only,,absent from the twin,identity-ingress
state:batch/OUTPUT,state,P1,graph_only,,absent from the twin,identity-ingress
state:batch/PAUSED,state,P1,graph_only,,absent from the twin,identity-ingress
state:batch/PROCESSING,state,P1,graph_only,,absent from the twin,identity-ingress
state:batch/STAGING,state,P1,graph_only,,absent from the twin,identity-ingress
state:batch/VALIDATED,state,P1,graph_only,,absent from the twin,identity-ingress
state:batch/VALIDATING,state,P1,graph_only,,absent from the twin,identity-ingress
state:batch/VALIDATION_FAILED,state,P1,graph_only,,absent from the twin,identity-ingress
state:batch_entry/CREATED,state,P1,graph_only,,,identity-ingress
state:batch_entry/FAILED,state,P1,graph_only,,,identity-ingress
state:batch_entry/PROCESSED,state,P1,graph_only,,,identity-ingress
state:batch_entry/VALIDATED,state,P1,graph_only,,,identity-ingress
state:bulk_payout/created,state,P1,graph_only,,absent from the twin,identity-ingress
state:bulk_payout/failed,state,P1,graph_only,,absent from the twin,identity-ingress
state:bulk_payout/pending,state,P1,graph_only,,absent from the twin,identity-ingress
state:bulk_payout/processed,state,P1,graph_only,,absent from the twin,identity-ingress
state:bulk_payout/processing,state,P1,graph_only,,absent from the twin,identity-ingress
state:bulk_payout/rejected,state,P1,graph_only,,absent from the twin,identity-ingress
state:bulk_payout/validated,state,P1,graph_only,,absent from the twin,identity-ingress
state:bulk_payout/validating,state,P1,graph_only,,absent from the twin,identity-ingress
state:bulk_payout/validation_failed,state,P1,graph_only,,absent from the twin,identity-ingress
state:contact-type/customer,state,P0,real_source_running,cfa-server,,money-and-statements
state:contact-type/employee,state,P1,real_source_running,cfa-server,,money-and-statements
state:contact-type/rzp_capital_collections,state,P2,real_source_running,cfa-server,,money-and-statements
state:contact-type/rzp_charge_collections,state,P2,real_source_running,cfa-server,,money-and-statements
state:contact-type/rzp_fees,state,P2,real_source_running,cfa-server,,money-and-statements
state:contact-type/rzp_tax_pay,state,P2,real_source_running,cfa-server,,money-and-statements
state:contact-type/rzp_xpayroll,state,P2,real_source_running,cfa-server,,money-and-statements
state:contact-type/self,state,P1,real_source_running,cfa-server,,money-and-statements
state:contact-type/vendor,state,P1,real_source_running,cfa-server,,money-and-statements
state:fts_attempt/created,state,P0,real_source_running,,pkg/transition FSM in real binary,fts-mozart
state:fts_attempt/failed,state,P0,real_source_running,,pkg/transition FSM in real binary,fts-mozart
state:fts_attempt/failed_internal,state,P0,real_source_running,,pkg/transition FSM in real binary,fts-mozart
state:fts_attempt/initiated,state,P0,real_source_running,,pkg/transition FSM in real binary,fts-mozart
state:fts_attempt/new,state,P0,real_source_running,,pkg/transition FSM in real binary,fts-mozart
state:fts_attempt/processed,state,P0,real_source_running,,pkg/transition FSM in real binary,fts-mozart
state:fts_attempt/retry,state,P0,real_source_running,,pkg/transition FSM in real binary,fts-mozart
state:fts_attempt/reversed,state,P0,real_source_running,,pkg/transition FSM in real binary,fts-mozart
state:fts_transfer/created,state,P0,real_source_running,,pkg/transition FSM in real binary,fts-mozart
state:fts_transfer/failed,state,P0,real_source_running,,pkg/transition FSM in real binary,fts-mozart
state:fts_transfer/initiated,state,P0,real_source_running,,pkg/transition FSM in real binary,fts-mozart
state:fts_transfer/new,state,P0,real_source_running,,pkg/transition FSM in real binary,fts-mozart
state:fts_transfer/processed,state,P0,real_source_running,,pkg/transition FSM in real binary,fts-mozart
state:fts_transfer/retry,state,P0,real_source_running,,pkg/transition FSM in real binary,fts-mozart
state:fts_transfer/reversed,state,P0,real_source_running,,pkg/transition FSM in real binary,fts-mozart
state:fts_transfer/user_pending,state,P0,real_source_running,,pkg/transition FSM in real binary,fts-mozart
state:fund-account-type/bank_account,state,P0,real_source_running,"cfa-server (Vault/BIN/Token/ApiService Mock=true in the twin, so the card pipeline is stubbed)","real CFA binary validates; card external calls mocked (ENV2_COMPOSE/config/templates/base/cfa/arena.toml, DEV-092)",money-and-statements
state:fund-account-type/card,state,P1,real_source_running,"cfa-server (Vault/BIN/Token/ApiService Mock=true in the twin, so the card pipeline is stubbed)","real CFA binary validates; card external calls mocked (ENV2_COMPOSE/config/templates/base/cfa/arena.toml, DEV-092)",money-and-statements
state:fund-account-type/mobile,state,P2,graph_only,,"real CFA binary validates; card external calls mocked (ENV2_COMPOSE/config/templates/base/cfa/arena.toml, DEV-092)",money-and-statements
state:fund-account-type/vpa,state,P0,real_source_running,"cfa-server (Vault/BIN/Token/ApiService Mock=true in the twin, so the card pipeline is stubbed)","real CFA binary validates; card external calls mocked (ENV2_COMPOSE/config/templates/base/cfa/arena.toml, DEV-092)",money-and-statements
state:fund-account-type/wallet_account,state,P1,real_source_running,"cfa-server (Vault/BIN/Token/ApiService Mock=true in the twin, so the card pipeline is stubbed)","real CFA binary validates; card external calls mocked (ENV2_COMPOSE/config/templates/base/cfa/arena.toml, DEV-092)",money-and-statements
state:fund-account/active,state,P0,real_source_running,,,money-and-statements
state:fund-account/inactive,state,P0,real_source_running,,,money-and-statements
state:ledger-account/activated,state,P1,real_source_running,,,money-and-statements
state:ledger-account/archived,state,P1,real_source_running,,,money-and-statements
state:ledger-account/deactivated,state,P1,real_source_running,,,money-and-statements
state:ledger-account/in_review,state,P1,real_source_running,,,money-and-statements
state:payout/batch_submitted,state,P0,real_source_running,real payouts state machine in the arena,state machine init runs in payouts-api and every worker,identity-ingress;payouts-core
state:payout/cancelled,state,P0,real_source_running,,state machine init runs in payouts-api and every worker,payouts-core
state:payout/create_request_submitted,state,P0,real_source_running,,state machine init runs in payouts-api and every worker,payouts-core
state:payout/created,state,P0,real_source_running,,state machine init runs in payouts-api and every worker,payouts-core
state:payout/failed,state,P0,real_source_running,,state machine init runs in payouts-api and every worker,payouts-core
state:payout/initiated,state,P0,real_source_running,,state machine init runs in payouts-api and every worker,payouts-core
state:payout/ledger_response_awaited,state,P0,real_source_running,,state machine init runs in payouts-api and every worker,payouts-core
state:payout/on_hold,state,P0,real_source_running,,state machine init runs in payouts-api and every worker,payouts-core
state:payout/pending,state,P0,real_source_running,real payouts state machine in the arena,state machine init runs in payouts-api and every worker,identity-ingress;payouts-core
state:payout/pending_on_otp,state,P2,graph_only,,declared in states.go:10 and status.go:11 but never registered with sm.State/sm.Event,payouts-core
state:payout/processed,state,P0,real_source_running,,state machine init runs in payouts-api and every worker,payouts-core
state:payout/queued,state,P0,real_source_running,,state machine init runs in payouts-api and every worker,payouts-core
state:payout/rejected,state,P0,real_source_running,real payouts state machine in the arena,state machine init runs in payouts-api and every worker,identity-ingress;payouts-core
state:payout/reversed,state,P0,real_source_running,,state machine init runs in payouts-api and every worker,payouts-core
state:payout/scheduled,state,P0,real_source_running,,state machine init runs in payouts-api and every worker,payouts-core
state:reservation/awaiting_balance_refresh,state,P0,real_source_running,redis; GET /v1/inflight_reservations,,money-and-statements
state:reservation/live,state,P0,real_source_running,redis; GET /v1/inflight_reservations,,money-and-statements
state:s2p/adapter.boundary-get,state,P0,high_fidelity_replacement,api-ingress,runtime-fidelity-overlay.json CONTRACT_FAITHFUL_REPLACEMENT (trace requirements remittance_boundary),zz-s2p-namespace
state:s2p/adapter.boundary-patch,state,P0,high_fidelity_replacement,api-ingress,runtime-fidelity-overlay.json CONTRACT_FAITHFUL_REPLACEMENT (trace requirements tds_persisted),zz-s2p-namespace
state:s2p/adapter.boundary-post,state,P0,high_fidelity_replacement,api-ingress,runtime-fidelity-overlay.json CONTRACT_FAITHFUL_REPLACEMENT (trace requirements remittance_boundary),zz-s2p-namespace
state:s2p/adapter.http-handler,state,P0,high_fidelity_replacement,runtime/source-driver,runtime-fidelity-overlay.json CONTRACT_FAITHFUL_REPLACEMENT (trace requirements pay_requested),zz-s2p-namespace
state:s2p/adapter.kafka-consume,state,P0,high_fidelity_replacement,runtime/source-driver,runtime-fidelity-overlay.json CONTRACT_FAITHFUL_REPLACEMENT (trace requirements kafka_ingest),zz-s2p-namespace
state:s2p/tax_payment/created,state,P1,real_source_running,s2p-vp-source,,zz-s2p-namespace
state:s2p/tax_payment/money_loading_initiated,state,P1,real_source_running,s2p-vp-source,,zz-s2p-namespace
state:s2p/tax_payment/money_loading_success,state,P1,real_source_running,s2p-vp-source,,zz-s2p-namespace
state:s2p/tax_payment/processing,state,P1,real_source_running,s2p-vp-source,,zz-s2p-namespace
state:s2p/vp.add-tax-entry,state,P0,real_source_running,s2p-vp-source,runtime-fidelity-overlay.json ACTUAL_SOURCE_RUNNING (trace requirements tds_persisted),zz-s2p-namespace
state:s2p/vp.create-payout,state,P0,real_source_running,s2p-vp-source,runtime-fidelity-overlay.json ACTUAL_SOURCE_RUNNING (trace requirements remittance_created),zz-s2p-namespace
state:s2p/vp.handle-initiate-tds,state,P0,real_source_running,s2p-vp-source,runtime-fidelity-overlay.json ACTUAL_SOURCE_RUNNING (trace requirements kafka_ingest),zz-s2p-namespace
state:s2p/vp.initiate-tds,state,P0,real_source_running,s2p-vp-source,runtime-fidelity-overlay.json ACTUAL_SOURCE_RUNNING (trace requirements tds_persisted),zz-s2p-namespace
state:s2p/vp.internal-contact-payout,state,P0,real_source_running,s2p-vp-source,runtime-fidelity-overlay.json ACTUAL_SOURCE_RUNNING (trace requirements remittance_created),zz-s2p-namespace
state:s2p/vp.lock-create-payout,state,P0,real_source_running,s2p-vp-source,runtime-fidelity-overlay.json ACTUAL_SOURCE_RUNNING (trace requirements remittance_created),zz-s2p-namespace
state:s2p/vp.pay,state,P0,real_source_running,s2p-vp-source,runtime-fidelity-overlay.json ACTUAL_SOURCE_RUNNING (trace requirements pay_requested),zz-s2p-namespace
state:s2p/vp.payout-status-change,state,P0,real_source_running,s2p-vp-source,runtime-fidelity-overlay.json ACTUAL_SOURCE_RUNNING (trace requirements callback_received),zz-s2p-namespace
state:s2p/vp.payout-status-updated,state,P0,real_source_running,s2p-vp-source,runtime-fidelity-overlay.json ACTUAL_SOURCE_RUNNING (trace requirements money_loading_success),zz-s2p-namespace
state:s2p/vp.process-message,state,P0,real_source_running,s2p-vp-source,runtime-fidelity-overlay.json ACTUAL_SOURCE_RUNNING (trace requirements kafka_ingest),zz-s2p-namespace
state:s2p/vp.set-money-loading-initiated,state,P0,real_source_running,s2p-vp-source,runtime-fidelity-overlay.json ACTUAL_SOURCE_RUNNING (trace requirements money_loading_initiated),zz-s2p-namespace
state:s2p/vp.tax-fund-account,state,P0,real_source_running,s2p-vp-source,runtime-fidelity-overlay.json ACTUAL_SOURCE_RUNNING (trace requirements remittance_boundary),zz-s2p-namespace
state:s2p/vp.verify-otp,state,P0,real_source_running,s2p-vp-source,runtime-fidelity-overlay.json ACTUAL_SOURCE_RUNNING (trace requirements remittance_boundary),zz-s2p-namespace
state:statement-link/external,state,P0,high_fidelity_replacement,,,money-and-statements
state:statement-link/payout,state,P0,high_fidelity_replacement,,,money-and-statements
state:statement-link/payout_reversal,state,P0,high_fidelity_replacement,,,money-and-statements
state:statement-link/unlinked,state,P0,high_fidelity_replacement,,,money-and-statements
state:sub-balance-limit/created,state,P2,real_source_mapped_not_running,,,money-and-statements
state:sub-balance-limit/failed,state,P2,real_source_mapped_not_running,,,money-and-statements
state:sub-balance-limit/processed,state,P2,real_source_mapped_not_running,,,money-and-statements
state:wfs_state/created,state,P1,graph_only,,,identity-ingress
state:wfs_state/pending_action,state,P1,graph_only,,,identity-ingress
state:wfs_state/processed,state,P1,graph_only,,,identity-ingress
state:wfs_state/terminated,state,P1,graph_only,,,identity-ingress
state:workflow/created,state,P1,graph_only,,,identity-ingress
state:workflow/creation_in_progress,state,P1,graph_only,,,identity-ingress
state:workflow/failed,state,P1,graph_only,,,identity-ingress
state:workflow/init_failed,state,P1,graph_only,,,identity-ingress
state:workflow/initiated,state,P1,graph_only,,,identity-ingress
state:workflow/processed,state,P1,graph_only,,,identity-ingress
state:workflow/terminated,state,P1,graph_only,,,identity-ingress
state:workflow_domain/approved,state,P0,graph_only,,,identity-ingress
state:workflow_domain/closed,state,P0,graph_only,,,identity-ingress
state:workflow_domain/rejected,state,P0,graph_only,,,identity-ingress
state:x-balances-balance/active,state,P1,real_source_running,seed uses 'activated' (T04 C1) — mismatch,,money-and-statements
state:x-balances-balance/under_maintenance,state,P1,real_source_running,seed uses 'activated' (T04 C1) — mismatch,,money-and-statements
sub:api-ingress,substitute,P0,high_fidelity_replacement,ENV2_COMPOSE/substitutes/api-ingress/server.py,CONTRACT_FAITHFUL_REPLACEMENT: 13 host contract tests + M7 journeys (reports/implementation/m6-journeys.json family:shared-ingress),m7-ingress
sub:asv-stub,substitute,P2,high_fidelity_replacement,compose:asv-stub,container for compose service asv-stub is Up 2 hours (healthy),external-config-deploy;twin-inventory;zz-runtime-overlay
sub:bankingaccounts-stub,substitute,P1,high_fidelity_replacement,compose:bankingaccounts-stub,container for compose service bankingaccounts-stub is Up 29 minutes (healthy),external-config-deploy;money-and-statements;twin-inventory;zz-runtime-overlay
sub:batch-sim,substitute,P0,high_fidelity_replacement,compose:batch-sim,container for compose service batch-sim is Up 2 hours (healthy),zz-runtime-overlay
sub:cron-driver,substitute,P0,high_fidelity_replacement,compose:cron-driver,container for compose service cron-driver is Up 2 hours,external-config-deploy;twin-inventory;zz-runtime-overlay
sub:dcs-stub,substitute,P0,high_fidelity_replacement,compose:dcs-stub,container for compose service dcs-stub is Up 29 minutes (healthy),external-config-deploy;twin-inventory;zz-runtime-overlay
sub:kong-lite,substitute,P0,high_fidelity_replacement,compose:kong-lite,container for compose service kong-lite is Up 44 seconds (healthy),external-config-deploy;twin-inventory;zz-runtime-overlay
sub:ledger-da-onboarding,substitute,P1,high_fidelity_replacement,scripts/up.sh + RED_LOOP/red_loop/ledger_da.py,,money-and-statements
sub:ledger-gate,substitute,P1,high_fidelity_replacement,compose:ledger-gate,container for compose service ledger-gate is Up 2 hours (healthy),money-and-statements;twin-inventory;zz-runtime-overlay
sub:merchant-webhook-sink,substitute,P1,high_fidelity_replacement,compose:merchant-webhook-sink,container for compose service merchant-webhook-sink is Up 2 hours (healthy),external-config-deploy;twin-inventory;zz-runtime-overlay
sub:monolith-stub,substitute,P0,high_fidelity_replacement,compose:monolith-stub,container for compose service monolith-stub is Up 57 seconds (healthy),external-config-deploy;twin-inventory;zz-runtime-overlay
sub:mozart-mock,substitute,P2,blocked_missing_access,ENV2_COMPOSE/docker-compose.yml service `mozart-mock`; ENV2_COMPOSE/substitutes/mozart-mock/,container env2_compose-mozart-mock-1 = NOT CREATED. BLOCKED: `go build` of the mozart clone 404s on the private module github.com/razorpay/integrations-utils for this build identity. Image rzp-arena/mozart:v1-candidate is the single `images_unresolved` entry in .runtime/arena-fingerprint.json. Not started by the core/substitutes profiles; no container exists.,twin-inventory
sub:mozart-sim,substitute,P0,high_fidelity_replacement,compose:mozart-sim,container for compose service mozart-sim is Up 2 hours (healthy),fts-mozart;money-and-statements;twin-inventory;zz-runtime-overlay
sub:pricing-stub,substitute,P2,high_fidelity_replacement,compose:pricing-stub,container for compose service pricing-stub is Up 2 hours (healthy),external-config-deploy;twin-inventory;zz-runtime-overlay
sub:s2p-monolith-boundary,substitute,P1,high_fidelity_replacement,DOMAIN_REPLICAS/source_to_pay/runtime/boundary/server.py (standalone acceptance only),,zz-s2p-namespace
sub:s2p-source-driver,substitute,P0,high_fidelity_replacement,DOMAIN_REPLICAS/source_to_pay/runtime/source-driver/main.go,,zz-s2p-namespace
sub:shield-stub,substitute,P1,high_fidelity_replacement,compose:shield-stub,container for compose service shield-stub is Up 2 hours (healthy),external-config-deploy;twin-inventory;zz-runtime-overlay
sub:splitz-stub,substitute,P0,high_fidelity_replacement,compose:splitz-stub,container for compose service splitz-stub is Up 29 minutes (healthy),external-config-deploy;twin-inventory;zz-runtime-overlay
sub:stork-capture,substitute,P0,high_fidelity_replacement,compose:stork-capture,container for compose service stork-capture is Up 2 hours (healthy),external-config-deploy;twin-inventory;zz-runtime-overlay
sub:verifier,substitute,P1,high_fidelity_replacement,ENV2_COMPOSE/docker-compose.yml service `verifier`; ENV2_COMPOSE/substitutes/verifier/,"container env2_compose-verifier-1 = NOT CREATED. test harness, not a service; no long-lived container. Carries the 26-test suite, the 8 M4 boundary gates, and the route/bank/kafka scenario runners.",twin-inventory
sub:workflow-engine,substitute,P0,high_fidelity_replacement,compose:workflow-engine,container for compose service workflow-engine is Up 2 hours (healthy),identity-ingress;twin-inventory;zz-runtime-overlay
sub:workflow-sim,substitute,P0,high_fidelity_replacement,compose:workflow-sim,container for compose service workflow-sim is Up 2 hours (healthy),identity-ingress;payouts-core;twin-inventory;zz-runtime-overlay
sub:xas-sim,substitute,P0,high_fidelity_replacement,compose:xas-sim,container for compose service xas-sim is Up 2 hours (healthy),money-and-statements;twin-inventory;zz-runtime-overlay
sub:xas-sink,substitute,P2,graph_only,ENV2_COMPOSE/substitutes/xas-sink/,"MISSING/superseded: no longer a compose service (xas-sim replaced it), but the directory still exists, arena.yaml still declares services.xas_sink, and .runtime/arena-fingerprint.json still records rzp-arena/xas-sink:v1-candidate instead of xas-sim.",twin-inventory
svc:accounting-integrations,service,P2,real_source_mapped_not_running,,not built or substituted in ENV2_COMPOSE,external-config-deploy
svc:admin-dashboard,service,P2,graph_only,,,identity-ingress;money-and-statements
svc:api-monolith,service,P0,real_source_mapped_not_running,represented in the twin by a substitute (see `implements` edges),source clone readable in .local/repos-root (ACCESS_DELTA 2026-09-04) and mapped in this graph; no real binary runs in the twin. no real binary runs in the twin for this service; source repo unreadable or not cloned for this identity (reports/domain/REMAINING_ACCESS_MANIFEST.md). Other lanes own the source-level detail; this lane records only runtime representation.,identity-ingress;money-and-statements;twin-inventory
svc:asv,service,P2,graph_only,represented in the twin by a substitute (see `implements` edges),no real binary runs in the twin for this service; source repo unreadable or not cloned for this identity (reports/domain/REMAINING_ACCESS_MANIFEST.md). Other lanes own the source-level detail; this lane records only runtime representation.,twin-inventory
svc:banking-accounts,service,P1,graph_only,represented in the twin by a substitute (see `implements` edges),no real binary runs in the twin for this service; source repo unreadable or not cloned for this identity (reports/domain/REMAINING_ACCESS_MANIFEST.md). Other lanes own the source-level detail; this lane records only runtime representation.,money-and-statements;twin-inventory
svc:batch,service,P0,high_fidelity_replacement,ENV2_COMPOSE/substitutes/batch-sim (contract-faithful stand-in for the payout batch types; its compose block is staged at substitutes/batch-sim/compose-block.yml and is NOT yet pasted into docker-compose.yml),"substitutes/batch-sim/CONTRACT.md reimplements the batch-type row->request mapping, idempotency-key derivation, chunking, retry/recovery and the batch/batch-entry state machine; the Spring Batch job engine, Postgres, S3 file store, output-file writing and the completion-email tasklet are absent",identity-ingress
svc:cfa,service,P0,real_source_running,compose cfa-server,ENV2_COMPOSE/docker-compose.yml:1466; Vault/BIN/Token/ApiService Mock=true (cfa/arena.toml:137-160),money-and-statements
svc:cfa-migrate,service,P1,real_source_running,ENV2_COMPOSE/docker-compose.yml service `cfa-migrate` (profile migrations),real migration binary from the pinned SHA; container removed after a successful run (not present in docker ps),twin-inventory
svc:cfa-server,service,P1,real_source_running,compose:cfa-server,container for compose service cfa-server is Up 2 hours (healthy),twin-inventory;zz-runtime-overlay
svc:charge-collections,service,P1,graph_only,sub:monolith-stub POST /payouts_service/fetch_pricing_info,payouts [ccSdk] mock=true in the arena; CC is never dialled (substitutes/pricing-stub/CONTRACT.md),external-config-deploy
svc:dcs,service,P0,real_source_mapped_not_running,represented in the twin by a substitute (see `implements` edges),source clone readable in .local/repos-root (ACCESS_DELTA 2026-09-04) and mapped in this graph; no real binary runs in the twin. no real binary runs in the twin for this service; source repo unreadable or not cloned for this identity (reports/domain/REMAINING_ACCESS_MANIFEST.md). Other lanes own the source-level detail; this lane records only runtime representation.,external-config-deploy;money-and-statements;twin-inventory
svc:edge-kong,service,P0,real_source_mapped_not_running,represented in the twin by a substitute (see `implements` edges),source clone readable in .local/repos-root (ACCESS_DELTA 2026-09-04) and mapped in this graph; no real binary runs in the twin. no real binary runs in the twin for this service; source repo unreadable or not cloned for this identity (reports/domain/REMAINING_ACCESS_MANIFEST.md). Other lanes own the source-level detail; this lane records only runtime representation.,identity-ingress;twin-inventory
svc:fts-migrate,service,P1,real_source_running,ENV2_COMPOSE/docker-compose.yml service `fts-migrate` (profile migrations),real migration binary from the pinned SHA; container removed after a successful run (not present in docker ps),fts-mozart;twin-inventory
svc:fts-mock-server,service,P2,real_source_mapped_not_running,,Not deployed in prod (no kube manifest) nor in twin; precedent for mozart-sim per substitutes/mozart-sim/CONTRACT.md,fts-mozart
svc:fts-web,service,P0,real_source_running,compose:fts-web,container for compose service fts-web is Up 2 hours (healthy),fts-mozart;money-and-statements;twin-inventory;zz-runtime-overlay
svc:governor,service,P1,graph_only,,arena.toml blackholes governor to http://127.0.0.1:1 and sets ccsdk.mock=true (DEV-010),external-config-deploy
svc:ledger-api,service,P0,real_source_running,compose:ledger-api,container for compose service ledger-api is Up 2 hours (healthy),money-and-statements;twin-inventory;zz-runtime-overlay
svc:ledger-migrate,service,P1,real_source_running,ENV2_COMPOSE/docker-compose.yml service `ledger-migrate` (profile migrations),real migration binary from the pinned SHA; container removed after a successful run (not present in docker ps),twin-inventory
svc:mozart,service,P0,real_source_mapped_not_running,represented in the twin by a substitute (see `implements` edges),source clone readable in .local/repos-root (ACCESS_DELTA 2026-09-04) and mapped in this graph; no real binary runs in the twin. no real binary runs in the twin for this service; source repo unreadable or not cloned for this identity (reports/domain/REMAINING_ACCESS_MANIFEST.md). Other lanes own the source-level detail; this lane records only runtime representation.,fts-mozart;money-and-statements;twin-inventory
svc:mozart-mock-mode,service,P1,blocked_missing_access,"compose mozart-mock (profile mozart-real, off by default)","same build blocker as svc:mozart; fixtures readable (mozart/app/testdata/fts/**, 53 gateway/version/action dirs, 546 scenarios)",fts-mozart
svc:payout-links,service,P1,real_source_mapped_not_running,,not built or substituted in ENV2_COMPOSE,external-config-deploy
svc:payouts-api,service,P0,real_source_running,compose:payouts-api,container for compose service payouts-api is Up 2 hours (healthy),identity-ingress;money-and-statements;payouts-core;twin-inventory;zz-runtime-overlay
svc:payouts-kafka-consumer,service,P0,real_source_running,compose payouts-kafka-fts-status-updates-consumer / -retry-consumer,ENV2_COMPOSE/docker-compose.yml:909-968,payouts-core
svc:payouts-migrate,service,P1,real_source_running,ENV2_COMPOSE/docker-compose.yml service `payouts-migrate` (profile migrations),real migration binary from the pinned SHA; container removed after a successful run (not present in docker ps),payouts-core;twin-inventory
svc:payouts-worker,service,P0,real_source_running,15 compose services payouts-worker-*,ENV2_COMPOSE/docker-compose.yml:469-908,payouts-core
svc:recon,service,P1,graph_only,,"no runtime, no substitute; FTS ART routes real but caller absent (fidelity matrix recon_art row)",money-and-statements
svc:s2p/accounting-integrations,service,P2,real_source_mapped_not_running,,DOMAIN_REPLICAS/source_to_pay/spec/runtime-topology.yaml; build-manifest binaries,zz-s2p-namespace
svc:s2p/vendor-experience,service,P2,real_source_mapped_not_running,,DOMAIN_REPLICAS/source_to_pay/spec/runtime-topology.yaml; build-manifest binaries,zz-s2p-namespace
svc:s2p/vendor-payments,service,P1,real_source_running,ENV2_COMPOSE/docker-compose.s2p.yml s2p-vp-source (selected function slice via runtime/source-driver),runtime-fidelity-overlay.json 13 actual-source symbols traced in every clean run,zz-s2p-namespace
svc:shield,service,P1,graph_only,represented in the twin by a substitute (see `implements` edges),no real binary runs in the twin for this service; source repo unreadable or not cloned for this identity (reports/domain/REMAINING_ACCESS_MANIFEST.md). Other lanes own the source-level detail; this lane records only runtime representation.,external-config-deploy;twin-inventory
svc:splitz,service,P0,real_source_mapped_not_running,represented in the twin by a substitute (see `implements` edges),source clone readable in .local/repos-root (ACCESS_DELTA 2026-09-04) and mapped in this graph; no real binary runs in the twin. no real binary runs in the twin for this service; source repo unreadable or not cloned for this identity (reports/domain/REMAINING_ACCESS_MANIFEST.md). Other lanes own the source-level detail; this lane records only runtime representation.,external-config-deploy;money-and-statements;twin-inventory
svc:stork,service,P0,real_source_mapped_not_running,represented in the twin by a substitute (see `implements` edges),source clone readable in .local/repos-root (ACCESS_DELTA 2026-09-04) and mapped in this graph; no real binary runs in the twin. no real binary runs in the twin for this service; source repo unreadable or not cloned for this identity (reports/domain/REMAINING_ACCESS_MANIFEST.md). Other lanes own the source-level detail; this lane records only runtime representation.,external-config-deploy;twin-inventory
svc:ups,service,P2,graph_only,,arena.toml blackholes [ups] to http://127.0.0.1:1 (DEV-010); no substitute,external-config-deploy
svc:validx,service,P1,real_source_mapped_not_running,,no ValidX substitute exists in ENV2_COMPOSE,external-config-deploy;money-and-statements
svc:vendor-payments,service,P1,real_source_mapped_not_running,,not built or substituted in ENV2_COMPOSE,external-config-deploy
svc:virtual-account,service,P2,real_source_mapped_not_running,,not built or substituted in ENV2_COMPOSE,external-config-deploy;money-and-statements
svc:workflows,service,P0,real_source_mapped_not_running,represented in the twin by a substitute (see `implements` edges),source clone readable in .local/repos-root (ACCESS_DELTA 2026-09-04) and mapped in this graph; no real binary runs in the twin. no real binary runs in the twin for this service; source repo unreadable or not cloned for this identity (reports/domain/REMAINING_ACCESS_MANIFEST.md). Other lanes own the source-level detail; this lane records only runtime representation.,identity-ingress;twin-inventory
svc:workflows-workers,service,P0,graph_only,,No Cadence and no worker process exists in the twin; wfengine collapses the worker's role into an in-process decision core,identity-ingress
svc:x-account-statements,service,P0,graph_only,represented in the twin by a substitute (see `implements` edges),no real binary runs in the twin for this service; source repo unreadable or not cloned for this identity (reports/domain/REMAINING_ACCESS_MANIFEST.md). Other lanes own the source-level detail; this lane records only runtime representation.,twin-inventory
svc:x-balances,service,P0,real_source_running,compose xbalances-server,ENV2_COMPOSE/docker-compose.yml:1544; V12/V13 read GET /v1/balances/{id},money-and-statements
svc:x-dashboard,service,P2,graph_only,,,identity-ingress
svc:xas,service,P0,high_fidelity_replacement,compose xas-sim (profile substitutes),"ENV2_COMPOSE/substitutes/xas-sim/server.py header + CONTRACT.md: source-event consumer, enrichment, dual_write POST, GET routes reproduced; ingestion/CDC/migration NOT",money-and-statements
svc:xbalances-migrate,service,P1,real_source_running,ENV2_COMPOSE/docker-compose.yml service `xbalances-migrate` (profile migrations),real migration binary from the pinned SHA; container removed after a successful run (not present in docker ps),twin-inventory
svc:xbalances-server,service,P0,real_source_running,compose:xbalances-server,container for compose service xbalances-server is Up 2 hours (healthy),twin-inventory;zz-runtime-overlay
svc:xperience,service,P0,graph_only,,Not present in ENV2_COMPOSE; the entire xperience bulk-payout + workflow lifecycle is missing from the twin,identity-ingress
table:api-ingress/audit,table,P0,high_fidelity_replacement,ENV2_COMPOSE/substitutes/api-ingress/server.py (SQLite /data/ingress.sqlite),,m7-ingress
table:api-ingress/banking_accounts,table,P0,high_fidelity_replacement,ENV2_COMPOSE/substitutes/api-ingress/server.py (SQLite /data/ingress.sqlite),,m7-ingress
table:api-ingress/callbacks,table,P0,high_fidelity_replacement,ENV2_COMPOSE/substitutes/api-ingress/server.py (SQLite /data/ingress.sqlite),,m7-ingress
table:api-ingress/idempotency,table,P0,high_fidelity_replacement,ENV2_COMPOSE/substitutes/api-ingress/server.py (SQLite /data/ingress.sqlite),,m7-ingress
table:api-ingress/payout_details,table,P0,high_fidelity_replacement,ENV2_COMPOSE/substitutes/api-ingress/server.py (SQLite /data/ingress.sqlite),,m7-ingress
table:api-ingress/resources,table,P0,high_fidelity_replacement,ENV2_COMPOSE/substitutes/api-ingress/server.py (SQLite /data/ingress.sqlite),,m7-ingress
table:api-ingress/sessions,table,P0,high_fidelity_replacement,ENV2_COMPOSE/substitutes/api-ingress/server.py (SQLite /data/ingress.sqlite),,m7-ingress
table:api-monolith/balance,table,P0,high_fidelity_replacement,mysql-apidb-stub (seeds/schema-patches/apidb.sql),,money-and-statements
table:api-monolith/contacts_fund_accounts,table,P0,behavioural_placeholder,mysql-apidb-stub,,money-and-statements
table:banking-accounts/banking_account,table,P0,graph_only,,,money-and-statements
table:banking-accounts/banking_account_application,table,P2,graph_only,,,money-and-statements
table:banking-accounts/business,table,P2,graph_only,,,money-and-statements
table:banking-accounts/partner_bank_applications,table,P2,graph_only,,,money-and-statements
table:banking-accounts/rbl_credentials,table,P2,graph_only,,,money-and-statements
table:batch/batch,table,P0,graph_only,,absent from the twin,identity-ingress
table:batch/batch_entry,table,P0,graph_only,,absent from the twin,identity-ingress
table:batch/batch_type,table,P1,graph_only,,absent from the twin,identity-ingress
table:batch/file_store,table,P1,graph_only,,absent from the twin,identity-ingress
table:cfa/contacts,table,P0,real_source_running,seeds/mongo/cfa_seed.js,,money-and-statements
table:cfa/fund_accounts,table,P0,real_source_running,seeds/mongo/cfa_seed.js,,money-and-statements
table:cfa/hash_lookup,table,P0,real_source_running,seeds/mongo/cfa_seed.js,,money-and-statements
table:fts/account_type_mappings,table,P1,real_source_running,ENV2_COMPOSE/seeds/s4/fts.sql,real migration applied in twin (fts-migrate); seeded rows where noted,fts-mozart
table:fts/attempts,table,P0,real_source_running,created by fts-migrate; empty at boot,real migration applied in twin (fts-migrate); seeded rows where noted,fts-mozart
table:fts/attempts_unique_keys,table,P0,real_source_running,created by fts-migrate; empty at boot,real migration applied in twin (fts-migrate); seeded rows where noted,fts-mozart
table:fts/audit_logs,table,P1,real_source_running,created by fts-migrate; empty at boot,real migration applied in twin (fts-migrate); seeded rows where noted,fts-mozart
table:fts/bank_account_meta,table,P1,real_source_running,created by fts-migrate; empty at boot,real migration applied in twin (fts-migrate); seeded rows where noted,fts-mozart
table:fts/bank_accounts,table,P1,real_source_running,ENV2_COMPOSE/seeds/s4/fts.sql,real migration applied in twin (fts-migrate); seeded rows where noted,fts-mozart
table:fts/batches,table,P1,real_source_running,created by fts-migrate; empty at boot,real migration applied in twin (fts-migrate); seeded rows where noted,fts-mozart
table:fts/bene_health,table,P1,real_source_running,created by fts-migrate; empty at boot,real migration applied in twin (fts-migrate); seeded rows where noted,fts-mozart
table:fts/beneficiary_status,table,P1,real_source_running,created by fts-migrate; empty at boot,real migration applied in twin (fts-migrate); seeded rows where noted,fts-mozart
table:fts/cards,table,P1,real_source_running,created by fts-migrate; empty at boot,real migration applied in twin (fts-migrate); seeded rows where noted,fts-mozart
table:fts/channel_health_events,table,P1,real_source_running,created by fts-migrate; empty at boot,real migration applied in twin (fts-migrate); seeded rows where noted,fts-mozart
table:fts/channel_information_status,table,P0,real_source_running,ENV2_COMPOSE/seeds/s4/fts.sql,real migration applied in twin (fts-migrate); seeded rows where noted,fts-mozart
table:fts/channel_information_status_logs,table,P1,real_source_running,created by fts-migrate; empty at boot,real migration applied in twin (fts-migrate); seeded rows where noted,fts-mozart
table:fts/channel_metrics,table,P1,real_source_running,created by fts-migrate; empty at boot,real migration applied in twin (fts-migrate); seeded rows where noted,fts-mozart
table:fts/cron_jobs,table,P1,real_source_running,created by fts-migrate; empty at boot,real migration applied in twin (fts-migrate); seeded rows where noted,fts-mozart
table:fts/direct_account_routing_rules,table,P1,real_source_running,ENV2_COMPOSE/seeds/s4/fts.sql,real migration applied in twin (fts-migrate); seeded rows where noted,fts-mozart
table:fts/downtime_state_change_logs,table,P1,real_source_running,created by fts-migrate; empty at boot,real migration applied in twin (fts-migrate); seeded rows where noted,fts-mozart
table:fts/downtimes,table,P1,real_source_running,created by fts-migrate; empty at boot,real migration applied in twin (fts-migrate); seeded rows where noted,fts-mozart
table:fts/entity_meta,table,P1,real_source_running,created by fts-migrate; empty at boot,real migration applied in twin (fts-migrate); seeded rows where noted,fts-mozart
table:fts/event_tags,table,P1,real_source_running,created by fts-migrate; empty at boot,real migration applied in twin (fts-migrate); seeded rows where noted,fts-mozart
table:fts/fail_fast_status,table,P1,real_source_running,created by fts-migrate; empty at boot,real migration applied in twin (fts-migrate); seeded rows where noted,fts-mozart
table:fts/fail_fast_status_logs,table,P1,real_source_running,created by fts-migrate; empty at boot,real migration applied in twin (fts-migrate); seeded rows where noted,fts-mozart
table:fts/fund_accounts,table,P1,real_source_running,ENV2_COMPOSE/seeds/s4/fts.sql,real migration applied in twin (fts-migrate); seeded rows where noted,fts-mozart
table:fts/key_value_store,table,P1,real_source_running,created by fts-migrate; empty at boot,real migration applied in twin (fts-migrate); seeded rows where noted,fts-mozart
table:fts/key_value_store_logs,table,P1,real_source_running,created by fts-migrate; empty at boot,real migration applied in twin (fts-migrate); seeded rows where noted,fts-mozart
table:fts/merchant_communication_details,table,P1,real_source_running,created by fts-migrate; empty at boot,real migration applied in twin (fts-migrate); seeded rows where noted,fts-mozart
table:fts/merchant_configuration,table,P1,real_source_running,created by fts-migrate; empty at boot,real migration applied in twin (fts-migrate); seeded rows where noted,fts-mozart
table:fts/multi_account_routing_rules,table,P1,real_source_running,created by fts-migrate; empty at boot,real migration applied in twin (fts-migrate); seeded rows where noted,fts-mozart
table:fts/non_saved_cards,table,P1,real_source_running,created by fts-migrate; empty at boot,real migration applied in twin (fts-migrate); seeded rows where noted,fts-mozart
table:fts/otp_information,table,P1,real_source_running,created by fts-migrate; empty at boot,real migration applied in twin (fts-migrate); seeded rows where noted,fts-mozart
table:fts/otp_request_logs,table,P1,real_source_running,created by fts-migrate; empty at boot,real migration applied in twin (fts-migrate); seeded rows where noted,fts-mozart
table:fts/otp_requests,table,P1,real_source_running,created by fts-migrate; empty at boot,real migration applied in twin (fts-migrate); seeded rows where noted,fts-mozart
table:fts/otp_verification_logs,table,P1,real_source_running,created by fts-migrate; empty at boot,real migration applied in twin (fts-migrate); seeded rows where noted,fts-mozart
table:fts/preferred_routing_weights,table,P1,real_source_running,ENV2_COMPOSE/seeds/s4/fts.sql,real migration applied in twin (fts-migrate); seeded rows where noted,fts-mozart
table:fts/remitter_accounts,table,P1,real_source_running,created by fts-migrate; empty at boot,real migration applied in twin (fts-migrate); seeded rows where noted,fts-mozart
table:fts/schedules,table,P1,real_source_running,created by fts-migrate; empty at boot,real migration applied in twin (fts-migrate); seeded rows where noted,fts-mozart
table:fts/source_account_mappings,table,P0,real_source_running,ENV2_COMPOSE/seeds/s4/fts.sql,real migration applied in twin (fts-migrate); seeded rows where noted,fts-mozart
table:fts/source_accounts,table,P0,real_source_running,ENV2_COMPOSE/seeds/s4/fts.sql,real migration applied in twin (fts-migrate); seeded rows where noted,fts-mozart
table:fts/state_change_log,table,P1,real_source_running,created by fts-migrate; empty at boot,real migration applied in twin (fts-migrate); seeded rows where noted,fts-mozart
table:fts/transfer_meta,table,P0,real_source_running,created by fts-migrate; empty at boot,real migration applied in twin (fts-migrate); seeded rows where noted,fts-mozart
table:fts/transfers,table,P0,real_source_running,created by fts-migrate; empty at boot,real migration applied in twin (fts-migrate); seeded rows where noted,fts-mozart
table:fts/trigger_status,table,P1,real_source_running,created by fts-migrate; empty at boot,real migration applied in twin (fts-migrate); seeded rows where noted,fts-mozart
table:fts/trigger_status_logs,table,P1,real_source_running,created by fts-migrate; empty at boot,real migration applied in twin (fts-migrate); seeded rows where noted,fts-mozart
table:fts/vpas,table,P1,real_source_running,created by fts-migrate; empty at boot,real migration applied in twin (fts-migrate); seeded rows where noted,fts-mozart
table:fts/wallets,table,P1,real_source_running,created by fts-migrate; empty at boot,real migration applied in twin (fts-migrate); seeded rows where noted,fts-mozart
table:ledger/account_details,table,P0,real_source_running,postgres-ledger via ledger-migrate,,money-and-statements
table:ledger/accounts,table,P0,real_source_running,postgres-ledger via ledger-migrate,,money-and-statements
table:ledger/idempotency,table,P1,real_source_running,postgres-ledger via ledger-migrate,,money-and-statements
table:ledger/idempotency_partition_info,table,P1,real_source_running,postgres-ledger via ledger-migrate,,money-and-statements
table:ledger/journal,table,P0,real_source_running,postgres-ledger via ledger-migrate,,money-and-statements
table:ledger/journal_rejected_events,table,P1,real_source_running,postgres-ledger via ledger-migrate,,money-and-statements
table:ledger/ledger_config,table,P0,real_source_running,postgres-ledger via ledger-migrate,,money-and-statements
table:ledger/ledger_entries,table,P0,real_source_running,postgres-ledger via ledger-migrate,,money-and-statements
table:ledger/ledger_entry_details,table,P1,real_source_running,postgres-ledger via ledger-migrate,,money-and-statements
table:ledger/onboarding_events,table,P1,real_source_running,postgres-ledger via ledger-migrate,,money-and-statements
table:ledger/outbox_jobs,table,P1,real_source_running,postgres-ledger via ledger-migrate,,money-and-statements
table:ledger/split_accounts,table,P1,real_source_running,postgres-ledger via ledger-migrate,,money-and-statements
table:ledger/state_change_logs,table,P1,real_source_running,postgres-ledger via ledger-migrate,,money-and-statements
table:payouts/bank_accounts,table,P0,real_source_running,created by compose payouts-migrate,all 34 migrations run in the twin (docker-compose.yml:329-347),payouts-core
table:payouts/banking_account_statement,table,P0,real_source_running,created by compose payouts-migrate,all 34 migrations run in the twin (docker-compose.yml:329-347),money-and-statements;payouts-core
table:payouts/banking_account_statement_details,table,P0,real_source_running,created by compose payouts-migrate,all 34 migrations run in the twin (docker-compose.yml:329-347),money-and-statements;payouts-core
table:payouts/banking_accounts,table,P0,real_source_running,created by compose payouts-migrate,all 34 migrations run in the twin (docker-compose.yml:329-347),money-and-statements;payouts-core
table:payouts/bulk_idempotency_keys,table,P0,real_source_running,real table in the arena payouts MySQL,all 34 migrations run in the twin (docker-compose.yml:329-347),identity-ingress;payouts-core
table:payouts/counter_transaction,table,P0,real_source_running,created by compose payouts-migrate,all 34 migrations run in the twin (docker-compose.yml:329-347),payouts-core
table:payouts/counters,table,P0,real_source_running,created by compose payouts-migrate,all 34 migrations run in the twin (docker-compose.yml:329-347),payouts-core
table:payouts/duplicate_prevention_config,table,P1,real_source_running,created by compose payouts-migrate,all 34 migrations run in the twin (docker-compose.yml:329-347),payouts-core
table:payouts/event_outbox,table,P1,real_source_running,created by compose payouts-migrate,all 34 migrations run in the twin (docker-compose.yml:329-347),payouts-core
table:payouts/fund_accounts,table,P0,real_source_running,created by compose payouts-migrate,all 34 migrations run in the twin (docker-compose.yml:329-347),payouts-core
table:payouts/fund_transfer_attempts_temp,table,P2,real_source_running,created by compose payouts-migrate,all 34 migrations run in the twin (docker-compose.yml:329-347),payouts-core
table:payouts/idempotency_key_exclusions,table,P1,real_source_running,created by compose payouts-migrate,all 34 migrations run in the twin (docker-compose.yml:329-347),payouts-core
table:payouts/idempotency_keys,table,P0,real_source_running,created by compose payouts-migrate,all 34 migrations run in the twin (docker-compose.yml:329-347),payouts-core
table:payouts/merchant_configurations,table,P1,real_source_running,created by compose payouts-migrate,all 34 migrations run in the twin (docker-compose.yml:329-347),payouts-core
table:payouts/payout_attempts,table,P0,real_source_running,created by compose payouts-migrate,all 34 migrations run in the twin (docker-compose.yml:329-347),payouts-core
table:payouts/payout_details,table,P0,real_source_running,created by compose payouts-migrate,all 34 migrations run in the twin (docker-compose.yml:329-347),payouts-core
table:payouts/payout_logs,table,P1,real_source_running,created by compose payouts-migrate,all 34 migrations run in the twin (docker-compose.yml:329-347),payouts-core
table:payouts/payout_meta_permanent,table,P1,real_source_running,created by compose payouts-migrate,all 34 migrations run in the twin (docker-compose.yml:329-347),payouts-core
table:payouts/payout_meta_temporary,table,P1,real_source_running,created by compose payouts-migrate,all 34 migrations run in the twin (docker-compose.yml:329-347),payouts-core
table:payouts/payout_purpose,table,P1,real_source_running,created by compose payouts-migrate,all 34 migrations run in the twin (docker-compose.yml:329-347),payouts-core
table:payouts/payout_sources,table,P0,real_source_running,created by compose payouts-migrate,all 34 migrations run in the twin (docker-compose.yml:329-347),payouts-core
table:payouts/payout_status_details,table,P0,real_source_running,created by compose payouts-migrate,all 34 migrations run in the twin (docker-compose.yml:329-347),payouts-core
table:payouts/payouts,table,P0,real_source_running,created by compose payouts-migrate,all 34 migrations run in the twin (docker-compose.yml:329-347),payouts-core
table:payouts/payouts:alter-gateway_ref_no,table,P1,real_source_running,,migration applied by payouts-migrate in the twin,payouts-core
table:payouts/payouts_temp,table,P2,real_source_running,created by compose payouts-migrate,all 34 migrations run in the twin (docker-compose.yml:329-347),payouts-core
table:payouts/reversals,table,P0,real_source_running,created by compose payouts-migrate,all 34 migrations run in the twin (docker-compose.yml:329-347),payouts-core
table:payouts/settings,table,P1,real_source_running,created by compose payouts-migrate,all 34 migrations run in the twin (docker-compose.yml:329-347),payouts-core
table:payouts/source_request_id_mapping,table,P1,real_source_running,created by compose payouts-migrate,all 34 migrations run in the twin (docker-compose.yml:329-347),payouts-core
table:payouts/state_change_logs,table,P1,real_source_running,created by compose payouts-migrate,all 34 migrations run in the twin (docker-compose.yml:329-347),payouts-core
table:payouts/workflow_config,table,P0,real_source_running,created by compose payouts-migrate,all 34 migrations run in the twin (docker-compose.yml:329-347),payouts-core
table:payouts/workflow_entity_map,table,P0,real_source_running,real table in the arena payouts MySQL,all 34 migrations run in the twin (docker-compose.yml:329-347),identity-ingress;payouts-core
table:payouts/workflow_state_map,table,P0,real_source_running,real table in the arena payouts MySQL,all 34 migrations run in the twin (docker-compose.yml:329-347),identity-ingress;payouts-core
table:recon/workflow_configs,table,P1,graph_only,,,money-and-statements
table:virtual-account/bank_accounts,table,P2,real_source_mapped_not_running,,,money-and-statements
table:virtual-account/credits,table,P2,real_source_mapped_not_running,,,money-and-statements
table:virtual-account/order_va_mappings,table,P2,real_source_mapped_not_running,,,money-and-statements
table:virtual-account/virtual_accounts,table,P1,real_source_mapped_not_running,,,money-and-statements
table:virtual-account/vpas,table,P2,real_source_mapped_not_running,,,money-and-statements
table:workflows/actions,table,P0,graph_only,,wfengine models this as SQLite tables workflows/actors/policies/approvals/audit_log/callbacks (ENV2_COMPOSE/substitutes/workflow-engine/wfengine/schema.sql:13-111),identity-ingress
table:workflows/assignee,table,P2,graph_only,,wfengine models this as SQLite tables workflows/actors/policies/approvals/audit_log/callbacks (ENV2_COMPOSE/substitutes/workflow-engine/wfengine/schema.sql:13-111),identity-ingress
table:workflows/comments,table,P2,graph_only,,wfengine models this as SQLite tables workflows/actors/policies/approvals/audit_log/callbacks (ENV2_COMPOSE/substitutes/workflow-engine/wfengine/schema.sql:13-111),identity-ingress
table:workflows/configs,table,P0,graph_only,,wfengine models this as SQLite tables workflows/actors/policies/approvals/audit_log/callbacks (ENV2_COMPOSE/substitutes/workflow-engine/wfengine/schema.sql:13-111),identity-ingress
table:workflows/state_change_logs,table,P0,graph_only,,wfengine models this as SQLite tables workflows/actors/policies/approvals/audit_log/callbacks (ENV2_COMPOSE/substitutes/workflow-engine/wfengine/schema.sql:13-111),identity-ingress
table:workflows/states,table,P0,graph_only,,wfengine models this as SQLite tables workflows/actors/policies/approvals/audit_log/callbacks (ENV2_COMPOSE/substitutes/workflow-engine/wfengine/schema.sql:13-111),identity-ingress
table:workflows/workflows,table,P0,graph_only,,wfengine models this as SQLite tables workflows/actors/policies/approvals/audit_log/callbacks (ENV2_COMPOSE/substitutes/workflow-engine/wfengine/schema.sql:13-111),identity-ingress
table:x-balances/balance,table,P0,real_source_running,seeds/generated/s4/xbalances.sql (status='activated' mismatch C1),,money-and-statements
table:x-balances/sub_balance_limits,table,P1,real_source_mapped_not_running,,,money-and-statements
table:x-balances/sub_balances,table,P1,real_source_mapped_not_running,not seeded (seeds/s4/xbalances.sql:4-8),,money-and-statements
table:xas/account_statements,table,P0,high_fidelity_replacement,xas-sim store,,money-and-statements
table:xas/accounts,table,P0,high_fidelity_replacement,xas-sim store,,money-and-statements
table:xas/source_events,table,P0,high_fidelity_replacement,xas-sim store,,money-and-statements
table:xperience/bulk_payouts,table,P0,graph_only,,absent from the twin,identity-ingress
topic:api-ledger-journal-create-live,topic,P0,high_fidelity_replacement,"no SNS; producers write straight to localstack queue journal_create (monolith-stub DA emitter, RED_LOOP)",ENV2_COMPOSE/substitutes/monolith-stub/server.py:758-771 DA_LEDGER_QUEUE=journal_create,money-and-statements
topic:banking-accounts-datalake-events,topic,P2,graph_only,,,money-and-statements
topic:journal-created,topic,P1,real_source_mapped_not_running,,ENV2 ledger arena.toml [pubSub] present but no SNS/localstack subscriber; monolith balance sync consumer absent (fidelity matrix row internal_balances_queued),money-and-statements
topic:mysql_cdc_events_prod_rx_account_statements_account_statements,topic,P0,high_fidelity_replacement,,,money-and-statements
topic:mysql_cdc_events_prod_rx_account_statements_accounts,topic,P2,real_source_mapped_not_running,,,money-and-statements
topic:partner_webhook_callback_events,topic,P2,graph_only,,not present in the twin's Kafka (only fts-status topics are),external-config-deploy
topic:payout-updates-capital-collections,topic,P1,graph_only,,the arena's SNS endpoint is blackholed for these topics (DEV-171); payout_source_updater falls back to the monolith source_update route,external-config-deploy;payouts-core
topic:payout-updates-charge-collections,topic,P1,graph_only,,the arena's SNS endpoint is blackholed for these topics (DEV-171); payout_source_updater falls back to the monolith source_update route,external-config-deploy;payouts-core
topic:payout-updates-cross-border,topic,P1,graph_only,,the arena's SNS endpoint is blackholed for these topics (DEV-171); payout_source_updater falls back to the monolith source_update route,external-config-deploy;payouts-core
topic:payout-updates-generic-accounting,topic,P1,graph_only,,the arena's SNS endpoint is blackholed for these topics (DEV-171); payout_source_updater falls back to the monolith source_update route,external-config-deploy;payouts-core
topic:payout-updates-payout-links,topic,P1,graph_only,,the arena's SNS endpoint is blackholed for these topics (DEV-171); payout_source_updater falls back to the monolith source_update route,external-config-deploy;payouts-core
topic:payout-updates-petty-cash,topic,P1,graph_only,,the arena's SNS endpoint is blackholed for these topics (DEV-171); payout_source_updater falls back to the monolith source_update route,external-config-deploy;payouts-core
topic:payout-updates-refunds,topic,P1,graph_only,,the arena's SNS endpoint is blackholed for these topics (DEV-171); payout_source_updater falls back to the monolith source_update route,external-config-deploy;payouts-core
topic:payout-updates-settlements,topic,P1,graph_only,,the arena's SNS endpoint is blackholed for these topics (DEV-171); payout_source_updater falls back to the monolith source_update route,external-config-deploy;payouts-core
topic:payout-updates-vendor-payments,topic,P1,graph_only,,the arena's SNS endpoint is blackholed for these topics (DEV-171); payout_source_updater falls back to the monolith source_update route,external-config-deploy;payouts-core
topic:payout-updates-xpayroll,topic,P1,graph_only,,the arena's SNS endpoint is blackholed for these topics (DEV-171); payout_source_updater falls back to the monolith source_update route,external-config-deploy;payouts-core
topic:prod-file-handler-event,topic,P2,graph_only,,not present in the twin's Kafka (only fts-status topics are),external-config-deploy
topic:prod-gateway-latency-event,topic,P2,graph_only,,,external-config-deploy
topic:prod-initiate-report,topic,P2,graph_only,,not present in the twin's Kafka (only fts-status topics are),external-config-deploy
topic:prod-items-update-event,topic,P2,graph_only,,not present in the twin's Kafka (only fts-status topics are),external-config-deploy
topic:prod-recon-workflow,topic,P1,graph_only,,,money-and-statements
topic:prod-vendor-advance-event,topic,P2,graph_only,,not present in the twin's Kafka (only fts-status topics are),external-config-deploy
topic:prod-vendor-entity-updates-event,topic,P2,graph_only,,not present in the twin's Kafka (only fts-status topics are),external-config-deploy
topic:prod-zoho-invoice-fetch,topic,P2,graph_only,,not present in the twin's Kafka (only fts-status topics are),external-config-deploy
topic:prod.x.vendor-payments.accounting-payouts.status-update,topic,P1,graph_only,,not present in the twin's Kafka (only fts-status topics are),external-config-deploy
topic:rx-fts-status-update-events,topic,P1,behavioural_placeholder,ENV2_COMPOSE/docker-compose.yml service `kafka`; config/routes.py kafka_producers.fire_transfer_status,"broker + real PS consumers run, but the FTS producer leg is disabled in the default `monolith` profile (CURRENT_TWIN_FIDELITY.md gap #9); only ARENA_ROUTE_PROFILE=kafka enables it",fts-mozart;payouts-core;twin-inventory
topic:rx-fts-status-update-retry-events,topic,P1,real_source_running,compose kafka,real Kafka runs in the twin (docker-compose.yml:298-328),fts-mozart;payouts-core
topic:s2p/add-tds-entry,topic,P1,high_fidelity_replacement,ENV2_COMPOSE/docker-compose.s2p.yml s2p-kafka (Redpanda),,m7-ingress
topic:s2p/s2p-accounting-integrations-kafka_or_queue-01b9f9f21e20af91,topic,P2,real_source_mapped_not_running,,architecture-inventory.json representation_status,zz-s2p-namespace
topic:s2p/s2p-accounting-integrations-kafka_or_queue-03fc5bac9e58e19c,topic,P2,real_source_mapped_not_running,,architecture-inventory.json representation_status,zz-s2p-namespace
topic:s2p/s2p-accounting-integrations-kafka_or_queue-079d2e8909446152,topic,P2,real_source_mapped_not_running,,architecture-inventory.json representation_status,zz-s2p-namespace
topic:s2p/s2p-accounting-integrations-kafka_or_queue-09248ac36eb419e2,topic,P2,real_source_mapped_not_running,,architecture-inventory.json representation_status,zz-s2p-namespace
topic:s2p/s2p-accounting-integrations-kafka_or_queue-0aee969c94ccbbd2,topic,P2,real_source_mapped_not_running,,architecture-inventory.json representation_status,zz-s2p-namespace
topic:s2p/s2p-accounting-integrations-kafka_or_queue-0b00a8fa8c9dd952,topic,P2,real_source_mapped_not_running,,architecture-inventory.json representation_status,zz-s2p-namespace
topic:s2p/s2p-accounting-integrations-kafka_or_queue-0eddbdffe714c505,topic,P2,real_source_mapped_not_running,,architecture-inventory.json representation_status,zz-s2p-namespace
topic:s2p/s2p-accounting-integrations-kafka_or_queue-100ffcd06513a447,topic,P2,real_source_mapped_not_running,,architecture-inventory.json representation_status,zz-s2p-namespace
topic:s2p/s2p-accounting-integrations-kafka_or_queue-10d390a48271a835,topic,P2,real_source_mapped_not_running,,architecture-inventory.json representation_status,zz-s2p-namespace
topic:s2p/s2p-accounting-integrations-kafka_or_queue-10de644d1c2a1f30,topic,P2,real_source_mapped_not_running,,architecture-inventory.json representation_status,zz-s2p-namespace
topic:s2p/s2p-accounting-integrations-kafka_or_queue-1218d7b92692e363,topic,P2,real_source_mapped_not_running,,architecture-inventory.json representation_status,zz-s2p-namespace
topic:s2p/s2p-accounting-integrations-kafka_or_queue-136d96004b931bdc,topic,P2,real_source_mapped_not_running,,architecture-inventory.json representation_status,zz-s2p-namespace
topic:s2p/s2p-accounting-integrations-kafka_or_queue-144787bac8f8833d,topic,P2,real_source_mapped_not_running,,architecture-inventory.json representation_status,zz-s2p-namespace
topic:s2p/s2p-accounting-integrations-kafka_or_queue-178b2fde09412669,topic,P2,real_source_mapped_not_running,,architecture-inventory.json representation_status,zz-s2p-namespace
topic:s2p/s2p-accounting-integrations-kafka_or_queue-18a5c7663b5f2257,topic,P2,real_source_mapped_not_running,,architecture-inventory.json representation_status,zz-s2p-namespace
topic:s2p/s2p-accounting-integrations-kafka_or_queue-1e1b1b59bbf560c3,topic,P2,real_source_mapped_not_running,,architecture-inventory.json representation_status,zz-s2p-namespace
topic:s2p/s2p-accounting-integrations-kafka_or_queue-1e2d600503d95b07,topic,P2,real_source_mapped_not_running,,architecture-inventory.json representation_status,zz-s2p-namespace
topic:s2p/s2p-accounting-integrations-kafka_or_queue-1f2aafe53e5374de,topic,P2,real_source_mapped_not_running,,architecture-inventory.json representation_status,zz-s2p-namespace
topic:s2p/s2p-accounting-integrations-kafka_or_queue-2249f31d1c6c529d,topic,P2,real_source_mapped_not_running,,architecture-inventory.json representation_status,zz-s2p-namespace
topic:s2p/s2p-accounting-integrations-kafka_or_queue-229396c493e270ef,topic,P2,real_source_mapped_not_running,,architecture-inventory.json representation_status,zz-s2p-namespace
topic:s2p/s2p-accounting-integrations-kafka_or_queue-26343d903fef42f1,topic,P2,real_source_mapped_not_running,,architecture-inventory.json representation_status,zz-s2p-namespace
topic:s2p/s2p-accounting-integrations-kafka_or_queue-2714996a98b49c1d,topic,P2,real_source_mapped_not_running,,architecture-inventory.json representation_status,zz-s2p-namespace
topic:s2p/s2p-accounting-integrations-kafka_or_queue-2906534131743026,topic,P2,real_source_mapped_not_running,,architecture-inventory.json representation_status,zz-s2p-namespace
topic:s2p/s2p-accounting-integrations-kafka_or_queue-2924125bc3a22df0,topic,P2,real_source_mapped_not_running,,architecture-inventory.json representation_status,zz-s2p-namespace
topic:s2p/s2p-accounting-integrations-kafka_or_queue-2b86ef0905cc0f2b,topic,P2,real_source_mapped_not_running,,architecture-inventory.json representation_status,zz-s2p-namespace
topic:s2p/s2p-accounting-integrations-kafka_or_queue-2bd9c399576246c7,topic,P2,real_source_mapped_not_running,,architecture-inventory.json representation_status,zz-s2p-namespace
topic:s2p/s2p-accounting-integrations-kafka_or_queue-2d3f78c7256a91f7,topic,P2,real_source_mapped_not_running,,architecture-inventory.json representation_status,zz-s2p-namespace
topic:s2p/s2p-accounting-integrations-kafka_or_queue-2e7eac9e57265433,topic,P2,real_source_mapped_not_running,,architecture-inventory.json representation_status,zz-s2p-namespace
topic:s2p/s2p-accounting-integrations-kafka_or_queue-2f3a1a991c19c214,topic,P2,real_source_mapped_not_running,,architecture-inventory.json representation_status,zz-s2p-namespace
topic:s2p/s2p-accounting-integrations-kafka_or_queue-2f6fdf83798165be,topic,P2,real_source_mapped_not_running,,architecture-inventory.json representation_status,zz-s2p-namespace
topic:s2p/s2p-accounting-integrations-kafka_or_queue-31c4684c24a35ac1,topic,P2,real_source_mapped_not_running,,architecture-inventory.json representation_status,zz-s2p-namespace
topic:s2p/s2p-accounting-integrations-kafka_or_queue-320718db40c5574e,topic,P2,real_source_mapped_not_running,,architecture-inventory.json representation_status,zz-s2p-namespace
topic:s2p/s2p-accounting-integrations-kafka_or_queue-327e526d3c90248c,topic,P2,real_source_mapped_not_running,,architecture-inventory.json representation_status,zz-s2p-namespace
topic:s2p/s2p-accounting-integrations-kafka_or_queue-3409c4371aca8220,topic,P2,real_source_mapped_not_running,,architecture-inventory.json representation_status,zz-s2p-namespace
topic:s2p/s2p-accounting-integrations-kafka_or_queue-3468bb222f5f2a1d,topic,P2,real_source_mapped_not_running,,architecture-inventory.json representation_status,zz-s2p-namespace
topic:s2p/s2p-accounting-integrations-kafka_or_queue-35711509bea7bb60,topic,P2,real_source_mapped_not_running,,architecture-inventory.json representation_status,zz-s2p-namespace
topic:s2p/s2p-accounting-integrations-kafka_or_queue-3a646fba954289f5,topic,P2,real_source_mapped_not_running,,architecture-inventory.json representation_status,zz-s2p-namespace
topic:s2p/s2p-accounting-integrations-kafka_or_queue-3aad6d1adcd9d3ab,topic,P2,real_source_mapped_not_running,,architecture-inventory.json representation_status,zz-s2p-namespace
topic:s2p/s2p-accounting-integrations-kafka_or_queue-3af66601aa39f551,topic,P2,real_source_mapped_not_running,,architecture-inventory.json representation_status,zz-s2p-namespace
topic:s2p/s2p-accounting-integrations-kafka_or_queue-3b7d9649d5dfcf5a,topic,P2,real_source_mapped_not_running,,architecture-inventory.json representation_status,zz-s2p-namespace
topic:s2p/s2p-accounting-integrations-kafka_or_queue-3e76ee51832d708d,topic,P2,real_source_mapped_not_running,,architecture-inventory.json representation_status,zz-s2p-namespace
topic:s2p/s2p-accounting-integrations-kafka_or_queue-40fc6c4bad257499,topic,P2,real_source_mapped_not_running,,architecture-inventory.json representation_status,zz-s2p-namespace
topic:s2p/s2p-accounting-integrations-kafka_or_queue-4252a4c65955013d,topic,P2,real_source_mapped_not_running,,architecture-inventory.json representation_status,zz-s2p-namespace
topic:s2p/s2p-accounting-integrations-kafka_or_queue-444195c6cae5e875,topic,P2,real_source_mapped_not_running,,architecture-inventory.json representation_status,zz-s2p-namespace
topic:s2p/s2p-accounting-integrations-kafka_or_queue-473d370c43d5dbf6,topic,P2,real_source_mapped_not_running,,architecture-inventory.json representation_status,zz-s2p-namespace
topic:s2p/s2p-accounting-integrations-kafka_or_queue-49086108e8a27251,topic,P2,real_source_mapped_not_running,,architecture-inventory.json representation_status,zz-s2p-namespace
topic:s2p/s2p-accounting-integrations-kafka_or_queue-4a47e36755181159,topic,P2,real_source_mapped_not_running,,architecture-inventory.json representation_status,zz-s2p-namespace
topic:s2p/s2p-accounting-integrations-kafka_or_queue-4fb64c8f91dda811,topic,P2,real_source_mapped_not_running,,architecture-inventory.json representation_status,zz-s2p-namespace
topic:s2p/s2p-accounting-integrations-kafka_or_queue-4fc15affba80adc4,topic,P2,real_source_mapped_not_running,,architecture-inventory.json representation_status,zz-s2p-namespace
topic:s2p/s2p-accounting-integrations-kafka_or_queue-5088c8805e75ad2c,topic,P2,real_source_mapped_not_running,,architecture-inventory.json representation_status,zz-s2p-namespace
topic:s2p/s2p-accounting-integrations-kafka_or_queue-5140307fe0c3054c,topic,P2,real_source_mapped_not_running,,architecture-inventory.json representation_status,zz-s2p-namespace
topic:s2p/s2p-accounting-integrations-kafka_or_queue-522aea9179d7a510,topic,P2,real_source_mapped_not_running,,architecture-inventory.json representation_status,zz-s2p-namespace
topic:s2p/s2p-accounting-integrations-kafka_or_queue-52e8c15390466233,topic,P2,real_source_mapped_not_running,,architecture-inventory.json representation_status,zz-s2p-namespace
topic:s2p/s2p-accounting-integrations-kafka_or_queue-534c76d507fcd628,topic,P2,real_source_mapped_not_running,,architecture-inventory.json representation_status,zz-s2p-namespace
topic:s2p/s2p-accounting-integrations-kafka_or_queue-53c29645c25f5df7,topic,P2,real_source_mapped_not_running,,architecture-inventory.json representation_status,zz-s2p-namespace
topic:s2p/s2p-accounting-integrations-kafka_or_queue-547eab7ee92acbf0,topic,P2,real_source_mapped_not_running,,architecture-inventory.json representation_status,zz-s2p-namespace
topic:s2p/s2p-accounting-integrations-kafka_or_queue-54ecabd285cb647a,topic,P2,real_source_mapped_not_running,,architecture-inventory.json representation_status,zz-s2p-namespace
topic:s2p/s2p-accounting-integrations-kafka_or_queue-5a67d449a322bf40,topic,P2,real_source_mapped_not_running,,architecture-inventory.json representation_status,zz-s2p-namespace
topic:s2p/s2p-accounting-integrations-kafka_or_queue-5ae84151e628c696,topic,P2,real_source_mapped_not_running,,architecture-inventory.json representation_status,zz-s2p-namespace
topic:s2p/s2p-accounting-integrations-kafka_or_queue-5b84450c6ca750ff,topic,P2,real_source_mapped_not_running,,architecture-inventory.json representation_status,zz-s2p-namespace
topic:s2p/s2p-accounting-integrations-kafka_or_queue-5d193589f67d8af9,topic,P2,real_source_mapped_not_running,,architecture-inventory.json representation_status,zz-s2p-namespace
topic:s2p/s2p-accounting-integrations-kafka_or_queue-5ea194246dcf20d1,topic,P2,real_source_mapped_not_running,,architecture-inventory.json representation_status,zz-s2p-namespace
topic:s2p/s2p-accounting-integrations-kafka_or_queue-5f3429e03d14b32c,topic,P2,real_source_mapped_not_running,,architecture-inventory.json representation_status,zz-s2p-namespace
topic:s2p/s2p-accounting-integrations-kafka_or_queue-5f99492bab49cbcc,topic,P2,real_source_mapped_not_running,,architecture-inventory.json representation_status,zz-s2p-namespace
topic:s2p/s2p-accounting-integrations-kafka_or_queue-602da46b690fda7e,topic,P2,real_source_mapped_not_running,,architecture-inventory.json representation_status,zz-s2p-namespace
topic:s2p/s2p-accounting-integrations-kafka_or_queue-60cd3d4e490a8fe3,topic,P2,real_source_mapped_not_running,,architecture-inventory.json representation_status,zz-s2p-namespace
topic:s2p/s2p-accounting-integrations-kafka_or_queue-62a626167bec807f,topic,P2,real_source_mapped_not_running,,architecture-inventory.json representation_status,zz-s2p-namespace
topic:s2p/s2p-accounting-integrations-kafka_or_queue-62b30641b9348813,topic,P2,real_source_mapped_not_running,,architecture-inventory.json representation_status,zz-s2p-namespace
topic:s2p/s2p-accounting-integrations-kafka_or_queue-646886314edd8994,topic,P2,real_source_mapped_not_running,,architecture-inventory.json representation_status,zz-s2p-namespace
topic:s2p/s2p-accounting-integrations-kafka_or_queue-664afb024a73ee70,topic,P2,real_source_mapped_not_running,,architecture-inventory.json representation_status,zz-s2p-namespace
topic:s2p/s2p-accounting-integrations-kafka_or_queue-6828dbfbdf4e5e14,topic,P2,real_source_mapped_not_running,,architecture-inventory.json representation_status,zz-s2p-namespace
topic:s2p/s2p-accounting-integrations-kafka_or_queue-6873d5c3feeb2199,topic,P2,real_source_mapped_not_running,,architecture-inventory.json representation_status,zz-s2p-namespace
topic:s2p/s2p-accounting-integrations-kafka_or_queue-6941ec288e3a96d8,topic,P2,real_source_mapped_not_running,,architecture-inventory.json representation_status,zz-s2p-namespace
topic:s2p/s2p-accounting-integrations-kafka_or_queue-6a4dba6be9f2a49e,topic,P2,real_source_mapped_not_running,,architecture-inventory.json representation_status,zz-s2p-namespace
topic:s2p/s2p-accounting-integrations-kafka_or_queue-6aa30a0fcc222db3,topic,P2,real_source_mapped_not_running,,architecture-inventory.json representation_status,zz-s2p-namespace
topic:s2p/s2p-accounting-integrations-kafka_or_queue-6da30d048f21b0d0,topic,P2,real_source_mapped_not_running,,architecture-inventory.json representation_status,zz-s2p-namespace
topic:s2p/s2p-accounting-integrations-kafka_or_queue-6e33edbab322ccf1,topic,P2,real_source_mapped_not_running,,architecture-inventory.json representation_status,zz-s2p-namespace
topic:s2p/s2p-accounting-integrations-kafka_or_queue-7602d81d252f4835,topic,P2,real_source_mapped_not_running,,architecture-inventory.json representation_status,zz-s2p-namespace
topic:s2p/s2p-accounting-integrations-kafka_or_queue-76b79ba266d5e807,topic,P2,real_source_mapped_not_running,,architecture-inventory.json representation_status,zz-s2p-namespace
topic:s2p/s2p-accounting-integrations-kafka_or_queue-7918e920a3cd4e15,topic,P2,real_source_mapped_not_running,,architecture-inventory.json representation_status,zz-s2p-namespace
topic:s2p/s2p-accounting-integrations-kafka_or_queue-7a18cc3bbf8ed925,topic,P2,real_source_mapped_not_running,,architecture-inventory.json representation_status,zz-s2p-namespace
topic:s2p/s2p-accounting-integrations-kafka_or_queue-7b0a5bb2b4d5743a,topic,P2,real_source_mapped_not_running,,architecture-inventory.json representation_status,zz-s2p-namespace
topic:s2p/s2p-accounting-integrations-kafka_or_queue-7b33101b5171b123,topic,P2,real_source_mapped_not_running,,architecture-inventory.json representation_status,zz-s2p-namespace
topic:s2p/s2p-accounting-integrations-kafka_or_queue-7baf9a996e763703,topic,P2,real_source_mapped_not_running,,architecture-inventory.json representation_status,zz-s2p-namespace
topic:s2p/s2p-accounting-integrations-kafka_or_queue-7d778f48fcc05cc4,topic,P2,real_source_mapped_not_running,,architecture-inventory.json representation_status,zz-s2p-namespace
topic:s2p/s2p-accounting-integrations-kafka_or_queue-7db1e570eadc937d,topic,P2,real_source_mapped_not_running,,architecture-inventory.json representation_status,zz-s2p-namespace
topic:s2p/s2p-accounting-integrations-kafka_or_queue-7ed77e5510992cf8,topic,P2,real_source_mapped_not_running,,architecture-inventory.json representation_status,zz-s2p-namespace
topic:s2p/s2p-accounting-integrations-kafka_or_queue-7f32392418c48b5a,topic,P2,real_source_mapped_not_running,,architecture-inventory.json representation_status,zz-s2p-namespace
topic:s2p/s2p-accounting-integrations-kafka_or_queue-80ad85e15182e6d1,topic,P2,real_source_mapped_not_running,,architecture-inventory.json representation_status,zz-s2p-namespace
topic:s2p/s2p-accounting-integrations-kafka_or_queue-839a1df1e39fa65e,topic,P2,real_source_mapped_not_running,,architecture-inventory.json representation_status,zz-s2p-namespace
topic:s2p/s2p-accounting-integrations-kafka_or_queue-851c81c4a91f619c,topic,P2,real_source_mapped_not_running,,architecture-inventory.json representation_status,zz-s2p-namespace
topic:s2p/s2p-accounting-integrations-kafka_or_queue-8989648ef0462197,topic,P2,real_source_mapped_not_running,,architecture-inventory.json representation_status,zz-s2p-namespace
topic:s2p/s2p-accounting-integrations-kafka_or_queue-8aa43315ce71f62a,topic,P2,real_source_mapped_not_running,,architecture-inventory.json representation_status,zz-s2p-namespace
topic:s2p/s2p-accounting-integrations-kafka_or_queue-8ab3b769480cba4b,topic,P2,real_source_mapped_not_running,,architecture-inventory.json representation_status,zz-s2p-namespace
topic:s2p/s2p-accounting-integrations-kafka_or_queue-8af94a0a1fc8997c,topic,P2,real_source_mapped_not_running,,architecture-inventory.json representation_status,zz-s2p-namespace
topic:s2p/s2p-accounting-integrations-kafka_or_queue-8b0abaf2824283f6,topic,P2,real_source_mapped_not_running,,architecture-inventory.json representation_status,zz-s2p-namespace
topic:s2p/s2p-accounting-integrations-kafka_or_queue-8ea26f924081944d,topic,P2,real_source_mapped_not_running,,architecture-inventory.json representation_status,zz-s2p-namespace
topic:s2p/s2p-accounting-integrations-kafka_or_queue-941a734b7054deb2,topic,P2,real_source_mapped_not_running,,architecture-inventory.json representation_status,zz-s2p-namespace
topic:s2p/s2p-accounting-integrations-kafka_or_queue-9517d863bf5b9365,topic,P2,real_source_mapped_not_running,,architecture-inventory.json representation_status,zz-s2p-namespace
topic:s2p/s2p-accounting-integrations-kafka_or_queue-95beef5830b38c1a,topic,P2,real_source_mapped_not_running,,architecture-inventory.json representation_status,zz-s2p-namespace
topic:s2p/s2p-accounting-integrations-kafka_or_queue-96a972c3adcde873,topic,P2,real_source_mapped_not_running,,architecture-inventory.json representation_status,zz-s2p-namespace
topic:s2p/s2p-accounting-integrations-kafka_or_queue-97937d0ea24a8910,topic,P2,real_source_mapped_not_running,,architecture-inventory.json representation_status,zz-s2p-namespace
topic:s2p/s2p-accounting-integrations-kafka_or_queue-97b3e227c0ad4ffd,topic,P2,real_source_mapped_not_running,,architecture-inventory.json representation_status,zz-s2p-namespace
topic:s2p/s2p-accounting-integrations-kafka_or_queue-9a3aac3520194132,topic,P2,real_source_mapped_not_running,,architecture-inventory.json representation_status,zz-s2p-namespace
topic:s2p/s2p-accounting-integrations-kafka_or_queue-9b17e3ef47fb2d45,topic,P2,real_source_mapped_not_running,,architecture-inventory.json representation_status,zz-s2p-namespace
topic:s2p/s2p-accounting-integrations-kafka_or_queue-a1cce2c4eb679852,topic,P2,real_source_mapped_not_running,,architecture-inventory.json representation_status,zz-s2p-namespace
topic:s2p/s2p-accounting-integrations-kafka_or_queue-a254c8705d4474fd,topic,P2,real_source_mapped_not_running,,architecture-inventory.json representation_status,zz-s2p-namespace
topic:s2p/s2p-accounting-integrations-kafka_or_queue-a48b166944a568a0,topic,P2,real_source_mapped_not_running,,architecture-inventory.json representation_status,zz-s2p-namespace
topic:s2p/s2p-accounting-integrations-kafka_or_queue-a57c87f927e7e884,topic,P2,real_source_mapped_not_running,,architecture-inventory.json representation_status,zz-s2p-namespace
topic:s2p/s2p-accounting-integrations-kafka_or_queue-a584be94f4183cec,topic,P2,real_source_mapped_not_running,,architecture-inventory.json representation_status,zz-s2p-namespace
topic:s2p/s2p-accounting-integrations-kafka_or_queue-a6a765580c8e881b,topic,P2,real_source_mapped_not_running,,architecture-inventory.json representation_status,zz-s2p-namespace
topic:s2p/s2p-accounting-integrations-kafka_or_queue-a9e900219483377c,topic,P2,real_source_mapped_not_running,,architecture-inventory.json representation_status,zz-s2p-namespace
topic:s2p/s2p-accounting-integrations-kafka_or_queue-aa4bb1ebe9a6b9db,topic,P2,real_source_mapped_not_running,,architecture-inventory.json representation_status,zz-s2p-namespace
topic:s2p/s2p-accounting-integrations-kafka_or_queue-ac9becc56cff9c35,topic,P2,real_source_mapped_not_running,,architecture-inventory.json representation_status,zz-s2p-namespace
topic:s2p/s2p-accounting-integrations-kafka_or_queue-aca4691056ec381b,topic,P2,real_source_mapped_not_running,,architecture-inventory.json representation_status,zz-s2p-namespace
topic:s2p/s2p-accounting-integrations-kafka_or_queue-add57b78e3bc14ab,topic,P2,real_source_mapped_not_running,,architecture-inventory.json representation_status,zz-s2p-namespace
topic:s2p/s2p-accounting-integrations-kafka_or_queue-ae3e4d293aebf1b3,topic,P2,real_source_mapped_not_running,,architecture-inventory.json representation_status,zz-s2p-namespace
topic:s2p/s2p-accounting-integrations-kafka_or_queue-aed60ed1a9966e6a,topic,P2,real_source_mapped_not_running,,architecture-inventory.json representation_status,zz-s2p-namespace
topic:s2p/s2p-accounting-integrations-kafka_or_queue-b11805a42dfe07e8,topic,P2,real_source_mapped_not_running,,architecture-inventory.json representation_status,zz-s2p-namespace
topic:s2p/s2p-accounting-integrations-kafka_or_queue-b1c3580258ce3b95,topic,P2,real_source_mapped_not_running,,architecture-inventory.json representation_status,zz-s2p-namespace
topic:s2p/s2p-accounting-integrations-kafka_or_queue-b27442c950ceb5f1,topic,P2,real_source_mapped_not_running,,architecture-inventory.json representation_status,zz-s2p-namespace
topic:s2p/s2p-accounting-integrations-kafka_or_queue-b29b7f6b744adf75,topic,P2,real_source_mapped_not_running,,architecture-inventory.json representation_status,zz-s2p-namespace
topic:s2p/s2p-accounting-integrations-kafka_or_queue-b6c36f229342d7ba,topic,P2,real_source_mapped_not_running,,architecture-inventory.json representation_status,zz-s2p-namespace
topic:s2p/s2p-accounting-integrations-kafka_or_queue-b7be2394d79ecc8e,topic,P2,real_source_mapped_not_running,,architecture-inventory.json representation_status,zz-s2p-namespace
topic:s2p/s2p-accounting-integrations-kafka_or_queue-ba7a0a1101f105bd,topic,P2,real_source_mapped_not_running,,architecture-inventory.json representation_status,zz-s2p-namespace
topic:s2p/s2p-accounting-integrations-kafka_or_queue-bc8f19fa5411c66a,topic,P2,real_source_mapped_not_running,,architecture-inventory.json representation_status,zz-s2p-namespace
topic:s2p/s2p-accounting-integrations-kafka_or_queue-be0a8dd87109e833,topic,P2,real_source_mapped_not_running,,architecture-inventory.json representation_status,zz-s2p-namespace
topic:s2p/s2p-accounting-integrations-kafka_or_queue-bef570a2435a0dc0,topic,P2,real_source_mapped_not_running,,architecture-inventory.json representation_status,zz-s2p-namespace
topic:s2p/s2p-accounting-integrations-kafka_or_queue-c3c6a08d5e2ff0a4,topic,P2,real_source_mapped_not_running,,architecture-inventory.json representation_status,zz-s2p-namespace
topic:s2p/s2p-accounting-integrations-kafka_or_queue-c44181f953bffa4b,topic,P2,real_source_mapped_not_running,,architecture-inventory.json representation_status,zz-s2p-namespace
topic:s2p/s2p-accounting-integrations-kafka_or_queue-c446c70a3e0eb5ad,topic,P2,real_source_mapped_not_running,,architecture-inventory.json representation_status,zz-s2p-namespace
topic:s2p/s2p-accounting-integrations-kafka_or_queue-c543db19c09ab6fe,topic,P2,real_source_mapped_not_running,,architecture-inventory.json representation_status,zz-s2p-namespace
topic:s2p/s2p-accounting-integrations-kafka_or_queue-c625c2154d3e4491,topic,P2,real_source_mapped_not_running,,architecture-inventory.json representation_status,zz-s2p-namespace
topic:s2p/s2p-accounting-integrations-kafka_or_queue-c6bc08f4f92af6f6,topic,P2,real_source_mapped_not_running,,architecture-inventory.json representation_status,zz-s2p-namespace
topic:s2p/s2p-accounting-integrations-kafka_or_queue-c7acda9359c481ba,topic,P2,real_source_mapped_not_running,,architecture-inventory.json representation_status,zz-s2p-namespace
topic:s2p/s2p-accounting-integrations-kafka_or_queue-c882ac77981d5b45,topic,P2,real_source_mapped_not_running,,architecture-inventory.json representation_status,zz-s2p-namespace
topic:s2p/s2p-accounting-integrations-kafka_or_queue-c92e4d6b85ac1959,topic,P2,real_source_mapped_not_running,,architecture-inventory.json representation_status,zz-s2p-namespace
topic:s2p/s2p-accounting-integrations-kafka_or_queue-c9d3f8c322b2012e,topic,P2,real_source_mapped_not_running,,architecture-inventory.json representation_status,zz-s2p-namespace
topic:s2p/s2p-accounting-integrations-kafka_or_queue-c9e7675fe73f45ce,topic,P2,real_source_mapped_not_running,,architecture-inventory.json representation_status,zz-s2p-namespace
topic:s2p/s2p-accounting-integrations-kafka_or_queue-cbb7a98cc725bfa9,topic,P2,real_source_mapped_not_running,,architecture-inventory.json representation_status,zz-s2p-namespace
topic:s2p/s2p-accounting-integrations-kafka_or_queue-cc8b34393a489d26,topic,P2,real_source_mapped_not_running,,architecture-inventory.json representation_status,zz-s2p-namespace
topic:s2p/s2p-accounting-integrations-kafka_or_queue-cdcdd5a45d5057fa,topic,P2,real_source_mapped_not_running,,architecture-inventory.json representation_status,zz-s2p-namespace
topic:s2p/s2p-accounting-integrations-kafka_or_queue-cdf6a00837222720,topic,P2,real_source_mapped_not_running,,architecture-inventory.json representation_status,zz-s2p-namespace
topic:s2p/s2p-accounting-integrations-kafka_or_queue-ce12a10de05be80f,topic,P2,real_source_mapped_not_running,,architecture-inventory.json representation_status,zz-s2p-namespace
topic:s2p/s2p-accounting-integrations-kafka_or_queue-ce2ff94cb301ce4a,topic,P2,real_source_mapped_not_running,,architecture-inventory.json representation_status,zz-s2p-namespace
topic:s2p/s2p-accounting-integrations-kafka_or_queue-ce7d5a15d7bd0815,topic,P2,real_source_mapped_not_running,,architecture-inventory.json representation_status,zz-s2p-namespace
topic:s2p/s2p-accounting-integrations-kafka_or_queue-cec33e40c49bc4d5,topic,P2,real_source_mapped_not_running,,architecture-inventory.json representation_status,zz-s2p-namespace
topic:s2p/s2p-accounting-integrations-kafka_or_queue-d074a439a802321a,topic,P2,real_source_mapped_not_running,,architecture-inventory.json representation_status,zz-s2p-namespace
topic:s2p/s2p-accounting-integrations-kafka_or_queue-d0edf493f4de6130,topic,P2,real_source_mapped_not_running,,architecture-inventory.json representation_status,zz-s2p-namespace
topic:s2p/s2p-accounting-integrations-kafka_or_queue-d2e7334729f0b5c0,topic,P2,real_source_mapped_not_running,,architecture-inventory.json representation_status,zz-s2p-namespace
topic:s2p/s2p-accounting-integrations-kafka_or_queue-d304927fa98e6cc7,topic,P2,real_source_mapped_not_running,,architecture-inventory.json representation_status,zz-s2p-namespace
topic:s2p/s2p-accounting-integrations-kafka_or_queue-d3135b86f14b39cb,topic,P2,real_source_mapped_not_running,,architecture-inventory.json representation_status,zz-s2p-namespace
topic:s2p/s2p-accounting-integrations-kafka_or_queue-d3b03a3d9e89759f,topic,P2,real_source_mapped_not_running,,architecture-inventory.json representation_status,zz-s2p-namespace
topic:s2p/s2p-accounting-integrations-kafka_or_queue-d85c2aff016457fa,topic,P2,real_source_mapped_not_running,,architecture-inventory.json representation_status,zz-s2p-namespace
topic:s2p/s2p-accounting-integrations-kafka_or_queue-d945d077204d1226,topic,P2,real_source_mapped_not_running,,architecture-inventory.json representation_status,zz-s2p-namespace
topic:s2p/s2p-accounting-integrations-kafka_or_queue-d950aebd78e277e0,topic,P2,real_source_mapped_not_running,,architecture-inventory.json representation_status,zz-s2p-namespace
topic:s2p/s2p-accounting-integrations-kafka_or_queue-da4e4aa95e8355f4,topic,P2,real_source_mapped_not_running,,architecture-inventory.json representation_status,zz-s2p-namespace
topic:s2p/s2p-accounting-integrations-kafka_or_queue-dc24c0feabd31d98,topic,P2,real_source_mapped_not_running,,architecture-inventory.json representation_status,zz-s2p-namespace
topic:s2p/s2p-accounting-integrations-kafka_or_queue-dd744ba975f59a88,topic,P2,real_source_mapped_not_running,,architecture-inventory.json representation_status,zz-s2p-namespace
topic:s2p/s2p-accounting-integrations-kafka_or_queue-df1c733e0ef7ca38,topic,P2,real_source_mapped_not_running,,architecture-inventory.json representation_status,zz-s2p-namespace
topic:s2p/s2p-accounting-integrations-kafka_or_queue-e02e39004c0efe12,topic,P2,real_source_mapped_not_running,,architecture-inventory.json representation_status,zz-s2p-namespace
topic:s2p/s2p-accounting-integrations-kafka_or_queue-e371d2c469cd7944,topic,P2,real_source_mapped_not_running,,architecture-inventory.json representation_status,zz-s2p-namespace
topic:s2p/s2p-accounting-integrations-kafka_or_queue-e4799509822c6962,topic,P2,real_source_mapped_not_running,,architecture-inventory.json representation_status,zz-s2p-namespace
topic:s2p/s2p-accounting-integrations-kafka_or_queue-e638901ed444b11f,topic,P2,real_source_mapped_not_running,,architecture-inventory.json representation_status,zz-s2p-namespace
topic:s2p/s2p-accounting-integrations-kafka_or_queue-e82211018e48d53e,topic,P2,real_source_mapped_not_running,,architecture-inventory.json representation_status,zz-s2p-namespace
topic:s2p/s2p-accounting-integrations-kafka_or_queue-e883a9a451cb922e,topic,P2,real_source_mapped_not_running,,architecture-inventory.json representation_status,zz-s2p-namespace
topic:s2p/s2p-accounting-integrations-kafka_or_queue-e8a5821009a0f9e5,topic,P2,real_source_mapped_not_running,,architecture-inventory.json representation_status,zz-s2p-namespace
topic:s2p/s2p-accounting-integrations-kafka_or_queue-ea245195e29bb43b,topic,P2,real_source_mapped_not_running,,architecture-inventory.json representation_status,zz-s2p-namespace
topic:s2p/s2p-accounting-integrations-kafka_or_queue-eb559b907e8b0536,topic,P2,real_source_mapped_not_running,,architecture-inventory.json representation_status,zz-s2p-namespace
topic:s2p/s2p-accounting-integrations-kafka_or_queue-ebabedd17c9c48c7,topic,P2,real_source_mapped_not_running,,architecture-inventory.json representation_status,zz-s2p-namespace
topic:s2p/s2p-accounting-integrations-kafka_or_queue-ec138c11c840b859,topic,P2,real_source_mapped_not_running,,architecture-inventory.json representation_status,zz-s2p-namespace
topic:s2p/s2p-accounting-integrations-kafka_or_queue-ed5ba916abe40320,topic,P2,real_source_mapped_not_running,,architecture-inventory.json representation_status,zz-s2p-namespace
topic:s2p/s2p-accounting-integrations-kafka_or_queue-ee18aefad69f8bc3,topic,P2,real_source_mapped_not_running,,architecture-inventory.json representation_status,zz-s2p-namespace
topic:s2p/s2p-accounting-integrations-kafka_or_queue-f2d0a7bf4647731b,topic,P2,real_source_mapped_not_running,,architecture-inventory.json representation_status,zz-s2p-namespace
topic:s2p/s2p-accounting-integrations-kafka_or_queue-f2d1433f4228f945,topic,P2,real_source_mapped_not_running,,architecture-inventory.json representation_status,zz-s2p-namespace
topic:s2p/s2p-accounting-integrations-kafka_or_queue-f4684f64d2089da1,topic,P2,real_source_mapped_not_running,,architecture-inventory.json representation_status,zz-s2p-namespace
topic:s2p/s2p-accounting-integrations-kafka_or_queue-f8371ac15913cabf,topic,P2,real_source_mapped_not_running,,architecture-inventory.json representation_status,zz-s2p-namespace
topic:s2p/s2p-accounting-integrations-kafka_or_queue-f9238cff383a1f30,topic,P2,real_source_mapped_not_running,,architecture-inventory.json representation_status,zz-s2p-namespace
topic:s2p/s2p-accounting-integrations-kafka_or_queue-fd45e506e0421e3b,topic,P2,real_source_mapped_not_running,,architecture-inventory.json representation_status,zz-s2p-namespace
topic:s2p/s2p-vendor-experience-kafka_or_queue-00dcaa431221275a,topic,P2,real_source_mapped_not_running,,architecture-inventory.json representation_status,zz-s2p-namespace
topic:s2p/s2p-vendor-experience-kafka_or_queue-01c8f8ef5212981c,topic,P2,real_source_mapped_not_running,,architecture-inventory.json representation_status,zz-s2p-namespace
topic:s2p/s2p-vendor-experience-kafka_or_queue-024c5b80f3909b1c,topic,P2,real_source_mapped_not_running,,architecture-inventory.json representation_status,zz-s2p-namespace
topic:s2p/s2p-vendor-experience-kafka_or_queue-02fbebc5a0c11465,topic,P2,real_source_mapped_not_running,,architecture-inventory.json representation_status,zz-s2p-namespace
topic:s2p/s2p-vendor-experience-kafka_or_queue-062b66d632e0d813,topic,P2,real_source_mapped_not_running,,architecture-inventory.json representation_status,zz-s2p-namespace
topic:s2p/s2p-vendor-experience-kafka_or_queue-0d44e45bbd9e1c0b,topic,P2,real_source_mapped_not_running,,architecture-inventory.json representation_status,zz-s2p-namespace
topic:s2p/s2p-vendor-experience-kafka_or_queue-0fc711e6a40b5e1e,topic,P2,real_source_mapped_not_running,,architecture-inventory.json representation_status,zz-s2p-namespace
topic:s2p/s2p-vendor-experience-kafka_or_queue-13dd9089244d75b0,topic,P2,real_source_mapped_not_running,,architecture-inventory.json representation_status,zz-s2p-namespace
topic:s2p/s2p-vendor-experience-kafka_or_queue-15369ad7bfb8b98b,topic,P2,real_source_mapped_not_running,,architecture-inventory.json representation_status,zz-s2p-namespace
topic:s2p/s2p-vendor-experience-kafka_or_queue-1636c1d63bbfece1,topic,P2,real_source_mapped_not_running,,architecture-inventory.json representation_status,zz-s2p-namespace
topic:s2p/s2p-vendor-experience-kafka_or_queue-1933b6294bfc8b8a,topic,P2,real_source_mapped_not_running,,architecture-inventory.json representation_status,zz-s2p-namespace
topic:s2p/s2p-vendor-experience-kafka_or_queue-220ab3847a8797f8,topic,P2,real_source_mapped_not_running,,architecture-inventory.json representation_status,zz-s2p-namespace
topic:s2p/s2p-vendor-experience-kafka_or_queue-23171d255cad79f0,topic,P2,real_source_mapped_not_running,,architecture-inventory.json representation_status,zz-s2p-namespace
topic:s2p/s2p-vendor-experience-kafka_or_queue-2b8e1a2cb14a7e2f,topic,P2,real_source_mapped_not_running,,architecture-inventory.json representation_status,zz-s2p-namespace
topic:s2p/s2p-vendor-experience-kafka_or_queue-2d8379d9b391882e,topic,P2,real_source_mapped_not_running,,architecture-inventory.json representation_status,zz-s2p-namespace
topic:s2p/s2p-vendor-experience-kafka_or_queue-30a848a1b85ae28c,topic,P2,real_source_mapped_not_running,,architecture-inventory.json representation_status,zz-s2p-namespace
topic:s2p/s2p-vendor-experience-kafka_or_queue-36a8bec169bf71f3,topic,P2,real_source_mapped_not_running,,architecture-inventory.json representation_status,zz-s2p-namespace
topic:s2p/s2p-vendor-experience-kafka_or_queue-38b925b151968455,topic,P2,real_source_mapped_not_running,,architecture-inventory.json representation_status,zz-s2p-namespace
topic:s2p/s2p-vendor-experience-kafka_or_queue-391497096ccc307c,topic,P2,real_source_mapped_not_running,,architecture-inventory.json representation_status,zz-s2p-namespace
topic:s2p/s2p-vendor-experience-kafka_or_queue-3b05196222ee32c6,topic,P2,real_source_mapped_not_running,,architecture-inventory.json representation_status,zz-s2p-namespace
topic:s2p/s2p-vendor-experience-kafka_or_queue-3dca91b2f46cf948,topic,P2,real_source_mapped_not_running,,architecture-inventory.json representation_status,zz-s2p-namespace
topic:s2p/s2p-vendor-experience-kafka_or_queue-3e5fff128ae3fda4,topic,P2,real_source_mapped_not_running,,architecture-inventory.json representation_status,zz-s2p-namespace
topic:s2p/s2p-vendor-experience-kafka_or_queue-3eb94b360840f131,topic,P2,real_source_mapped_not_running,,architecture-inventory.json representation_status,zz-s2p-namespace
topic:s2p/s2p-vendor-experience-kafka_or_queue-4742d1b0c803dc6d,topic,P2,real_source_mapped_not_running,,architecture-inventory.json representation_status,zz-s2p-namespace
topic:s2p/s2p-vendor-experience-kafka_or_queue-4b8c6e179fda7fc1,topic,P2,real_source_mapped_not_running,,architecture-inventory.json representation_status,zz-s2p-namespace
topic:s2p/s2p-vendor-experience-kafka_or_queue-53799004feaf4a5e,topic,P2,real_source_mapped_not_running,,architecture-inventory.json representation_status,zz-s2p-namespace
topic:s2p/s2p-vendor-experience-kafka_or_queue-539e875b9083b0a0,topic,P2,real_source_mapped_not_running,,architecture-inventory.json representation_status,zz-s2p-namespace
topic:s2p/s2p-vendor-experience-kafka_or_queue-53e502c80526158d,topic,P2,real_source_mapped_not_running,,architecture-inventory.json representation_status,zz-s2p-namespace
topic:s2p/s2p-vendor-experience-kafka_or_queue-5630ac630102a065,topic,P2,real_source_mapped_not_running,,architecture-inventory.json representation_status,zz-s2p-namespace
topic:s2p/s2p-vendor-experience-kafka_or_queue-579d9bb19ff48d09,topic,P2,real_source_mapped_not_running,,architecture-inventory.json representation_status,zz-s2p-namespace
topic:s2p/s2p-vendor-experience-kafka_or_queue-5d273d7ed57ae6b6,topic,P2,real_source_mapped_not_running,,architecture-inventory.json representation_status,zz-s2p-namespace
topic:s2p/s2p-vendor-experience-kafka_or_queue-65f45ae0c3f22db7,topic,P2,real_source_mapped_not_running,,architecture-inventory.json representation_status,zz-s2p-namespace
topic:s2p/s2p-vendor-experience-kafka_or_queue-68532c73cdd85932,topic,P2,real_source_mapped_not_running,,architecture-inventory.json representation_status,zz-s2p-namespace
topic:s2p/s2p-vendor-experience-kafka_or_queue-6a79210fe6f17353,topic,P2,real_source_mapped_not_running,,architecture-inventory.json representation_status,zz-s2p-namespace
topic:s2p/s2p-vendor-experience-kafka_or_queue-6e670f9eeeb61ef3,topic,P2,real_source_mapped_not_running,,architecture-inventory.json representation_status,zz-s2p-namespace
topic:s2p/s2p-vendor-experience-kafka_or_queue-6f247c6ad1103d80,topic,P2,real_source_mapped_not_running,,architecture-inventory.json representation_status,zz-s2p-namespace
topic:s2p/s2p-vendor-experience-kafka_or_queue-71ef2f4037e11248,topic,P2,real_source_mapped_not_running,,architecture-inventory.json representation_status,zz-s2p-namespace
topic:s2p/s2p-vendor-experience-kafka_or_queue-77100782dc3560c4,topic,P2,real_source_mapped_not_running,,architecture-inventory.json representation_status,zz-s2p-namespace
topic:s2p/s2p-vendor-experience-kafka_or_queue-7865c6da535031da,topic,P2,real_source_mapped_not_running,,architecture-inventory.json representation_status,zz-s2p-namespace
topic:s2p/s2p-vendor-experience-kafka_or_queue-79eeb8eb8a46d87a,topic,P2,real_source_mapped_not_running,,architecture-inventory.json representation_status,zz-s2p-namespace
topic:s2p/s2p-vendor-experience-kafka_or_queue-7a69cd448f24ee1b,topic,P2,real_source_mapped_not_running,,architecture-inventory.json representation_status,zz-s2p-namespace
topic:s2p/s2p-vendor-experience-kafka_or_queue-7b810f23c48a5270,topic,P2,real_source_mapped_not_running,,architecture-inventory.json representation_status,zz-s2p-namespace
topic:s2p/s2p-vendor-experience-kafka_or_queue-84c81b895023bc2a,topic,P2,real_source_mapped_not_running,,architecture-inventory.json representation_status,zz-s2p-namespace
topic:s2p/s2p-vendor-experience-kafka_or_queue-8ca59cfe8b21424f,topic,P2,real_source_mapped_not_running,,architecture-inventory.json representation_status,zz-s2p-namespace
topic:s2p/s2p-vendor-experience-kafka_or_queue-923625067d0ea2e6,topic,P2,real_source_mapped_not_running,,architecture-inventory.json representation_status,zz-s2p-namespace
topic:s2p/s2p-vendor-experience-kafka_or_queue-97554e36e232f145,topic,P2,real_source_mapped_not_running,,architecture-inventory.json representation_status,zz-s2p-namespace
topic:s2p/s2p-vendor-experience-kafka_or_queue-9962731f13aeaa10,topic,P2,real_source_mapped_not_running,,architecture-inventory.json representation_status,zz-s2p-namespace
topic:s2p/s2p-vendor-experience-kafka_or_queue-9bd966bc90feff9f,topic,P2,real_source_mapped_not_running,,architecture-inventory.json representation_status,zz-s2p-namespace
topic:s2p/s2p-vendor-experience-kafka_or_queue-9ed5d01cfe3faf6c,topic,P2,real_source_mapped_not_running,,architecture-inventory.json representation_status,zz-s2p-namespace
topic:s2p/s2p-vendor-experience-kafka_or_queue-9ee53b44cbba1a7c,topic,P2,real_source_mapped_not_running,,architecture-inventory.json representation_status,zz-s2p-namespace
topic:s2p/s2p-vendor-experience-kafka_or_queue-a0ac251291fee411,topic,P2,real_source_mapped_not_running,,architecture-inventory.json representation_status,zz-s2p-namespace
topic:s2p/s2p-vendor-experience-kafka_or_queue-a3175edc5818b935,topic,P2,real_source_mapped_not_running,,architecture-inventory.json representation_status,zz-s2p-namespace
topic:s2p/s2p-vendor-experience-kafka_or_queue-a502e38ee4f3c689,topic,P2,real_source_mapped_not_running,,architecture-inventory.json representation_status,zz-s2p-namespace
topic:s2p/s2p-vendor-experience-kafka_or_queue-a5f005bfaaf30dd2,topic,P2,real_source_mapped_not_running,,architecture-inventory.json representation_status,zz-s2p-namespace
topic:s2p/s2p-vendor-experience-kafka_or_queue-a6c2f3b0ef423c96,topic,P2,real_source_mapped_not_running,,architecture-inventory.json representation_status,zz-s2p-namespace
topic:s2p/s2p-vendor-experience-kafka_or_queue-ab860bd5133d23f0,topic,P2,real_source_mapped_not_running,,architecture-inventory.json representation_status,zz-s2p-namespace
topic:s2p/s2p-vendor-experience-kafka_or_queue-afe59e128bdcb7aa,topic,P2,real_source_mapped_not_running,,architecture-inventory.json representation_status,zz-s2p-namespace
topic:s2p/s2p-vendor-experience-kafka_or_queue-b113040f40e16571,topic,P2,real_source_mapped_not_running,,architecture-inventory.json representation_status,zz-s2p-namespace
topic:s2p/s2p-vendor-experience-kafka_or_queue-b135f475aea9716c,topic,P2,real_source_mapped_not_running,,architecture-inventory.json representation_status,zz-s2p-namespace
topic:s2p/s2p-vendor-experience-kafka_or_queue-bccacbd795812145,topic,P2,real_source_mapped_not_running,,architecture-inventory.json representation_status,zz-s2p-namespace
topic:s2p/s2p-vendor-experience-kafka_or_queue-bd50aeacaba17421,topic,P2,real_source_mapped_not_running,,architecture-inventory.json representation_status,zz-s2p-namespace
topic:s2p/s2p-vendor-experience-kafka_or_queue-bdf6a752935714b7,topic,P2,real_source_mapped_not_running,,architecture-inventory.json representation_status,zz-s2p-namespace
topic:s2p/s2p-vendor-experience-kafka_or_queue-c2995264db7fb3fc,topic,P2,real_source_mapped_not_running,,architecture-inventory.json representation_status,zz-s2p-namespace
topic:s2p/s2p-vendor-experience-kafka_or_queue-c44cc0dced949e66,topic,P2,real_source_mapped_not_running,,architecture-inventory.json representation_status,zz-s2p-namespace
topic:s2p/s2p-vendor-experience-kafka_or_queue-c488a6db9b4c9e65,topic,P2,real_source_mapped_not_running,,architecture-inventory.json representation_status,zz-s2p-namespace
topic:s2p/s2p-vendor-experience-kafka_or_queue-c5088808ab5e638a,topic,P2,real_source_mapped_not_running,,architecture-inventory.json representation_status,zz-s2p-namespace
topic:s2p/s2p-vendor-experience-kafka_or_queue-c929c2364c567d16,topic,P2,real_source_mapped_not_running,,architecture-inventory.json representation_status,zz-s2p-namespace
topic:s2p/s2p-vendor-experience-kafka_or_queue-d1381925ac1335a1,topic,P2,real_source_mapped_not_running,,architecture-inventory.json representation_status,zz-s2p-namespace
topic:s2p/s2p-vendor-experience-kafka_or_queue-d456f68987f12445,topic,P2,real_source_mapped_not_running,,architecture-inventory.json representation_status,zz-s2p-namespace
topic:s2p/s2p-vendor-experience-kafka_or_queue-d7f02628ba1f2ee1,topic,P2,real_source_mapped_not_running,,architecture-inventory.json representation_status,zz-s2p-namespace
topic:s2p/s2p-vendor-experience-kafka_or_queue-dcc8d6970c95eb58,topic,P2,real_source_mapped_not_running,,architecture-inventory.json representation_status,zz-s2p-namespace
topic:s2p/s2p-vendor-experience-kafka_or_queue-e1df0ef7eded988d,topic,P2,real_source_mapped_not_running,,architecture-inventory.json representation_status,zz-s2p-namespace
topic:s2p/s2p-vendor-experience-kafka_or_queue-e226d7976130efbf,topic,P2,real_source_mapped_not_running,,architecture-inventory.json representation_status,zz-s2p-namespace
topic:s2p/s2p-vendor-experience-kafka_or_queue-e5b3dca668c1b075,topic,P2,real_source_mapped_not_running,,architecture-inventory.json representation_status,zz-s2p-namespace
topic:s2p/s2p-vendor-experience-kafka_or_queue-e6a3742105b235a1,topic,P2,real_source_mapped_not_running,,architecture-inventory.json representation_status,zz-s2p-namespace
topic:s2p/s2p-vendor-experience-kafka_or_queue-e6bebb506d9d4f90,topic,P2,real_source_mapped_not_running,,architecture-inventory.json representation_status,zz-s2p-namespace
topic:s2p/s2p-vendor-experience-kafka_or_queue-e7acaf36a45afa0c,topic,P2,real_source_mapped_not_running,,architecture-inventory.json representation_status,zz-s2p-namespace
topic:s2p/s2p-vendor-experience-kafka_or_queue-e81a072d200c54f3,topic,P2,real_source_mapped_not_running,,architecture-inventory.json representation_status,zz-s2p-namespace
topic:s2p/s2p-vendor-experience-kafka_or_queue-ea1123ccffba1f9a,topic,P2,real_source_mapped_not_running,,architecture-inventory.json representation_status,zz-s2p-namespace
topic:s2p/s2p-vendor-experience-kafka_or_queue-f16814608bdb1620,topic,P2,real_source_mapped_not_running,,architecture-inventory.json representation_status,zz-s2p-namespace
topic:s2p/s2p-vendor-experience-kafka_or_queue-f1e9bb3de4a170f9,topic,P2,real_source_mapped_not_running,,architecture-inventory.json representation_status,zz-s2p-namespace
topic:s2p/s2p-vendor-experience-kafka_or_queue-f4199f067731df5b,topic,P2,real_source_mapped_not_running,,architecture-inventory.json representation_status,zz-s2p-namespace
topic:s2p/s2p-vendor-experience-kafka_or_queue-f4d45d9a4ae4e3da,topic,P2,real_source_mapped_not_running,,architecture-inventory.json representation_status,zz-s2p-namespace
topic:s2p/s2p-vendor-experience-kafka_or_queue-f8563858166cc5f4,topic,P2,real_source_mapped_not_running,,architecture-inventory.json representation_status,zz-s2p-namespace
topic:s2p/s2p-vendor-experience-kafka_or_queue-f9f9deca472b6656,topic,P2,real_source_mapped_not_running,,architecture-inventory.json representation_status,zz-s2p-namespace
topic:s2p/s2p-vendor-experience-kafka_or_queue-fcfd07ebcf1c6a5b,topic,P2,real_source_mapped_not_running,,architecture-inventory.json representation_status,zz-s2p-namespace
topic:s2p/s2p-vendor-payments-kafka_or_queue-0070bcd5a316ae15,topic,P2,real_source_mapped_not_running,,architecture-inventory.json representation_status,zz-s2p-namespace
topic:s2p/s2p-vendor-payments-kafka_or_queue-012afc8a3c27d569,topic,P2,real_source_mapped_not_running,,architecture-inventory.json representation_status,zz-s2p-namespace
topic:s2p/s2p-vendor-payments-kafka_or_queue-020ebd87d2703cdc,topic,P2,real_source_mapped_not_running,,architecture-inventory.json representation_status,zz-s2p-namespace
topic:s2p/s2p-vendor-payments-kafka_or_queue-03ac51f90f8f3d62,topic,P2,real_source_mapped_not_running,,architecture-inventory.json representation_status,zz-s2p-namespace
topic:s2p/s2p-vendor-payments-kafka_or_queue-041d5b87334abdd5,topic,P2,real_source_mapped_not_running,,architecture-inventory.json representation_status,zz-s2p-namespace
topic:s2p/s2p-vendor-payments-kafka_or_queue-0495867a473f5389,topic,P2,real_source_mapped_not_running,,architecture-inventory.json representation_status,zz-s2p-namespace
topic:s2p/s2p-vendor-payments-kafka_or_queue-04c2a795add3dda4,topic,P2,real_source_mapped_not_running,,architecture-inventory.json representation_status,zz-s2p-namespace
topic:s2p/s2p-vendor-payments-kafka_or_queue-06093e210df0cc6b,topic,P2,real_source_mapped_not_running,,architecture-inventory.json representation_status,zz-s2p-namespace
topic:s2p/s2p-vendor-payments-kafka_or_queue-069cc5d322b9c0e1,topic,P2,real_source_mapped_not_running,,architecture-inventory.json representation_status,zz-s2p-namespace
topic:s2p/s2p-vendor-payments-kafka_or_queue-06e9ed61e74a791f,topic,P2,real_source_mapped_not_running,,architecture-inventory.json representation_status,zz-s2p-namespace
topic:s2p/s2p-vendor-payments-kafka_or_queue-07107b4f81cb5a02,topic,P2,real_source_mapped_not_running,,architecture-inventory.json representation_status,zz-s2p-namespace
topic:s2p/s2p-vendor-payments-kafka_or_queue-071616def99200d4,topic,P2,real_source_mapped_not_running,,architecture-inventory.json representation_status,zz-s2p-namespace
topic:s2p/s2p-vendor-payments-kafka_or_queue-0848d2d45c84d6c3,topic,P2,real_source_mapped_not_running,,architecture-inventory.json representation_status,zz-s2p-namespace
topic:s2p/s2p-vendor-payments-kafka_or_queue-08c749ad254f30b2,topic,P2,real_source_mapped_not_running,,architecture-inventory.json representation_status,zz-s2p-namespace
topic:s2p/s2p-vendor-payments-kafka_or_queue-08ffabe2b037e76d,topic,P2,real_source_mapped_not_running,,architecture-inventory.json representation_status,zz-s2p-namespace
topic:s2p/s2p-vendor-payments-kafka_or_queue-097a3bd805ecc61f,topic,P2,real_source_mapped_not_running,,architecture-inventory.json representation_status,zz-s2p-namespace
topic:s2p/s2p-vendor-payments-kafka_or_queue-0a35573e988066ca,topic,P2,real_source_mapped_not_running,,architecture-inventory.json representation_status,zz-s2p-namespace
topic:s2p/s2p-vendor-payments-kafka_or_queue-0afed948e0eb4492,topic,P2,real_source_mapped_not_running,,architecture-inventory.json representation_status,zz-s2p-namespace
topic:s2p/s2p-vendor-payments-kafka_or_queue-0bfb9f8ee39005b5,topic,P2,real_source_mapped_not_running,,architecture-inventory.json representation_status,zz-s2p-namespace
topic:s2p/s2p-vendor-payments-kafka_or_queue-0c5449c8dd3fe5b5,topic,P2,real_source_mapped_not_running,,architecture-inventory.json representation_status,zz-s2p-namespace
topic:s2p/s2p-vendor-payments-kafka_or_queue-0c65b4cf5c775280,topic,P2,real_source_mapped_not_running,,architecture-inventory.json representation_status,zz-s2p-namespace
topic:s2p/s2p-vendor-payments-kafka_or_queue-0d23c2238ee06ed2,topic,P2,real_source_mapped_not_running,,architecture-inventory.json representation_status,zz-s2p-namespace
topic:s2p/s2p-vendor-payments-kafka_or_queue-0ef86385d44982f0,topic,P2,real_source_mapped_not_running,,architecture-inventory.json representation_status,zz-s2p-namespace
topic:s2p/s2p-vendor-payments-kafka_or_queue-0f3fc420bd09d0f1,topic,P2,real_source_mapped_not_running,,architecture-inventory.json representation_status,zz-s2p-namespace
topic:s2p/s2p-vendor-payments-kafka_or_queue-0fd6db65fc8a4551,topic,P2,real_source_mapped_not_running,,architecture-inventory.json representation_status,zz-s2p-namespace
topic:s2p/s2p-vendor-payments-kafka_or_queue-10203a498b7e2411,topic,P2,real_source_mapped_not_running,,architecture-inventory.json representation_status,zz-s2p-namespace
topic:s2p/s2p-vendor-payments-kafka_or_queue-104eb34724a3fcf7,topic,P2,real_source_mapped_not_running,,architecture-inventory.json representation_status,zz-s2p-namespace
topic:s2p/s2p-vendor-payments-kafka_or_queue-1063ae7a9d2fbd74,topic,P2,real_source_mapped_not_running,,architecture-inventory.json representation_status,zz-s2p-namespace
topic:s2p/s2p-vendor-payments-kafka_or_queue-10e45cdfb8e1b6ad,topic,P2,real_source_mapped_not_running,,architecture-inventory.json representation_status,zz-s2p-namespace
topic:s2p/s2p-vendor-payments-kafka_or_queue-11c88ac63684b5ed,topic,P2,real_source_mapped_not_running,,architecture-inventory.json representation_status,zz-s2p-namespace
topic:s2p/s2p-vendor-payments-kafka_or_queue-121952fc603bd2f8,topic,P2,real_source_mapped_not_running,,architecture-inventory.json representation_status,zz-s2p-namespace
topic:s2p/s2p-vendor-payments-kafka_or_queue-124bf444606774b7,topic,P2,real_source_mapped_not_running,,architecture-inventory.json representation_status,zz-s2p-namespace
topic:s2p/s2p-vendor-payments-kafka_or_queue-12ddf5c12a0e8d66,topic,P2,real_source_mapped_not_running,,architecture-inventory.json representation_status,zz-s2p-namespace
topic:s2p/s2p-vendor-payments-kafka_or_queue-12f834f6e2a5b322,topic,P2,real_source_mapped_not_running,,architecture-inventory.json representation_status,zz-s2p-namespace
topic:s2p/s2p-vendor-payments-kafka_or_queue-140088490eddd638,topic,P2,real_source_mapped_not_running,,architecture-inventory.json representation_status,zz-s2p-namespace
topic:s2p/s2p-vendor-payments-kafka_or_queue-140a2610a525801a,topic,P2,real_source_mapped_not_running,,architecture-inventory.json representation_status,zz-s2p-namespace
topic:s2p/s2p-vendor-payments-kafka_or_queue-14244dd650584bcc,topic,P2,real_source_mapped_not_running,,architecture-inventory.json representation_status,zz-s2p-namespace
topic:s2p/s2p-vendor-payments-kafka_or_queue-14a96d5047d70679,topic,P2,real_source_mapped_not_running,,architecture-inventory.json representation_status,zz-s2p-namespace
topic:s2p/s2p-vendor-payments-kafka_or_queue-156bc97f816a3573,topic,P2,real_source_mapped_not_running,,architecture-inventory.json representation_status,zz-s2p-namespace
topic:s2p/s2p-vendor-payments-kafka_or_queue-1576f66fe0ca1e29,topic,P2,real_source_mapped_not_running,,architecture-inventory.json representation_status,zz-s2p-namespace
topic:s2p/s2p-vendor-payments-kafka_or_queue-158df9aeeeba5c7b,topic,P2,real_source_mapped_not_running,,architecture-inventory.json representation_status,zz-s2p-namespace
topic:s2p/s2p-vendor-payments-kafka_or_queue-15ae75715e174c20,topic,P2,real_source_mapped_not_running,,architecture-inventory.json representation_status,zz-s2p-namespace
topic:s2p/s2p-vendor-payments-kafka_or_queue-15b53639d6ba52e3,topic,P2,real_source_mapped_not_running,,architecture-inventory.json representation_status,zz-s2p-namespace
topic:s2p/s2p-vendor-payments-kafka_or_queue-15ea7fa89691dabb,topic,P2,real_source_mapped_not_running,,architecture-inventory.json representation_status,zz-s2p-namespace
topic:s2p/s2p-vendor-payments-kafka_or_queue-1699d95465a448ed,topic,P2,real_source_mapped_not_running,,architecture-inventory.json representation_status,zz-s2p-namespace
topic:s2p/s2p-vendor-payments-kafka_or_queue-1797556347c43abe,topic,P2,real_source_mapped_not_running,,architecture-inventory.json representation_status,zz-s2p-namespace
topic:s2p/s2p-vendor-payments-kafka_or_queue-180760a7c2a5b3df,topic,P2,real_source_mapped_not_running,,architecture-inventory.json representation_status,zz-s2p-namespace
topic:s2p/s2p-vendor-payments-kafka_or_queue-18825a4fff48f7ba,topic,P2,real_source_mapped_not_running,,architecture-inventory.json representation_status,zz-s2p-namespace
topic:s2p/s2p-vendor-payments-kafka_or_queue-1905241438447d34,topic,P2,real_source_mapped_not_running,,architecture-inventory.json representation_status,zz-s2p-namespace
topic:s2p/s2p-vendor-payments-kafka_or_queue-1a004dafcd587cc7,topic,P2,real_source_mapped_not_running,,architecture-inventory.json representation_status,zz-s2p-namespace
topic:s2p/s2p-vendor-payments-kafka_or_queue-1a360e64d54fabd8,topic,P2,real_source_mapped_not_running,,architecture-inventory.json representation_status,zz-s2p-namespace
topic:s2p/s2p-vendor-payments-kafka_or_queue-1a8330c2bcaecd12,topic,P2,real_source_mapped_not_running,,architecture-inventory.json representation_status,zz-s2p-namespace
topic:s2p/s2p-vendor-payments-kafka_or_queue-1b03461e223ca777,topic,P2,real_source_mapped_not_running,,architecture-inventory.json representation_status,zz-s2p-namespace
topic:s2p/s2p-vendor-payments-kafka_or_queue-1b2dba45c274f4b6,topic,P2,real_source_mapped_not_running,,architecture-inventory.json representation_status,zz-s2p-namespace
topic:s2p/s2p-vendor-payments-kafka_or_queue-1b4308be0d6ced9c,topic,P2,real_source_mapped_not_running,,architecture-inventory.json representation_status,zz-s2p-namespace
topic:s2p/s2p-vendor-payments-kafka_or_queue-1dd6a84b8bab0df2,topic,P2,real_source_mapped_not_running,,architecture-inventory.json representation_status,zz-s2p-namespace
topic:s2p/s2p-vendor-payments-kafka_or_queue-1dd77905bda3ce53,topic,P2,real_source_mapped_not_running,,architecture-inventory.json representation_status,zz-s2p-namespace
topic:s2p/s2p-vendor-payments-kafka_or_queue-1df40f48868f30a9,topic,P2,real_source_mapped_not_running,,architecture-inventory.json representation_status,zz-s2p-namespace
topic:s2p/s2p-vendor-payments-kafka_or_queue-1df5e4d348235083,topic,P2,real_source_mapped_not_running,,architecture-inventory.json representation_status,zz-s2p-namespace
topic:s2p/s2p-vendor-payments-kafka_or_queue-1e20a72fa973d60f,topic,P2,real_source_mapped_not_running,,architecture-inventory.json representation_status,zz-s2p-namespace
topic:s2p/s2p-vendor-payments-kafka_or_queue-1f389ebf70464406,topic,P2,real_source_mapped_not_running,,architecture-inventory.json representation_status,zz-s2p-namespace
topic:s2p/s2p-vendor-payments-kafka_or_queue-1f8974cd328c47be,topic,P2,real_source_mapped_not_running,,architecture-inventory.json representation_status,zz-s2p-namespace
topic:s2p/s2p-vendor-payments-kafka_or_queue-1fa3eaab616485e5,topic,P2,real_source_mapped_not_running,,architecture-inventory.json representation_status,zz-s2p-namespace
topic:s2p/s2p-vendor-payments-kafka_or_queue-205590eb2deea408,topic,P2,real_source_mapped_not_running,,architecture-inventory.json representation_status,zz-s2p-namespace
topic:s2p/s2p-vendor-payments-kafka_or_queue-212453b67e864cc7,topic,P2,real_source_mapped_not_running,,architecture-inventory.json representation_status,zz-s2p-namespace
topic:s2p/s2p-vendor-payments-kafka_or_queue-2200b622f29a5094,topic,P2,real_source_mapped_not_running,,architecture-inventory.json representation_status,zz-s2p-namespace
topic:s2p/s2p-vendor-payments-kafka_or_queue-2212c1b975605471,topic,P2,real_source_mapped_not_running,,architecture-inventory.json representation_status,zz-s2p-namespace
topic:s2p/s2p-vendor-payments-kafka_or_queue-2233687bf8d87821,topic,P2,real_source_mapped_not_running,,architecture-inventory.json representation_status,zz-s2p-namespace
topic:s2p/s2p-vendor-payments-kafka_or_queue-23576d605984df2e,topic,P2,real_source_mapped_not_running,,architecture-inventory.json representation_status,zz-s2p-namespace
topic:s2p/s2p-vendor-payments-kafka_or_queue-238e46047e1f1b90,topic,P2,real_source_mapped_not_running,,architecture-inventory.json representation_status,zz-s2p-namespace
topic:s2p/s2p-vendor-payments-kafka_or_queue-2397aa5d547a9dc7,topic,P2,real_source_mapped_not_running,,architecture-inventory.json representation_status,zz-s2p-namespace
topic:s2p/s2p-vendor-payments-kafka_or_queue-24018bc6cd5531c7,topic,P2,real_source_mapped_not_running,,architecture-inventory.json representation_status,zz-s2p-namespace
topic:s2p/s2p-vendor-payments-kafka_or_queue-240c50a248c66ea2,topic,P2,real_source_mapped_not_running,,architecture-inventory.json representation_status,zz-s2p-namespace
topic:s2p/s2p-vendor-payments-kafka_or_queue-2413a8cf09d76bc1,topic,P2,real_source_mapped_not_running,,architecture-inventory.json representation_status,zz-s2p-namespace
topic:s2p/s2p-vendor-payments-kafka_or_queue-24fe6ff050fc5121,topic,P2,real_source_mapped_not_running,,architecture-inventory.json representation_status,zz-s2p-namespace
topic:s2p/s2p-vendor-payments-kafka_or_queue-256eba42da800e0e,topic,P2,real_source_mapped_not_running,,architecture-inventory.json representation_status,zz-s2p-namespace
topic:s2p/s2p-vendor-payments-kafka_or_queue-25a9369b76d9f119,topic,P2,real_source_mapped_not_running,,architecture-inventory.json representation_status,zz-s2p-namespace
topic:s2p/s2p-vendor-payments-kafka_or_queue-26422188e61aa8c6,topic,P2,real_source_mapped_not_running,,architecture-inventory.json representation_status,zz-s2p-namespace
topic:s2p/s2p-vendor-payments-kafka_or_queue-26adc00f93244dfc,topic,P2,real_source_mapped_not_running,,architecture-inventory.json representation_status,zz-s2p-namespace
topic:s2p/s2p-vendor-payments-kafka_or_queue-27232ff26826b97a,topic,P2,real_source_mapped_not_running,,architecture-inventory.json representation_status,zz-s2p-namespace
topic:s2p/s2p-vendor-payments-kafka_or_queue-27601d7037c7ac5f,topic,P2,real_source_mapped_not_running,,architecture-inventory.json representation_status,zz-s2p-namespace
topic:s2p/s2p-vendor-payments-kafka_or_queue-27e7f378d9aefa18,topic,P2,real_source_mapped_not_running,,architecture-inventory.json representation_status,zz-s2p-namespace
topic:s2p/s2p-vendor-payments-kafka_or_queue-297ddb5f222634e9,topic,P2,real_source_mapped_not_running,,architecture-inventory.json representation_status,zz-s2p-namespace
topic:s2p/s2p-vendor-payments-kafka_or_queue-29b2b84ab1b1d364,topic,P2,real_source_mapped_not_running,,architecture-inventory.json representation_status,zz-s2p-namespace
topic:s2p/s2p-vendor-payments-kafka_or_queue-2a2d5cef21fae477,topic,P2,real_source_mapped_not_running,,architecture-inventory.json representation_status,zz-s2p-namespace
topic:s2p/s2p-vendor-payments-kafka_or_queue-2ad24dd931e2a81a,topic,P2,real_source_mapped_not_running,,architecture-inventory.json representation_status,zz-s2p-namespace
topic:s2p/s2p-vendor-payments-kafka_or_queue-2b2233baf88ec3f2,topic,P2,real_source_mapped_not_running,,architecture-inventory.json representation_status,zz-s2p-namespace
topic:s2p/s2p-vendor-payments-kafka_or_queue-2c1e5c316534b0ac,topic,P2,real_source_mapped_not_running,,architecture-inventory.json representation_status,zz-s2p-namespace
topic:s2p/s2p-vendor-payments-kafka_or_queue-2c5f77eca7803240,topic,P2,real_source_mapped_not_running,,architecture-inventory.json representation_status,zz-s2p-namespace
topic:s2p/s2p-vendor-payments-kafka_or_queue-2d148626a66cfb37,topic,P2,real_source_mapped_not_running,,architecture-inventory.json representation_status,zz-s2p-namespace
topic:s2p/s2p-vendor-payments-kafka_or_queue-2db0f5db30d0f846,topic,P2,real_source_mapped_not_running,,architecture-inventory.json representation_status,zz-s2p-namespace
topic:s2p/s2p-vendor-payments-kafka_or_queue-2db6381837478323,topic,P2,real_source_mapped_not_running,,architecture-inventory.json representation_status,zz-s2p-namespace
topic:s2p/s2p-vendor-payments-kafka_or_queue-2dcba7da64379909,topic,P2,real_source_mapped_not_running,,architecture-inventory.json representation_status,zz-s2p-namespace
topic:s2p/s2p-vendor-payments-kafka_or_queue-2e34bea2bc909140,topic,P2,real_source_mapped_not_running,,architecture-inventory.json representation_status,zz-s2p-namespace
topic:s2p/s2p-vendor-payments-kafka_or_queue-2f359caf13b2777a,topic,P2,real_source_mapped_not_running,,architecture-inventory.json representation_status,zz-s2p-namespace
topic:s2p/s2p-vendor-payments-kafka_or_queue-2f8b015c53324156,topic,P2,real_source_mapped_not_running,,architecture-inventory.json representation_status,zz-s2p-namespace
topic:s2p/s2p-vendor-payments-kafka_or_queue-3067baeaf7786caf,topic,P2,real_source_mapped_not_running,,architecture-inventory.json representation_status,zz-s2p-namespace
topic:s2p/s2p-vendor-payments-kafka_or_queue-30b872f04e3d983b,topic,P2,real_source_mapped_not_running,,architecture-inventory.json representation_status,zz-s2p-namespace
topic:s2p/s2p-vendor-payments-kafka_or_queue-312528c0fabf0912,topic,P2,real_source_mapped_not_running,,architecture-inventory.json representation_status,zz-s2p-namespace
topic:s2p/s2p-vendor-payments-kafka_or_queue-3134e7a3c75e2060,topic,P2,real_source_mapped_not_running,,architecture-inventory.json representation_status,zz-s2p-namespace
topic:s2p/s2p-vendor-payments-kafka_or_queue-314f44397e368ff5,topic,P2,real_source_mapped_not_running,,architecture-inventory.json representation_status,zz-s2p-namespace
topic:s2p/s2p-vendor-payments-kafka_or_queue-31c9c36dc061368c,topic,P2,real_source_mapped_not_running,,architecture-inventory.json representation_status,zz-s2p-namespace
topic:s2p/s2p-vendor-payments-kafka_or_queue-31d80390e0c3ca91,topic,P2,real_source_mapped_not_running,,architecture-inventory.json representation_status,zz-s2p-namespace
topic:s2p/s2p-vendor-payments-kafka_or_queue-3209126e35dd84b0,topic,P2,real_source_mapped_not_running,,architecture-inventory.json representation_status,zz-s2p-namespace
topic:s2p/s2p-vendor-payments-kafka_or_queue-327712bbb44a677d,topic,P2,real_source_mapped_not_running,,architecture-inventory.json representation_status,zz-s2p-namespace
topic:s2p/s2p-vendor-payments-kafka_or_queue-32cc4b450ab6344e,topic,P2,real_source_mapped_not_running,,architecture-inventory.json representation_status,zz-s2p-namespace
topic:s2p/s2p-vendor-payments-kafka_or_queue-341f1aaa23ad58c5,topic,P2,real_source_mapped_not_running,,architecture-inventory.json representation_status,zz-s2p-namespace
topic:s2p/s2p-vendor-payments-kafka_or_queue-3449f9b68ee46ccc,topic,P2,real_source_mapped_not_running,,architecture-inventory.json representation_status,zz-s2p-namespace
topic:s2p/s2p-vendor-payments-kafka_or_queue-3467d1e73447b9d4,topic,P2,real_source_mapped_not_running,,architecture-inventory.json representation_status,zz-s2p-namespace
topic:s2p/s2p-vendor-payments-kafka_or_queue-35794c50be66c115,topic,P2,real_source_mapped_not_running,,architecture-inventory.json representation_status,zz-s2p-namespace
topic:s2p/s2p-vendor-payments-kafka_or_queue-3633f891df35e58a,topic,P2,real_source_mapped_not_running,,architecture-inventory.json representation_status,zz-s2p-namespace
topic:s2p/s2p-vendor-payments-kafka_or_queue-365fa92bdbbe7e25,topic,P2,real_source_mapped_not_running,,architecture-inventory.json representation_status,zz-s2p-namespace
topic:s2p/s2p-vendor-payments-kafka_or_queue-36678bb3636749cf,topic,P2,real_source_mapped_not_running,,architecture-inventory.json representation_status,zz-s2p-namespace
topic:s2p/s2p-vendor-payments-kafka_or_queue-368d99583658f029,topic,P2,real_source_mapped_not_running,,architecture-inventory.json representation_status,zz-s2p-namespace
topic:s2p/s2p-vendor-payments-kafka_or_queue-36a42fc1c9ac01b5,topic,P2,real_source_mapped_not_running,,architecture-inventory.json representation_status,zz-s2p-namespace
topic:s2p/s2p-vendor-payments-kafka_or_queue-36e2d04bfff0be9f,topic,P2,real_source_mapped_not_running,,architecture-inventory.json representation_status,zz-s2p-namespace
topic:s2p/s2p-vendor-payments-kafka_or_queue-37666a7dc7638c84,topic,P2,real_source_mapped_not_running,,architecture-inventory.json representation_status,zz-s2p-namespace
topic:s2p/s2p-vendor-payments-kafka_or_queue-376d1219d0e0f122,topic,P2,real_source_mapped_not_running,,architecture-inventory.json representation_status,zz-s2p-namespace
topic:s2p/s2p-vendor-payments-kafka_or_queue-37d44c3c269f1358,topic,P2,real_source_mapped_not_running,,architecture-inventory.json representation_status,zz-s2p-namespace
topic:s2p/s2p-vendor-payments-kafka_or_queue-37f7a3fbeba7081f,topic,P2,real_source_mapped_not_running,,architecture-inventory.json representation_status,zz-s2p-namespace
topic:s2p/s2p-vendor-payments-kafka_or_queue-3801e055bd54f091,topic,P2,real_source_mapped_not_running,,architecture-inventory.json representation_status,zz-s2p-namespace
topic:s2p/s2p-vendor-payments-kafka_or_queue-3816f07524ad4e3a,topic,P2,real_source_mapped_not_running,,architecture-inventory.json representation_status,zz-s2p-namespace
topic:s2p/s2p-vendor-payments-kafka_or_queue-38a6a6a7f194e5cb,topic,P2,real_source_mapped_not_running,,architecture-inventory.json representation_status,zz-s2p-namespace
topic:s2p/s2p-vendor-payments-kafka_or_queue-38f6e2eb604f8464,topic,P2,real_source_mapped_not_running,,architecture-inventory.json representation_status,zz-s2p-namespace
topic:s2p/s2p-vendor-payments-kafka_or_queue-3955d1bcce4288b0,topic,P2,real_source_mapped_not_running,,architecture-inventory.json representation_status,zz-s2p-namespace
topic:s2p/s2p-vendor-payments-kafka_or_queue-39b0f978d0fa2bd7,topic,P2,real_source_mapped_not_running,,architecture-inventory.json representation_status,zz-s2p-namespace
topic:s2p/s2p-vendor-payments-kafka_or_queue-39c4390128f9fef1,topic,P2,real_source_mapped_not_running,,architecture-inventory.json representation_status,zz-s2p-namespace
topic:s2p/s2p-vendor-payments-kafka_or_queue-39f215ab1288d283,topic,P2,real_source_mapped_not_running,,architecture-inventory.json representation_status,zz-s2p-namespace
topic:s2p/s2p-vendor-payments-kafka_or_queue-3a781e367abef58b,topic,P2,real_source_mapped_not_running,,architecture-inventory.json representation_status,zz-s2p-namespace
topic:s2p/s2p-vendor-payments-kafka_or_queue-3a9dc02b883b03f6,topic,P2,real_source_mapped_not_running,,architecture-inventory.json representation_status,zz-s2p-namespace
topic:s2p/s2p-vendor-payments-kafka_or_queue-3c360a328b0244d2,topic,P2,real_source_mapped_not_running,,architecture-inventory.json representation_status,zz-s2p-namespace
topic:s2p/s2p-vendor-payments-kafka_or_queue-3c8be53ffc596ad4,topic,P2,real_source_mapped_not_running,,architecture-inventory.json representation_status,zz-s2p-namespace
topic:s2p/s2p-vendor-payments-kafka_or_queue-3d3967a980917b85,topic,P2,real_source_mapped_not_running,,architecture-inventory.json representation_status,zz-s2p-namespace
topic:s2p/s2p-vendor-payments-kafka_or_queue-3e0f2e6a6b04f6ba,topic,P2,real_source_mapped_not_running,,architecture-inventory.json representation_status,zz-s2p-namespace
topic:s2p/s2p-vendor-payments-kafka_or_queue-3ebe4c6b5f6f1d99,topic,P2,real_source_mapped_not_running,,architecture-inventory.json representation_status,zz-s2p-namespace
topic:s2p/s2p-vendor-payments-kafka_or_queue-3ed41692c56d0b44,topic,P2,real_source_mapped_not_running,,architecture-inventory.json representation_status,zz-s2p-namespace
topic:s2p/s2p-vendor-payments-kafka_or_queue-3f6208c9379d2e46,topic,P2,real_source_mapped_not_running,,architecture-inventory.json representation_status,zz-s2p-namespace
topic:s2p/s2p-vendor-payments-kafka_or_queue-405245fcc1cf4b04,topic,P2,real_source_mapped_not_running,,architecture-inventory.json representation_status,zz-s2p-namespace
topic:s2p/s2p-vendor-payments-kafka_or_queue-419db9c9377f28c7,topic,P2,real_source_mapped_not_running,,architecture-inventory.json representation_status,zz-s2p-namespace
topic:s2p/s2p-vendor-payments-kafka_or_queue-428abca7ba39856b,topic,P2,real_source_mapped_not_running,,architecture-inventory.json representation_status,zz-s2p-namespace
topic:s2p/s2p-vendor-payments-kafka_or_queue-42bdb4852427accd,topic,P2,real_source_mapped_not_running,,architecture-inventory.json representation_status,zz-s2p-namespace
topic:s2p/s2p-vendor-payments-kafka_or_queue-436fe10ad58633bb,topic,P2,real_source_mapped_not_running,,architecture-inventory.json representation_status,zz-s2p-namespace
topic:s2p/s2p-vendor-payments-kafka_or_queue-43d3f35b02ee3129,topic,P2,real_source_mapped_not_running,,architecture-inventory.json representation_status,zz-s2p-namespace
topic:s2p/s2p-vendor-payments-kafka_or_queue-443089ce9b1a4b23,topic,P2,real_source_mapped_not_running,,architecture-inventory.json representation_status,zz-s2p-namespace
topic:s2p/s2p-vendor-payments-kafka_or_queue-44651484bdef457a,topic,P2,real_source_mapped_not_running,,architecture-inventory.json representation_status,zz-s2p-namespace
topic:s2p/s2p-vendor-payments-kafka_or_queue-4482bc90237fbdee,topic,P2,real_source_mapped_not_running,,architecture-inventory.json representation_status,zz-s2p-namespace
topic:s2p/s2p-vendor-payments-kafka_or_queue-4518193c272a2e3d,topic,P2,real_source_mapped_not_running,,architecture-inventory.json representation_status,zz-s2p-namespace
topic:s2p/s2p-vendor-payments-kafka_or_queue-45e6375dd368e1ff,topic,P2,real_source_mapped_not_running,,architecture-inventory.json representation_status,zz-s2p-namespace
topic:s2p/s2p-vendor-payments-kafka_or_queue-460dc39b6edad914,topic,P2,real_source_mapped_not_running,,architecture-inventory.json representation_status,zz-s2p-namespace
topic:s2p/s2p-vendor-payments-kafka_or_queue-46ac800bf938c4f9,topic,P2,real_source_mapped_not_running,,architecture-inventory.json representation_status,zz-s2p-namespace
topic:s2p/s2p-vendor-payments-kafka_or_queue-46c1e09515228c97,topic,P2,real_source_mapped_not_running,,architecture-inventory.json representation_status,zz-s2p-namespace
topic:s2p/s2p-vendor-payments-kafka_or_queue-46cb639723fd31d2,topic,P2,real_source_mapped_not_running,,architecture-inventory.json representation_status,zz-s2p-namespace
topic:s2p/s2p-vendor-payments-kafka_or_queue-46ccc186e0af0714,topic,P2,real_source_mapped_not_running,,architecture-inventory.json representation_status,zz-s2p-namespace
topic:s2p/s2p-vendor-payments-kafka_or_queue-46cf12803096b1dc,topic,P2,real_source_mapped_not_running,,architecture-inventory.json representation_status,zz-s2p-namespace
topic:s2p/s2p-vendor-payments-kafka_or_queue-475a0b2695e5fd90,topic,P2,real_source_mapped_not_running,,architecture-inventory.json representation_status,zz-s2p-namespace
topic:s2p/s2p-vendor-payments-kafka_or_queue-47dcc05bc549bfb6,topic,P2,real_source_mapped_not_running,,architecture-inventory.json representation_status,zz-s2p-namespace
topic:s2p/s2p-vendor-payments-kafka_or_queue-487ae459a7cccd97,topic,P2,real_source_mapped_not_running,,architecture-inventory.json representation_status,zz-s2p-namespace
topic:s2p/s2p-vendor-payments-kafka_or_queue-49437551e2e61972,topic,P2,real_source_mapped_not_running,,architecture-inventory.json representation_status,zz-s2p-namespace
topic:s2p/s2p-vendor-payments-kafka_or_queue-49acf61b03ea369b,topic,P2,real_source_mapped_not_running,,architecture-inventory.json representation_status,zz-s2p-namespace
topic:s2p/s2p-vendor-payments-kafka_or_queue-49d0fd345b4b49ce,topic,P2,real_source_mapped_not_running,,architecture-inventory.json representation_status,zz-s2p-namespace
topic:s2p/s2p-vendor-payments-kafka_or_queue-4a8f93e70e4e5730,topic,P2,real_source_mapped_not_running,,architecture-inventory.json representation_status,zz-s2p-namespace
topic:s2p/s2p-vendor-payments-kafka_or_queue-4adad873d8ef6eec,topic,P2,real_source_mapped_not_running,,architecture-inventory.json representation_status,zz-s2p-namespace
topic:s2p/s2p-vendor-payments-kafka_or_queue-4b203641e52b03b2,topic,P2,real_source_mapped_not_running,,architecture-inventory.json representation_status,zz-s2p-namespace
topic:s2p/s2p-vendor-payments-kafka_or_queue-4be492cfbe56549c,topic,P2,real_source_mapped_not_running,,architecture-inventory.json representation_status,zz-s2p-namespace
topic:s2p/s2p-vendor-payments-kafka_or_queue-4c32a91490cd298c,topic,P2,real_source_mapped_not_running,,architecture-inventory.json representation_status,zz-s2p-namespace
topic:s2p/s2p-vendor-payments-kafka_or_queue-4c7f406fd4921371,topic,P2,real_source_mapped_not_running,,architecture-inventory.json representation_status,zz-s2p-namespace
topic:s2p/s2p-vendor-payments-kafka_or_queue-4cc335e906dbee5e,topic,P2,real_source_mapped_not_running,,architecture-inventory.json representation_status,zz-s2p-namespace
topic:s2p/s2p-vendor-payments-kafka_or_queue-4d0dd76d8b3e2330,topic,P2,real_source_mapped_not_running,,architecture-inventory.json representation_status,zz-s2p-namespace
topic:s2p/s2p-vendor-payments-kafka_or_queue-4ecab6786340e3fa,topic,P2,real_source_mapped_not_running,,architecture-inventory.json representation_status,zz-s2p-namespace
topic:s2p/s2p-vendor-payments-kafka_or_queue-4f527394a456ad99,topic,P2,real_source_mapped_not_running,,architecture-inventory.json representation_status,zz-s2p-namespace
topic:s2p/s2p-vendor-payments-kafka_or_queue-506811f6c584e0f9,topic,P2,real_source_mapped_not_running,,architecture-inventory.json representation_status,zz-s2p-namespace
topic:s2p/s2p-vendor-payments-kafka_or_queue-50e0502cb3a147b6,topic,P2,real_source_mapped_not_running,,architecture-inventory.json representation_status,zz-s2p-namespace
topic:s2p/s2p-vendor-payments-kafka_or_queue-5147c23947d13bd6,topic,P2,real_source_mapped_not_running,,architecture-inventory.json representation_status,zz-s2p-namespace
topic:s2p/s2p-vendor-payments-kafka_or_queue-51b93221b86ec42d,topic,P2,real_source_mapped_not_running,,architecture-inventory.json representation_status,zz-s2p-namespace
topic:s2p/s2p-vendor-payments-kafka_or_queue-51ffdbafeb9d66f3,topic,P2,real_source_mapped_not_running,,architecture-inventory.json representation_status,zz-s2p-namespace
topic:s2p/s2p-vendor-payments-kafka_or_queue-5204813a5150881f,topic,P2,real_source_mapped_not_running,,architecture-inventory.json representation_status,zz-s2p-namespace
topic:s2p/s2p-vendor-payments-kafka_or_queue-5352b88bef5ef93e,topic,P2,real_source_mapped_not_running,,architecture-inventory.json representation_status,zz-s2p-namespace
topic:s2p/s2p-vendor-payments-kafka_or_queue-547b521ed6339458,topic,P2,real_source_mapped_not_running,,architecture-inventory.json representation_status,zz-s2p-namespace
topic:s2p/s2p-vendor-payments-kafka_or_queue-54f325555e91620b,topic,P2,real_source_mapped_not_running,,architecture-inventory.json representation_status,zz-s2p-namespace
topic:s2p/s2p-vendor-payments-kafka_or_queue-554ff18596174a07,topic,P2,real_source_mapped_not_running,,architecture-inventory.json representation_status,zz-s2p-namespace
topic:s2p/s2p-vendor-payments-kafka_or_queue-558c0bb154a53095,topic,P2,real_source_mapped_not_running,,architecture-inventory.json representation_status,zz-s2p-namespace
topic:s2p/s2p-vendor-payments-kafka_or_queue-55e12ea849d88312,topic,P2,real_source_mapped_not_running,,architecture-inventory.json representation_status,zz-s2p-namespace
topic:s2p/s2p-vendor-payments-kafka_or_queue-56139a3c477c8f46,topic,P2,real_source_mapped_not_running,,architecture-inventory.json representation_status,zz-s2p-namespace
topic:s2p/s2p-vendor-payments-kafka_or_queue-5701869cdb07ca62,topic,P2,real_source_mapped_not_running,,architecture-inventory.json representation_status,zz-s2p-namespace
topic:s2p/s2p-vendor-payments-kafka_or_queue-5703c61869ac2261,topic,P2,real_source_mapped_not_running,,architecture-inventory.json representation_status,zz-s2p-namespace
topic:s2p/s2p-vendor-payments-kafka_or_queue-577cd4c3fdd27002,topic,P2,real_source_mapped_not_running,,architecture-inventory.json representation_status,zz-s2p-namespace
topic:s2p/s2p-vendor-payments-kafka_or_queue-57d18be266d0292c,topic,P2,real_source_mapped_not_running,,architecture-inventory.json representation_status,zz-s2p-namespace
topic:s2p/s2p-vendor-payments-kafka_or_queue-5819d629a91c477d,topic,P2,real_source_mapped_not_running,,architecture-inventory.json representation_status,zz-s2p-namespace
topic:s2p/s2p-vendor-payments-kafka_or_queue-58599c1181b0cd28,topic,P2,real_source_mapped_not_running,,architecture-inventory.json representation_status,zz-s2p-namespace
topic:s2p/s2p-vendor-payments-kafka_or_queue-590a25f91ecbd7f8,topic,P2,real_source_mapped_not_running,,architecture-inventory.json representation_status,zz-s2p-namespace
topic:s2p/s2p-vendor-payments-kafka_or_queue-593f5537f7ec4247,topic,P2,real_source_mapped_not_running,,architecture-inventory.json representation_status,zz-s2p-namespace
topic:s2p/s2p-vendor-payments-kafka_or_queue-598b8e48fded9270,topic,P2,real_source_mapped_not_running,,architecture-inventory.json representation_status,zz-s2p-namespace
topic:s2p/s2p-vendor-payments-kafka_or_queue-59a78e37711c96e8,topic,P2,real_source_mapped_not_running,,architecture-inventory.json representation_status,zz-s2p-namespace
topic:s2p/s2p-vendor-payments-kafka_or_queue-59faf54669ea8dfe,topic,P2,real_source_mapped_not_running,,architecture-inventory.json representation_status,zz-s2p-namespace
topic:s2p/s2p-vendor-payments-kafka_or_queue-5b27ab3bec26906f,topic,P2,real_source_mapped_not_running,,architecture-inventory.json representation_status,zz-s2p-namespace
topic:s2p/s2p-vendor-payments-kafka_or_queue-5b3a02ff2b1d95dc,topic,P2,real_source_mapped_not_running,,architecture-inventory.json representation_status,zz-s2p-namespace
topic:s2p/s2p-vendor-payments-kafka_or_queue-5b43b034e5324406,topic,P2,real_source_mapped_not_running,,architecture-inventory.json representation_status,zz-s2p-namespace
topic:s2p/s2p-vendor-payments-kafka_or_queue-5bffd9d1d1cff2fe,topic,P2,real_source_mapped_not_running,,architecture-inventory.json representation_status,zz-s2p-namespace
topic:s2p/s2p-vendor-payments-kafka_or_queue-5c0a4e790bce0c4f,topic,P2,real_source_mapped_not_running,,architecture-inventory.json representation_status,zz-s2p-namespace
topic:s2p/s2p-vendor-payments-kafka_or_queue-5caac55fbe648170,topic,P2,real_source_mapped_not_running,,architecture-inventory.json representation_status,zz-s2p-namespace
topic:s2p/s2p-vendor-payments-kafka_or_queue-5d58d121e1916276,topic,P2,real_source_mapped_not_running,,architecture-inventory.json representation_status,zz-s2p-namespace
topic:s2p/s2p-vendor-payments-kafka_or_queue-5d5f3c1103de3a69,topic,P2,real_source_mapped_not_running,,architecture-inventory.json representation_status,zz-s2p-namespace
topic:s2p/s2p-vendor-payments-kafka_or_queue-5d6ed826ee7121ea,topic,P2,real_source_mapped_not_running,,architecture-inventory.json representation_status,zz-s2p-namespace
topic:s2p/s2p-vendor-payments-kafka_or_queue-5d8f979f8a07ed8a,topic,P2,real_source_mapped_not_running,,architecture-inventory.json representation_status,zz-s2p-namespace
topic:s2p/s2p-vendor-payments-kafka_or_queue-5e1daabe9f73c44e,topic,P2,real_source_mapped_not_running,,architecture-inventory.json representation_status,zz-s2p-namespace
topic:s2p/s2p-vendor-payments-kafka_or_queue-5e8f2406995e0d2a,topic,P2,real_source_mapped_not_running,,architecture-inventory.json representation_status,zz-s2p-namespace
topic:s2p/s2p-vendor-payments-kafka_or_queue-5f1671fa797b9468,topic,P2,real_source_mapped_not_running,,architecture-inventory.json representation_status,zz-s2p-namespace
topic:s2p/s2p-vendor-payments-kafka_or_queue-5f30f70c2b68ed65,topic,P2,real_source_mapped_not_running,,architecture-inventory.json representation_status,zz-s2p-namespace
topic:s2p/s2p-vendor-payments-kafka_or_queue-5f36c37cbc58cfb1,topic,P2,real_source_mapped_not_running,,architecture-inventory.json representation_status,zz-s2p-namespace
topic:s2p/s2p-vendor-payments-kafka_or_queue-5fe10e0743948613,topic,P2,real_source_mapped_not_running,,architecture-inventory.json representation_status,zz-s2p-namespace
topic:s2p/s2p-vendor-payments-kafka_or_queue-60255564671b1c9a,topic,P2,real_source_mapped_not_running,,architecture-inventory.json representation_status,zz-s2p-namespace
topic:s2p/s2p-vendor-payments-kafka_or_queue-6054645acedae186,topic,P2,real_source_mapped_not_running,,architecture-inventory.json representation_status,zz-s2p-namespace
topic:s2p/s2p-vendor-payments-kafka_or_queue-60567d1e5ecab801,topic,P2,real_source_mapped_not_running,,architecture-inventory.json representation_status,zz-s2p-namespace
topic:s2p/s2p-vendor-payments-kafka_or_queue-60e8ebb331cb6412,topic,P2,real_source_mapped_not_running,,architecture-inventory.json representation_status,zz-s2p-namespace
topic:s2p/s2p-vendor-payments-kafka_or_queue-61546c21693b71a6,topic,P2,real_source_mapped_not_running,,architecture-inventory.json representation_status,zz-s2p-namespace
topic:s2p/s2p-vendor-payments-kafka_or_queue-61582a5a6c12764a,topic,P2,real_source_mapped_not_running,,architecture-inventory.json representation_status,zz-s2p-namespace
topic:s2p/s2p-vendor-payments-kafka_or_queue-61b69aa759311730,topic,P2,real_source_mapped_not_running,,architecture-inventory.json representation_status,zz-s2p-namespace
topic:s2p/s2p-vendor-payments-kafka_or_queue-61bc84e744229453,topic,P2,real_source_mapped_not_running,,architecture-inventory.json representation_status,zz-s2p-namespace
topic:s2p/s2p-vendor-payments-kafka_or_queue-621b14bdaba5c24e,topic,P2,real_source_mapped_not_running,,architecture-inventory.json representation_status,zz-s2p-namespace
topic:s2p/s2p-vendor-payments-kafka_or_queue-6230f96163b49b03,topic,P2,real_source_mapped_not_running,,architecture-inventory.json representation_status,zz-s2p-namespace
topic:s2p/s2p-vendor-payments-kafka_or_queue-628aeffa4461b525,topic,P2,real_source_mapped_not_running,,architecture-inventory.json representation_status,zz-s2p-namespace
topic:s2p/s2p-vendor-payments-kafka_or_queue-62e48f7a9bab8f8c,topic,P2,real_source_mapped_not_running,,architecture-inventory.json representation_status,zz-s2p-namespace
topic:s2p/s2p-vendor-payments-kafka_or_queue-635decef58db8ed1,topic,P2,real_source_mapped_not_running,,architecture-inventory.json representation_status,zz-s2p-namespace
topic:s2p/s2p-vendor-payments-kafka_or_queue-6490ca0ca4c0d356,topic,P2,real_source_mapped_not_running,,architecture-inventory.json representation_status,zz-s2p-namespace
topic:s2p/s2p-vendor-payments-kafka_or_queue-64d6b4e2e6934da4,topic,P2,real_source_mapped_not_running,,architecture-inventory.json representation_status,zz-s2p-namespace
topic:s2p/s2p-vendor-payments-kafka_or_queue-665ea1691f15e2c7,topic,P2,real_source_mapped_not_running,,architecture-inventory.json representation_status,zz-s2p-namespace
topic:s2p/s2p-vendor-payments-kafka_or_queue-679205cd38fd9a54,topic,P2,real_source_mapped_not_running,,architecture-inventory.json representation_status,zz-s2p-namespace
topic:s2p/s2p-vendor-payments-kafka_or_queue-67bb6bd83fac50ac,topic,P2,real_source_mapped_not_running,,architecture-inventory.json representation_status,zz-s2p-namespace
topic:s2p/s2p-vendor-payments-kafka_or_queue-67ee1a3b69289153,topic,P2,real_source_mapped_not_running,,architecture-inventory.json representation_status,zz-s2p-namespace
topic:s2p/s2p-vendor-payments-kafka_or_queue-6841667067628275,topic,P2,real_source_mapped_not_running,,architecture-inventory.json representation_status,zz-s2p-namespace
topic:s2p/s2p-vendor-payments-kafka_or_queue-6856431c111c9da9,topic,P2,real_source_mapped_not_running,,architecture-inventory.json representation_status,zz-s2p-namespace
topic:s2p/s2p-vendor-payments-kafka_or_queue-6860b969b42e6d47,topic,P2,real_source_mapped_not_running,,architecture-inventory.json representation_status,zz-s2p-namespace
topic:s2p/s2p-vendor-payments-kafka_or_queue-68b9ab42a25660ae,topic,P2,real_source_mapped_not_running,,architecture-inventory.json representation_status,zz-s2p-namespace
topic:s2p/s2p-vendor-payments-kafka_or_queue-68bb1a5d094d1d59,topic,P2,real_source_mapped_not_running,,architecture-inventory.json representation_status,zz-s2p-namespace
topic:s2p/s2p-vendor-payments-kafka_or_queue-6915304dffdc8bcd,topic,P2,real_source_mapped_not_running,,architecture-inventory.json representation_status,zz-s2p-namespace
topic:s2p/s2p-vendor-payments-kafka_or_queue-6a4d997d7a3485f5,topic,P2,real_source_mapped_not_running,,architecture-inventory.json representation_status,zz-s2p-namespace
topic:s2p/s2p-vendor-payments-kafka_or_queue-6a5d710568e9e9bc,topic,P2,real_source_mapped_not_running,,architecture-inventory.json representation_status,zz-s2p-namespace
topic:s2p/s2p-vendor-payments-kafka_or_queue-6b5550730d70a33c,topic,P2,real_source_mapped_not_running,,architecture-inventory.json representation_status,zz-s2p-namespace
topic:s2p/s2p-vendor-payments-kafka_or_queue-6b5f8acb64e878f3,topic,P2,real_source_mapped_not_running,,architecture-inventory.json representation_status,zz-s2p-namespace
topic:s2p/s2p-vendor-payments-kafka_or_queue-6bb2cfa1d101d605,topic,P2,real_source_mapped_not_running,,architecture-inventory.json representation_status,zz-s2p-namespace
topic:s2p/s2p-vendor-payments-kafka_or_queue-6c0e361c904f6d13,topic,P2,real_source_mapped_not_running,,architecture-inventory.json representation_status,zz-s2p-namespace
topic:s2p/s2p-vendor-payments-kafka_or_queue-6d58185bdbf20639,topic,P2,real_source_mapped_not_running,,architecture-inventory.json representation_status,zz-s2p-namespace
topic:s2p/s2p-vendor-payments-kafka_or_queue-6da81b0c7ff8f17c,topic,P2,real_source_mapped_not_running,,architecture-inventory.json representation_status,zz-s2p-namespace
topic:s2p/s2p-vendor-payments-kafka_or_queue-6defc89b7d94865c,topic,P2,real_source_mapped_not_running,,architecture-inventory.json representation_status,zz-s2p-namespace
topic:s2p/s2p-vendor-payments-kafka_or_queue-6ee65231262b5854,topic,P2,real_source_mapped_not_running,,architecture-inventory.json representation_status,zz-s2p-namespace
topic:s2p/s2p-vendor-payments-kafka_or_queue-6f6f7e618eab8e47,topic,P2,real_source_mapped_not_running,,architecture-inventory.json representation_status,zz-s2p-namespace
topic:s2p/s2p-vendor-payments-kafka_or_queue-6fc2bd74275e2c0c,topic,P2,real_source_mapped_not_running,,architecture-inventory.json representation_status,zz-s2p-namespace
topic:s2p/s2p-vendor-payments-kafka_or_queue-701f8b4e2f0365c6,topic,P2,real_source_mapped_not_running,,architecture-inventory.json representation_status,zz-s2p-namespace
topic:s2p/s2p-vendor-payments-kafka_or_queue-7062be1807ebcfb3,topic,P2,real_source_mapped_not_running,,architecture-inventory.json representation_status,zz-s2p-namespace
topic:s2p/s2p-vendor-payments-kafka_or_queue-707d9f5aab0137e5,topic,P2,real_source_mapped_not_running,,architecture-inventory.json representation_status,zz-s2p-namespace
topic:s2p/s2p-vendor-payments-kafka_or_queue-7206604a74b58f17,topic,P2,real_source_mapped_not_running,,architecture-inventory.json representation_status,zz-s2p-namespace
topic:s2p/s2p-vendor-payments-kafka_or_queue-72a1399426cd61b2,topic,P2,real_source_mapped_not_running,,architecture-inventory.json representation_status,zz-s2p-namespace
topic:s2p/s2p-vendor-payments-kafka_or_queue-72ec9b1b5f35d8a9,topic,P2,real_source_mapped_not_running,,architecture-inventory.json representation_status,zz-s2p-namespace
topic:s2p/s2p-vendor-payments-kafka_or_queue-734ffff2cbcc0677,topic,P2,real_source_mapped_not_running,,architecture-inventory.json representation_status,zz-s2p-namespace
topic:s2p/s2p-vendor-payments-kafka_or_queue-7355b413f7fd3690,topic,P2,real_source_mapped_not_running,,architecture-inventory.json representation_status,zz-s2p-namespace
topic:s2p/s2p-vendor-payments-kafka_or_queue-73fcc91010ed2c8e,topic,P2,real_source_mapped_not_running,,architecture-inventory.json representation_status,zz-s2p-namespace
topic:s2p/s2p-vendor-payments-kafka_or_queue-740b98c9376eefed,topic,P2,real_source_mapped_not_running,,architecture-inventory.json representation_status,zz-s2p-namespace
topic:s2p/s2p-vendor-payments-kafka_or_queue-744c018087889c69,topic,P2,real_source_mapped_not_running,,architecture-inventory.json representation_status,zz-s2p-namespace
topic:s2p/s2p-vendor-payments-kafka_or_queue-75a9b93bd1282edb,topic,P2,real_source_mapped_not_running,,architecture-inventory.json representation_status,zz-s2p-namespace
topic:s2p/s2p-vendor-payments-kafka_or_queue-77283a9c0fd72ec9,topic,P2,real_source_mapped_not_running,,architecture-inventory.json representation_status,zz-s2p-namespace
topic:s2p/s2p-vendor-payments-kafka_or_queue-773e5cc545e6cf9b,topic,P2,real_source_mapped_not_running,,architecture-inventory.json representation_status,zz-s2p-namespace
topic:s2p/s2p-vendor-payments-kafka_or_queue-77476489f5fe2134,topic,P2,real_source_mapped_not_running,,architecture-inventory.json representation_status,zz-s2p-namespace
topic:s2p/s2p-vendor-payments-kafka_or_queue-77851e5cae29457d,topic,P2,real_source_mapped_not_running,,architecture-inventory.json representation_status,zz-s2p-namespace
topic:s2p/s2p-vendor-payments-kafka_or_queue-79793794663558b2,topic,P2,real_source_mapped_not_running,,architecture-inventory.json representation_status,zz-s2p-namespace
topic:s2p/s2p-vendor-payments-kafka_or_queue-798c689095aa0882,topic,P2,real_source_mapped_not_running,,architecture-inventory.json representation_status,zz-s2p-namespace
topic:s2p/s2p-vendor-payments-kafka_or_queue-79dc2e026f94f3e5,topic,P2,real_source_mapped_not_running,,architecture-inventory.json representation_status,zz-s2p-namespace
topic:s2p/s2p-vendor-payments-kafka_or_queue-7a71dc4983a6ecf4,topic,P2,real_source_mapped_not_running,,architecture-inventory.json representation_status,zz-s2p-namespace
topic:s2p/s2p-vendor-payments-kafka_or_queue-7a7d9f5437117823,topic,P2,real_source_mapped_not_running,,architecture-inventory.json representation_status,zz-s2p-namespace
topic:s2p/s2p-vendor-payments-kafka_or_queue-7aa52b1cac8d5234,topic,P2,real_source_mapped_not_running,,architecture-inventory.json representation_status,zz-s2p-namespace
topic:s2p/s2p-vendor-payments-kafka_or_queue-7b229571b73d21fa,topic,P2,real_source_mapped_not_running,,architecture-inventory.json representation_status,zz-s2p-namespace
topic:s2p/s2p-vendor-payments-kafka_or_queue-7b956a92254b5e20,topic,P2,real_source_mapped_not_running,,architecture-inventory.json representation_status,zz-s2p-namespace
topic:s2p/s2p-vendor-payments-kafka_or_queue-7b9cab48f258fe5e,topic,P2,real_source_mapped_not_running,,architecture-inventory.json representation_status,zz-s2p-namespace
topic:s2p/s2p-vendor-payments-kafka_or_queue-7caa5d8cdf5563af,topic,P2,real_source_mapped_not_running,,architecture-inventory.json representation_status,zz-s2p-namespace
topic:s2p/s2p-vendor-payments-kafka_or_queue-7cb0e4acf0110392,topic,P2,real_source_mapped_not_running,,architecture-inventory.json representation_status,zz-s2p-namespace
topic:s2p/s2p-vendor-payments-kafka_or_queue-7d1525a6e511be14,topic,P2,real_source_mapped_not_running,,architecture-inventory.json representation_status,zz-s2p-namespace
topic:s2p/s2p-vendor-payments-kafka_or_queue-7d5ad4e015a503c7,topic,P2,real_source_mapped_not_running,,architecture-inventory.json representation_status,zz-s2p-namespace
topic:s2p/s2p-vendor-payments-kafka_or_queue-7d6df86fe33192c3,topic,P2,real_source_mapped_not_running,,architecture-inventory.json representation_status,zz-s2p-namespace
topic:s2p/s2p-vendor-payments-kafka_or_queue-7e3d21f5577eda91,topic,P2,real_source_mapped_not_running,,architecture-inventory.json representation_status,zz-s2p-namespace
topic:s2p/s2p-vendor-payments-kafka_or_queue-7ef778ae899433d4,topic,P2,real_source_mapped_not_running,,architecture-inventory.json representation_status,zz-s2p-namespace
topic:s2p/s2p-vendor-payments-kafka_or_queue-7f1ef50af00eec8d,topic,P2,real_source_mapped_not_running,,architecture-inventory.json representation_status,zz-s2p-namespace
topic:s2p/s2p-vendor-payments-kafka_or_queue-7f6ac4af3688a12c,topic,P2,real_source_mapped_not_running,,architecture-inventory.json representation_status,zz-s2p-namespace
topic:s2p/s2p-vendor-payments-kafka_or_queue-7f6b12ea53509bd9,topic,P2,real_source_mapped_not_running,,architecture-inventory.json representation_status,zz-s2p-namespace
topic:s2p/s2p-vendor-payments-kafka_or_queue-7fdbfbf694a4cfd1,topic,P2,real_source_mapped_not_running,,architecture-inventory.json representation_status,zz-s2p-namespace
topic:s2p/s2p-vendor-payments-kafka_or_queue-809845c161ebaf79,topic,P2,real_source_mapped_not_running,,architecture-inventory.json representation_status,zz-s2p-namespace
topic:s2p/s2p-vendor-payments-kafka_or_queue-8179aed9dc7ced31,topic,P2,real_source_mapped_not_running,,architecture-inventory.json representation_status,zz-s2p-namespace
topic:s2p/s2p-vendor-payments-kafka_or_queue-8189d8170deffcdb,topic,P2,real_source_mapped_not_running,,architecture-inventory.json representation_status,zz-s2p-namespace
topic:s2p/s2p-vendor-payments-kafka_or_queue-821fdef98d840574,topic,P2,real_source_mapped_not_running,,architecture-inventory.json representation_status,zz-s2p-namespace
topic:s2p/s2p-vendor-payments-kafka_or_queue-8224c530ccc8aea7,topic,P2,real_source_mapped_not_running,,architecture-inventory.json representation_status,zz-s2p-namespace
topic:s2p/s2p-vendor-payments-kafka_or_queue-84bb94a89d3dda34,topic,P2,real_source_mapped_not_running,,architecture-inventory.json representation_status,zz-s2p-namespace
topic:s2p/s2p-vendor-payments-kafka_or_queue-850082113d1d7b62,topic,P2,real_source_mapped_not_running,,architecture-inventory.json representation_status,zz-s2p-namespace
topic:s2p/s2p-vendor-payments-kafka_or_queue-8551d040bd061652,topic,P2,real_source_mapped_not_running,,architecture-inventory.json representation_status,zz-s2p-namespace
topic:s2p/s2p-vendor-payments-kafka_or_queue-85f3fbe34382b032,topic,P2,real_source_mapped_not_running,,architecture-inventory.json representation_status,zz-s2p-namespace
topic:s2p/s2p-vendor-payments-kafka_or_queue-85ffe22c3603f92d,topic,P2,real_source_mapped_not_running,,architecture-inventory.json representation_status,zz-s2p-namespace
topic:s2p/s2p-vendor-payments-kafka_or_queue-86db730351bfedc4,topic,P2,real_source_mapped_not_running,,architecture-inventory.json representation_status,zz-s2p-namespace
topic:s2p/s2p-vendor-payments-kafka_or_queue-86decdac1893a31c,topic,P2,real_source_mapped_not_running,,architecture-inventory.json representation_status,zz-s2p-namespace
topic:s2p/s2p-vendor-payments-kafka_or_queue-86fc294238645b0c,topic,P2,real_source_mapped_not_running,,architecture-inventory.json representation_status,zz-s2p-namespace
topic:s2p/s2p-vendor-payments-kafka_or_queue-87a89b2b37358302,topic,P2,real_source_mapped_not_running,,architecture-inventory.json representation_status,zz-s2p-namespace
topic:s2p/s2p-vendor-payments-kafka_or_queue-884414010c746aa4,topic,P2,real_source_mapped_not_running,,architecture-inventory.json representation_status,zz-s2p-namespace
topic:s2p/s2p-vendor-payments-kafka_or_queue-8888eee271ba7515,topic,P2,real_source_mapped_not_running,,architecture-inventory.json representation_status,zz-s2p-namespace
topic:s2p/s2p-vendor-payments-kafka_or_queue-894d01c6bec9f38f,topic,P2,real_source_mapped_not_running,,architecture-inventory.json representation_status,zz-s2p-namespace
topic:s2p/s2p-vendor-payments-kafka_or_queue-8c969ff2481674eb,topic,P2,real_source_mapped_not_running,,architecture-inventory.json representation_status,zz-s2p-namespace
topic:s2p/s2p-vendor-payments-kafka_or_queue-8d43851d58107be5,topic,P2,real_source_mapped_not_running,,architecture-inventory.json representation_status,zz-s2p-namespace
topic:s2p/s2p-vendor-payments-kafka_or_queue-8d4df9f4f9e862af,topic,P2,real_source_mapped_not_running,,architecture-inventory.json representation_status,zz-s2p-namespace
topic:s2p/s2p-vendor-payments-kafka_or_queue-8dbbaf8a33a08478,topic,P2,real_source_mapped_not_running,,architecture-inventory.json representation_status,zz-s2p-namespace
topic:s2p/s2p-vendor-payments-kafka_or_queue-8e1a2139bb19600d,topic,P2,real_source_mapped_not_running,,architecture-inventory.json representation_status,zz-s2p-namespace
topic:s2p/s2p-vendor-payments-kafka_or_queue-8e53f617a1f2c9a8,topic,P2,real_source_mapped_not_running,,architecture-inventory.json representation_status,zz-s2p-namespace
topic:s2p/s2p-vendor-payments-kafka_or_queue-8ea401bfc8d8f586,topic,P2,real_source_mapped_not_running,,architecture-inventory.json representation_status,zz-s2p-namespace
topic:s2p/s2p-vendor-payments-kafka_or_queue-8eb2cff4ae48d3f1,topic,P2,real_source_mapped_not_running,,architecture-inventory.json representation_status,zz-s2p-namespace
topic:s2p/s2p-vendor-payments-kafka_or_queue-8eceb9b5abcf7f6f,topic,P2,real_source_mapped_not_running,,architecture-inventory.json representation_status,zz-s2p-namespace
topic:s2p/s2p-vendor-payments-kafka_or_queue-90a983f588a8716a,topic,P2,real_source_mapped_not_running,,architecture-inventory.json representation_status,zz-s2p-namespace
topic:s2p/s2p-vendor-payments-kafka_or_queue-9157efde984bc442,topic,P2,real_source_mapped_not_running,,architecture-inventory.json representation_status,zz-s2p-namespace
topic:s2p/s2p-vendor-payments-kafka_or_queue-915ca3b480472552,topic,P2,real_source_mapped_not_running,,architecture-inventory.json representation_status,zz-s2p-namespace
topic:s2p/s2p-vendor-payments-kafka_or_queue-9170ef97ec7517bd,topic,P2,real_source_mapped_not_running,,architecture-inventory.json representation_status,zz-s2p-namespace
topic:s2p/s2p-vendor-payments-kafka_or_queue-924f49e3f46dbc0e,topic,P2,real_source_mapped_not_running,,architecture-inventory.json representation_status,zz-s2p-namespace
topic:s2p/s2p-vendor-payments-kafka_or_queue-927c573b4c8bad1e,topic,P2,real_source_mapped_not_running,,architecture-inventory.json representation_status,zz-s2p-namespace
topic:s2p/s2p-vendor-payments-kafka_or_queue-92a4ce9372e9dac3,topic,P2,real_source_mapped_not_running,,architecture-inventory.json representation_status,zz-s2p-namespace
topic:s2p/s2p-vendor-payments-kafka_or_queue-9509f7f4d640350b,topic,P2,real_source_mapped_not_running,,architecture-inventory.json representation_status,zz-s2p-namespace
topic:s2p/s2p-vendor-payments-kafka_or_queue-956e473aaffe5803,topic,P2,real_source_mapped_not_running,,architecture-inventory.json representation_status,zz-s2p-namespace
topic:s2p/s2p-vendor-payments-kafka_or_queue-957e55560b4059b2,topic,P2,real_source_mapped_not_running,,architecture-inventory.json representation_status,zz-s2p-namespace
topic:s2p/s2p-vendor-payments-kafka_or_queue-95aadc529099410e,topic,P2,real_source_mapped_not_running,,architecture-inventory.json representation_status,zz-s2p-namespace
topic:s2p/s2p-vendor-payments-kafka_or_queue-98bee6744044c844,topic,P2,real_source_mapped_not_running,,architecture-inventory.json representation_status,zz-s2p-namespace
topic:s2p/s2p-vendor-payments-kafka_or_queue-9a87e15a3ef730a0,topic,P2,real_source_mapped_not_running,,architecture-inventory.json representation_status,zz-s2p-namespace
topic:s2p/s2p-vendor-payments-kafka_or_queue-9b5ce9a6f35653aa,topic,P2,real_source_mapped_not_running,,architecture-inventory.json representation_status,zz-s2p-namespace
topic:s2p/s2p-vendor-payments-kafka_or_queue-9bd8ad0be33ab41c,topic,P2,real_source_mapped_not_running,,architecture-inventory.json representation_status,zz-s2p-namespace
topic:s2p/s2p-vendor-payments-kafka_or_queue-9c49f8ed0469bc3e,topic,P2,real_source_mapped_not_running,,architecture-inventory.json representation_status,zz-s2p-namespace
topic:s2p/s2p-vendor-payments-kafka_or_queue-9d3b6507b750d1b6,topic,P2,real_source_mapped_not_running,,architecture-inventory.json representation_status,zz-s2p-namespace
topic:s2p/s2p-vendor-payments-kafka_or_queue-9d5a995b490761ad,topic,P2,real_source_mapped_not_running,,architecture-inventory.json representation_status,zz-s2p-namespace
topic:s2p/s2p-vendor-payments-kafka_or_queue-9e2cb4ea86f4a505,topic,P2,real_source_mapped_not_running,,architecture-inventory.json representation_status,zz-s2p-namespace
topic:s2p/s2p-vendor-payments-kafka_or_queue-9e3298b78cb2cc31,topic,P2,real_source_mapped_not_running,,architecture-inventory.json representation_status,zz-s2p-namespace
topic:s2p/s2p-vendor-payments-kafka_or_queue-9f23bd1818a7450d,topic,P2,real_source_mapped_not_running,,architecture-inventory.json representation_status,zz-s2p-namespace
topic:s2p/s2p-vendor-payments-kafka_or_queue-9fec3e1b1d1df1ee,topic,P2,real_source_mapped_not_running,,architecture-inventory.json representation_status,zz-s2p-namespace
topic:s2p/s2p-vendor-payments-kafka_or_queue-a05543f2a2d5bd26,topic,P2,real_source_mapped_not_running,,architecture-inventory.json representation_status,zz-s2p-namespace
topic:s2p/s2p-vendor-payments-kafka_or_queue-a086de0d2e5ae87a,topic,P2,real_source_mapped_not_running,,architecture-inventory.json representation_status,zz-s2p-namespace
topic:s2p/s2p-vendor-payments-kafka_or_queue-a1985434b674fb5e,topic,P2,real_source_mapped_not_running,,architecture-inventory.json representation_status,zz-s2p-namespace
topic:s2p/s2p-vendor-payments-kafka_or_queue-a1a18236010e5957,topic,P2,real_source_mapped_not_running,,architecture-inventory.json representation_status,zz-s2p-namespace
topic:s2p/s2p-vendor-payments-kafka_or_queue-a1aaed097127ec19,topic,P2,real_source_mapped_not_running,,architecture-inventory.json representation_status,zz-s2p-namespace
topic:s2p/s2p-vendor-payments-kafka_or_queue-a2639824c29ab347,topic,P2,real_source_mapped_not_running,,architecture-inventory.json representation_status,zz-s2p-namespace
topic:s2p/s2p-vendor-payments-kafka_or_queue-a27445738ac0cdf7,topic,P2,real_source_mapped_not_running,,architecture-inventory.json representation_status,zz-s2p-namespace
topic:s2p/s2p-vendor-payments-kafka_or_queue-a4001a0374064cfa,topic,P2,real_source_mapped_not_running,,architecture-inventory.json representation_status,zz-s2p-namespace
topic:s2p/s2p-vendor-payments-kafka_or_queue-a4ec5f8552e56d68,topic,P2,real_source_mapped_not_running,,architecture-inventory.json representation_status,zz-s2p-namespace
topic:s2p/s2p-vendor-payments-kafka_or_queue-a55cf12dd1d84a79,topic,P2,real_source_mapped_not_running,,architecture-inventory.json representation_status,zz-s2p-namespace
topic:s2p/s2p-vendor-payments-kafka_or_queue-a567ae30b351ac6e,topic,P2,real_source_mapped_not_running,,architecture-inventory.json representation_status,zz-s2p-namespace
topic:s2p/s2p-vendor-payments-kafka_or_queue-a5ab1f8c9fc6ad22,topic,P2,real_source_mapped_not_running,,architecture-inventory.json representation_status,zz-s2p-namespace
topic:s2p/s2p-vendor-payments-kafka_or_queue-a5e4786924afea9c,topic,P2,real_source_mapped_not_running,,architecture-inventory.json representation_status,zz-s2p-namespace
topic:s2p/s2p-vendor-payments-kafka_or_queue-a6153617b1d3b07c,topic,P2,real_source_mapped_not_running,,architecture-inventory.json representation_status,zz-s2p-namespace
topic:s2p/s2p-vendor-payments-kafka_or_queue-a63806cab5a806d4,topic,P2,real_source_mapped_not_running,,architecture-inventory.json representation_status,zz-s2p-namespace
topic:s2p/s2p-vendor-payments-kafka_or_queue-a7731caa4f8a3571,topic,P2,real_source_mapped_not_running,,architecture-inventory.json representation_status,zz-s2p-namespace
topic:s2p/s2p-vendor-payments-kafka_or_queue-a77a604792053d7d,topic,P2,real_source_mapped_not_running,,architecture-inventory.json representation_status,zz-s2p-namespace
topic:s2p/s2p-vendor-payments-kafka_or_queue-a8e673ac7001d957,topic,P2,real_source_mapped_not_running,,architecture-inventory.json representation_status,zz-s2p-namespace
topic:s2p/s2p-vendor-payments-kafka_or_queue-a91bd71778a53f68,topic,P2,real_source_mapped_not_running,,architecture-inventory.json representation_status,zz-s2p-namespace
topic:s2p/s2p-vendor-payments-kafka_or_queue-a940bf7b77653bbc,topic,P2,real_source_mapped_not_running,,architecture-inventory.json representation_status,zz-s2p-namespace
topic:s2p/s2p-vendor-payments-kafka_or_queue-a9ca7dbe6a728bb0,topic,P2,real_source_mapped_not_running,,architecture-inventory.json representation_status,zz-s2p-namespace
topic:s2p/s2p-vendor-payments-kafka_or_queue-aa3ad8856c5b24c3,topic,P2,real_source_mapped_not_running,,architecture-inventory.json representation_status,zz-s2p-namespace
topic:s2p/s2p-vendor-payments-kafka_or_queue-aa5d3ffe417106ad,topic,P2,real_source_mapped_not_running,,architecture-inventory.json representation_status,zz-s2p-namespace
topic:s2p/s2p-vendor-payments-kafka_or_queue-aa9c031a56c8e865,topic,P2,real_source_mapped_not_running,,architecture-inventory.json representation_status,zz-s2p-namespace
topic:s2p/s2p-vendor-payments-kafka_or_queue-aa9f13bad00d914c,topic,P2,real_source_mapped_not_running,,architecture-inventory.json representation_status,zz-s2p-namespace
topic:s2p/s2p-vendor-payments-kafka_or_queue-aaa7620a8b7a34be,topic,P2,real_source_mapped_not_running,,architecture-inventory.json representation_status,zz-s2p-namespace
topic:s2p/s2p-vendor-payments-kafka_or_queue-ab099b132abfd2f1,topic,P2,real_source_mapped_not_running,,architecture-inventory.json representation_status,zz-s2p-namespace
topic:s2p/s2p-vendor-payments-kafka_or_queue-aca3814a56245e3c,topic,P2,real_source_mapped_not_running,,architecture-inventory.json representation_status,zz-s2p-namespace
topic:s2p/s2p-vendor-payments-kafka_or_queue-acc569546bfcc08f,topic,P2,real_source_mapped_not_running,,architecture-inventory.json representation_status,zz-s2p-namespace
topic:s2p/s2p-vendor-payments-kafka_or_queue-ad16178b5e422c63,topic,P2,real_source_mapped_not_running,,architecture-inventory.json representation_status,zz-s2p-namespace
topic:s2p/s2p-vendor-payments-kafka_or_queue-ad95cfa9ec426700,topic,P2,real_source_mapped_not_running,,architecture-inventory.json representation_status,zz-s2p-namespace
topic:s2p/s2p-vendor-payments-kafka_or_queue-af0e88973fa1ff4d,topic,P2,real_source_mapped_not_running,,architecture-inventory.json representation_status,zz-s2p-namespace
topic:s2p/s2p-vendor-payments-kafka_or_queue-af4ac802033b5041,topic,P2,real_source_mapped_not_running,,architecture-inventory.json representation_status,zz-s2p-namespace
topic:s2p/s2p-vendor-payments-kafka_or_queue-afbdebcc9b5accbf,topic,P2,real_source_mapped_not_running,,architecture-inventory.json representation_status,zz-s2p-namespace
topic:s2p/s2p-vendor-payments-kafka_or_queue-b0062d06099a1e3e,topic,P2,real_source_mapped_not_running,,architecture-inventory.json representation_status,zz-s2p-namespace
topic:s2p/s2p-vendor-payments-kafka_or_queue-b00c8c527d1deb4c,topic,P2,real_source_mapped_not_running,,architecture-inventory.json representation_status,zz-s2p-namespace
topic:s2p/s2p-vendor-payments-kafka_or_queue-b0147c94b3b55d80,topic,P2,real_source_mapped_not_running,,architecture-inventory.json representation_status,zz-s2p-namespace
topic:s2p/s2p-vendor-payments-kafka_or_queue-b0ec49af5c9e4792,topic,P2,real_source_mapped_not_running,,architecture-inventory.json representation_status,zz-s2p-namespace
topic:s2p/s2p-vendor-payments-kafka_or_queue-b2a01def10cc38df,topic,P2,real_source_mapped_not_running,,architecture-inventory.json representation_status,zz-s2p-namespace
topic:s2p/s2p-vendor-payments-kafka_or_queue-b3cc7631a9f867a8,topic,P2,real_source_mapped_not_running,,architecture-inventory.json representation_status,zz-s2p-namespace
topic:s2p/s2p-vendor-payments-kafka_or_queue-b6e13f047fb8807d,topic,P2,real_source_mapped_not_running,,architecture-inventory.json representation_status,zz-s2p-namespace
topic:s2p/s2p-vendor-payments-kafka_or_queue-b6e914115b421dfb,topic,P2,real_source_mapped_not_running,,architecture-inventory.json representation_status,zz-s2p-namespace
topic:s2p/s2p-vendor-payments-kafka_or_queue-b7389037fe5cc8e4,topic,P2,real_source_mapped_not_running,,architecture-inventory.json representation_status,zz-s2p-namespace
topic:s2p/s2p-vendor-payments-kafka_or_queue-b7468ad0b7fc1a1e,topic,P2,real_source_mapped_not_running,,architecture-inventory.json representation_status,zz-s2p-namespace
topic:s2p/s2p-vendor-payments-kafka_or_queue-b7a114cf407cd2fc,topic,P2,real_source_mapped_not_running,,architecture-inventory.json representation_status,zz-s2p-namespace
topic:s2p/s2p-vendor-payments-kafka_or_queue-b7feb8bc5794c973,topic,P2,real_source_mapped_not_running,,architecture-inventory.json representation_status,zz-s2p-namespace
topic:s2p/s2p-vendor-payments-kafka_or_queue-b8b484eb9c9e8f6a,topic,P2,real_source_mapped_not_running,,architecture-inventory.json representation_status,zz-s2p-namespace
topic:s2p/s2p-vendor-payments-kafka_or_queue-b99321013dea7d24,topic,P2,real_source_mapped_not_running,,architecture-inventory.json representation_status,zz-s2p-namespace
topic:s2p/s2p-vendor-payments-kafka_or_queue-b9ed5b8ece1b876a,topic,P2,real_source_mapped_not_running,,architecture-inventory.json representation_status,zz-s2p-namespace
topic:s2p/s2p-vendor-payments-kafka_or_queue-ba1e9925a772ae58,topic,P2,real_source_mapped_not_running,,architecture-inventory.json representation_status,zz-s2p-namespace
topic:s2p/s2p-vendor-payments-kafka_or_queue-ba6da545ae7023c8,topic,P2,real_source_mapped_not_running,,architecture-inventory.json representation_status,zz-s2p-namespace
topic:s2p/s2p-vendor-payments-kafka_or_queue-bb23457fe332936f,topic,P2,real_source_mapped_not_running,,architecture-inventory.json representation_status,zz-s2p-namespace
topic:s2p/s2p-vendor-payments-kafka_or_queue-bb81a529606dddb0,topic,P2,real_source_mapped_not_running,,architecture-inventory.json representation_status,zz-s2p-namespace
topic:s2p/s2p-vendor-payments-kafka_or_queue-bbf773a6b2c553da,topic,P2,real_source_mapped_not_running,,architecture-inventory.json representation_status,zz-s2p-namespace
topic:s2p/s2p-vendor-payments-kafka_or_queue-bc165cd53d6514c2,topic,P2,real_source_mapped_not_running,,architecture-inventory.json representation_status,zz-s2p-namespace
topic:s2p/s2p-vendor-payments-kafka_or_queue-bcb44649cb695afd,topic,P2,real_source_mapped_not_running,,architecture-inventory.json representation_status,zz-s2p-namespace
topic:s2p/s2p-vendor-payments-kafka_or_queue-bd1bb0a271608e12,topic,P2,real_source_mapped_not_running,,architecture-inventory.json representation_status,zz-s2p-namespace
topic:s2p/s2p-vendor-payments-kafka_or_queue-bdca30c3775ccd9e,topic,P2,real_source_mapped_not_running,,architecture-inventory.json representation_status,zz-s2p-namespace
topic:s2p/s2p-vendor-payments-kafka_or_queue-be6ee11fbab8544f,topic,P2,real_source_mapped_not_running,,architecture-inventory.json representation_status,zz-s2p-namespace
topic:s2p/s2p-vendor-payments-kafka_or_queue-beaff5bba7811681,topic,P2,real_source_mapped_not_running,,architecture-inventory.json representation_status,zz-s2p-namespace
topic:s2p/s2p-vendor-payments-kafka_or_queue-bf3348ebe05cf6d3,topic,P2,real_source_mapped_not_running,,architecture-inventory.json representation_status,zz-s2p-namespace
topic:s2p/s2p-vendor-payments-kafka_or_queue-c0457667742a3b74,topic,P2,real_source_mapped_not_running,,architecture-inventory.json representation_status,zz-s2p-namespace
topic:s2p/s2p-vendor-payments-kafka_or_queue-c06ce31730651214,topic,P2,real_source_mapped_not_running,,architecture-inventory.json representation_status,zz-s2p-namespace
topic:s2p/s2p-vendor-payments-kafka_or_queue-c0bd9e63f773421a,topic,P2,real_source_mapped_not_running,,architecture-inventory.json representation_status,zz-s2p-namespace
topic:s2p/s2p-vendor-payments-kafka_or_queue-c0cfa6a6372e008d,topic,P2,real_source_mapped_not_running,,architecture-inventory.json representation_status,zz-s2p-namespace
topic:s2p/s2p-vendor-payments-kafka_or_queue-c10962cdf10df994,topic,P2,real_source_mapped_not_running,,architecture-inventory.json representation_status,zz-s2p-namespace
topic:s2p/s2p-vendor-payments-kafka_or_queue-c10ad7bc06dec624,topic,P2,real_source_mapped_not_running,,architecture-inventory.json representation_status,zz-s2p-namespace
topic:s2p/s2p-vendor-payments-kafka_or_queue-c1897547c4bb90fc,topic,P2,real_source_mapped_not_running,,architecture-inventory.json representation_status,zz-s2p-namespace
topic:s2p/s2p-vendor-payments-kafka_or_queue-c18c60193bafb60f,topic,P2,real_source_mapped_not_running,,architecture-inventory.json representation_status,zz-s2p-namespace
topic:s2p/s2p-vendor-payments-kafka_or_queue-c1a3c9870beb8fd0,topic,P2,real_source_mapped_not_running,,architecture-inventory.json representation_status,zz-s2p-namespace
topic:s2p/s2p-vendor-payments-kafka_or_queue-c1b6071ea5cc1a73,topic,P2,real_source_mapped_not_running,,architecture-inventory.json representation_status,zz-s2p-namespace
topic:s2p/s2p-vendor-payments-kafka_or_queue-c1da72bcd93fa2bf,topic,P2,real_source_mapped_not_running,,architecture-inventory.json representation_status,zz-s2p-namespace
topic:s2p/s2p-vendor-payments-kafka_or_queue-c1e823b8c7fc0114,topic,P2,real_source_mapped_not_running,,architecture-inventory.json representation_status,zz-s2p-namespace
topic:s2p/s2p-vendor-payments-kafka_or_queue-c22156a1ea9b0c5c,topic,P2,real_source_mapped_not_running,,architecture-inventory.json representation_status,zz-s2p-namespace
topic:s2p/s2p-vendor-payments-kafka_or_queue-c29dd1c529950c27,topic,P2,real_source_mapped_not_running,,architecture-inventory.json representation_status,zz-s2p-namespace
topic:s2p/s2p-vendor-payments-kafka_or_queue-c2ca5d86c23bc303,topic,P2,real_source_mapped_not_running,,architecture-inventory.json representation_status,zz-s2p-namespace
topic:s2p/s2p-vendor-payments-kafka_or_queue-c39ee3f93968fe27,topic,P2,real_source_mapped_not_running,,architecture-inventory.json representation_status,zz-s2p-namespace
topic:s2p/s2p-vendor-payments-kafka_or_queue-c4150e596e2c5f58,topic,P2,real_source_mapped_not_running,,architecture-inventory.json representation_status,zz-s2p-namespace
topic:s2p/s2p-vendor-payments-kafka_or_queue-c4ed906966686bdf,topic,P2,real_source_mapped_not_running,,architecture-inventory.json representation_status,zz-s2p-namespace
topic:s2p/s2p-vendor-payments-kafka_or_queue-c4fcc2782351a19f,topic,P2,real_source_mapped_not_running,,architecture-inventory.json representation_status,zz-s2p-namespace
topic:s2p/s2p-vendor-payments-kafka_or_queue-c58262b9dbb1ff79,topic,P2,real_source_mapped_not_running,,architecture-inventory.json representation_status,zz-s2p-namespace
topic:s2p/s2p-vendor-payments-kafka_or_queue-c5970ff30d38381f,topic,P2,real_source_mapped_not_running,,architecture-inventory.json representation_status,zz-s2p-namespace
topic:s2p/s2p-vendor-payments-kafka_or_queue-c5bd770ee1bde44b,topic,P2,real_source_mapped_not_running,,architecture-inventory.json representation_status,zz-s2p-namespace
topic:s2p/s2p-vendor-payments-kafka_or_queue-c5e5d48afa75e9bb,topic,P2,real_source_mapped_not_running,,architecture-inventory.json representation_status,zz-s2p-namespace
topic:s2p/s2p-vendor-payments-kafka_or_queue-c62d418aa8defd73,topic,P2,real_source_mapped_not_running,,architecture-inventory.json representation_status,zz-s2p-namespace
topic:s2p/s2p-vendor-payments-kafka_or_queue-c6e64d416e70cb37,topic,P2,real_source_mapped_not_running,,architecture-inventory.json representation_status,zz-s2p-namespace
topic:s2p/s2p-vendor-payments-kafka_or_queue-c76b28b29334330f,topic,P2,real_source_mapped_not_running,,architecture-inventory.json representation_status,zz-s2p-namespace
topic:s2p/s2p-vendor-payments-kafka_or_queue-c8358aeeb8b5819c,topic,P2,real_source_mapped_not_running,,architecture-inventory.json representation_status,zz-s2p-namespace
topic:s2p/s2p-vendor-payments-kafka_or_queue-c894e32004a5749e,topic,P2,real_source_mapped_not_running,,architecture-inventory.json representation_status,zz-s2p-namespace
topic:s2p/s2p-vendor-payments-kafka_or_queue-c987758a1a1a6393,topic,P2,real_source_mapped_not_running,,architecture-inventory.json representation_status,zz-s2p-namespace
topic:s2p/s2p-vendor-payments-kafka_or_queue-c9a188aa314df7b8,topic,P2,real_source_mapped_not_running,,architecture-inventory.json representation_status,zz-s2p-namespace
topic:s2p/s2p-vendor-payments-kafka_or_queue-c9ea25b02e9cc799,topic,P2,real_source_mapped_not_running,,architecture-inventory.json representation_status,zz-s2p-namespace
topic:s2p/s2p-vendor-payments-kafka_or_queue-ca720ced656345d7,topic,P2,real_source_mapped_not_running,,architecture-inventory.json representation_status,zz-s2p-namespace
topic:s2p/s2p-vendor-payments-kafka_or_queue-cb1de38eec20c81f,topic,P2,real_source_mapped_not_running,,architecture-inventory.json representation_status,zz-s2p-namespace
topic:s2p/s2p-vendor-payments-kafka_or_queue-cb27f5aea23cff3e,topic,P2,real_source_mapped_not_running,,architecture-inventory.json representation_status,zz-s2p-namespace
topic:s2p/s2p-vendor-payments-kafka_or_queue-cbea281d18a33eda,topic,P2,real_source_mapped_not_running,,architecture-inventory.json representation_status,zz-s2p-namespace
topic:s2p/s2p-vendor-payments-kafka_or_queue-cdc93dd1e56e8d14,topic,P2,real_source_mapped_not_running,,architecture-inventory.json representation_status,zz-s2p-namespace
topic:s2p/s2p-vendor-payments-kafka_or_queue-cde19a23a4ac4de8,topic,P2,real_source_mapped_not_running,,architecture-inventory.json representation_status,zz-s2p-namespace
topic:s2p/s2p-vendor-payments-kafka_or_queue-cdf0c3ca507cc268,topic,P2,real_source_mapped_not_running,,architecture-inventory.json representation_status,zz-s2p-namespace
topic:s2p/s2p-vendor-payments-kafka_or_queue-ce1c524becaa8dd2,topic,P2,real_source_mapped_not_running,,architecture-inventory.json representation_status,zz-s2p-namespace
topic:s2p/s2p-vendor-payments-kafka_or_queue-ce42bc8d55e3e2b1,topic,P2,real_source_mapped_not_running,,architecture-inventory.json representation_status,zz-s2p-namespace
topic:s2p/s2p-vendor-payments-kafka_or_queue-cea2318dd90485d7,topic,P2,real_source_mapped_not_running,,architecture-inventory.json representation_status,zz-s2p-namespace
topic:s2p/s2p-vendor-payments-kafka_or_queue-ceb38f4bf0d677bc,topic,P2,real_source_mapped_not_running,,architecture-inventory.json representation_status,zz-s2p-namespace
topic:s2p/s2p-vendor-payments-kafka_or_queue-ceceea514c2cd736,topic,P2,real_source_mapped_not_running,,architecture-inventory.json representation_status,zz-s2p-namespace
topic:s2p/s2p-vendor-payments-kafka_or_queue-ced6c7aa53fb11e4,topic,P2,real_source_mapped_not_running,,architecture-inventory.json representation_status,zz-s2p-namespace
topic:s2p/s2p-vendor-payments-kafka_or_queue-cf26743e66db8fb1,topic,P2,real_source_mapped_not_running,,architecture-inventory.json representation_status,zz-s2p-namespace
topic:s2p/s2p-vendor-payments-kafka_or_queue-cfb4a2043c7180f2,topic,P2,real_source_mapped_not_running,,architecture-inventory.json representation_status,zz-s2p-namespace
topic:s2p/s2p-vendor-payments-kafka_or_queue-d0a1a8a15359ad63,topic,P2,real_source_mapped_not_running,,architecture-inventory.json representation_status,zz-s2p-namespace
topic:s2p/s2p-vendor-payments-kafka_or_queue-d1751334a9afe243,topic,P2,real_source_mapped_not_running,,architecture-inventory.json representation_status,zz-s2p-namespace
topic:s2p/s2p-vendor-payments-kafka_or_queue-d2cf0abf17cbe50e,topic,P2,real_source_mapped_not_running,,architecture-inventory.json representation_status,zz-s2p-namespace
topic:s2p/s2p-vendor-payments-kafka_or_queue-d3ab54ad5cbaf19c,topic,P2,real_source_mapped_not_running,,architecture-inventory.json representation_status,zz-s2p-namespace
topic:s2p/s2p-vendor-payments-kafka_or_queue-d3be71f2108e97dd,topic,P2,real_source_mapped_not_running,,architecture-inventory.json representation_status,zz-s2p-namespace
topic:s2p/s2p-vendor-payments-kafka_or_queue-d3c5535d94c04577,topic,P2,real_source_mapped_not_running,,architecture-inventory.json representation_status,zz-s2p-namespace
topic:s2p/s2p-vendor-payments-kafka_or_queue-d401458b0758e11d,topic,P2,real_source_mapped_not_running,,architecture-inventory.json representation_status,zz-s2p-namespace
topic:s2p/s2p-vendor-payments-kafka_or_queue-d41cc99b74e0e076,topic,P2,real_source_mapped_not_running,,architecture-inventory.json representation_status,zz-s2p-namespace
topic:s2p/s2p-vendor-payments-kafka_or_queue-d43cbab53288009a,topic,P2,real_source_mapped_not_running,,architecture-inventory.json representation_status,zz-s2p-namespace
topic:s2p/s2p-vendor-payments-kafka_or_queue-d44790494c7f7dc2,topic,P2,real_source_mapped_not_running,,architecture-inventory.json representation_status,zz-s2p-namespace
topic:s2p/s2p-vendor-payments-kafka_or_queue-d4d86a11d9c44d68,topic,P2,real_source_mapped_not_running,,architecture-inventory.json representation_status,zz-s2p-namespace
topic:s2p/s2p-vendor-payments-kafka_or_queue-d5515e1fbdcf56cf,topic,P2,real_source_mapped_not_running,,architecture-inventory.json representation_status,zz-s2p-namespace
topic:s2p/s2p-vendor-payments-kafka_or_queue-d55ff80f65111069,topic,P2,real_source_mapped_not_running,,architecture-inventory.json representation_status,zz-s2p-namespace
topic:s2p/s2p-vendor-payments-kafka_or_queue-d56120eca8c35569,topic,P2,real_source_mapped_not_running,,architecture-inventory.json representation_status,zz-s2p-namespace
topic:s2p/s2p-vendor-payments-kafka_or_queue-d5a72c147a9697fc,topic,P2,real_source_mapped_not_running,,architecture-inventory.json representation_status,zz-s2p-namespace
topic:s2p/s2p-vendor-payments-kafka_or_queue-d5c63f4f5afd7665,topic,P2,real_source_mapped_not_running,,architecture-inventory.json representation_status,zz-s2p-namespace
topic:s2p/s2p-vendor-payments-kafka_or_queue-d5de0c54d5d5f834,topic,P2,real_source_mapped_not_running,,architecture-inventory.json representation_status,zz-s2p-namespace
topic:s2p/s2p-vendor-payments-kafka_or_queue-d5f00cdeeb662ef6,topic,P2,real_source_mapped_not_running,,architecture-inventory.json representation_status,zz-s2p-namespace
topic:s2p/s2p-vendor-payments-kafka_or_queue-d6f7dd5bdac99b18,topic,P2,real_source_mapped_not_running,,architecture-inventory.json representation_status,zz-s2p-namespace
topic:s2p/s2p-vendor-payments-kafka_or_queue-d8c3b3352bff5a2a,topic,P2,real_source_mapped_not_running,,architecture-inventory.json representation_status,zz-s2p-namespace
topic:s2p/s2p-vendor-payments-kafka_or_queue-d94232be5fd71959,topic,P2,real_source_mapped_not_running,,architecture-inventory.json representation_status,zz-s2p-namespace
topic:s2p/s2p-vendor-payments-kafka_or_queue-d9da970280a0fa1b,topic,P2,real_source_mapped_not_running,,architecture-inventory.json representation_status,zz-s2p-namespace
topic:s2p/s2p-vendor-payments-kafka_or_queue-da1a76f083f3c14e,topic,P2,real_source_mapped_not_running,,architecture-inventory.json representation_status,zz-s2p-namespace
topic:s2p/s2p-vendor-payments-kafka_or_queue-da5b19e7fff362f0,topic,P2,real_source_mapped_not_running,,architecture-inventory.json representation_status,zz-s2p-namespace
topic:s2p/s2p-vendor-payments-kafka_or_queue-db97423314c9f3fe,topic,P2,real_source_mapped_not_running,,architecture-inventory.json representation_status,zz-s2p-namespace
topic:s2p/s2p-vendor-payments-kafka_or_queue-dc5b5dd14cbba7db,topic,P2,real_source_mapped_not_running,,architecture-inventory.json representation_status,zz-s2p-namespace
topic:s2p/s2p-vendor-payments-kafka_or_queue-dcff684e78b83225,topic,P2,real_source_mapped_not_running,,architecture-inventory.json representation_status,zz-s2p-namespace
topic:s2p/s2p-vendor-payments-kafka_or_queue-dd54dca360d0df0d,topic,P2,real_source_mapped_not_running,,architecture-inventory.json representation_status,zz-s2p-namespace
topic:s2p/s2p-vendor-payments-kafka_or_queue-ddfe95eb736a3af3,topic,P2,real_source_mapped_not_running,,architecture-inventory.json representation_status,zz-s2p-namespace
topic:s2p/s2p-vendor-payments-kafka_or_queue-de0b24e3b04e5059,topic,P2,real_source_mapped_not_running,,architecture-inventory.json representation_status,zz-s2p-namespace
topic:s2p/s2p-vendor-payments-kafka_or_queue-de20217bafb4d80c,topic,P2,real_source_mapped_not_running,,architecture-inventory.json representation_status,zz-s2p-namespace
topic:s2p/s2p-vendor-payments-kafka_or_queue-de33b81a18279348,topic,P2,real_source_mapped_not_running,,architecture-inventory.json representation_status,zz-s2p-namespace
topic:s2p/s2p-vendor-payments-kafka_or_queue-de4de76dc8aac9cb,topic,P2,real_source_mapped_not_running,,architecture-inventory.json representation_status,zz-s2p-namespace
topic:s2p/s2p-vendor-payments-kafka_or_queue-deffe181fa2d4b2f,topic,P2,real_source_mapped_not_running,,architecture-inventory.json representation_status,zz-s2p-namespace
topic:s2p/s2p-vendor-payments-kafka_or_queue-dfa21a7e3f6cd703,topic,P2,real_source_mapped_not_running,,architecture-inventory.json representation_status,zz-s2p-namespace
topic:s2p/s2p-vendor-payments-kafka_or_queue-e02e8b9901400e1f,topic,P2,real_source_mapped_not_running,,architecture-inventory.json representation_status,zz-s2p-namespace
topic:s2p/s2p-vendor-payments-kafka_or_queue-e087075dcc1bcdfc,topic,P2,real_source_mapped_not_running,,architecture-inventory.json representation_status,zz-s2p-namespace
topic:s2p/s2p-vendor-payments-kafka_or_queue-e1974277c66405b1,topic,P2,real_source_mapped_not_running,,architecture-inventory.json representation_status,zz-s2p-namespace
topic:s2p/s2p-vendor-payments-kafka_or_queue-e19937eb49da6b7c,topic,P2,real_source_mapped_not_running,,architecture-inventory.json representation_status,zz-s2p-namespace
topic:s2p/s2p-vendor-payments-kafka_or_queue-e24ed5e0c3664c38,topic,P2,real_source_mapped_not_running,,architecture-inventory.json representation_status,zz-s2p-namespace
topic:s2p/s2p-vendor-payments-kafka_or_queue-e27d43552c1d5356,topic,P2,real_source_mapped_not_running,,architecture-inventory.json representation_status,zz-s2p-namespace
topic:s2p/s2p-vendor-payments-kafka_or_queue-e30116a3305518a0,topic,P2,real_source_mapped_not_running,,architecture-inventory.json representation_status,zz-s2p-namespace
topic:s2p/s2p-vendor-payments-kafka_or_queue-e32e66e4e12f2ff3,topic,P2,real_source_mapped_not_running,,architecture-inventory.json representation_status,zz-s2p-namespace
topic:s2p/s2p-vendor-payments-kafka_or_queue-e3312952ebcc053e,topic,P2,real_source_mapped_not_running,,architecture-inventory.json representation_status,zz-s2p-namespace
topic:s2p/s2p-vendor-payments-kafka_or_queue-e35dc178d5773405,topic,P2,real_source_mapped_not_running,,architecture-inventory.json representation_status,zz-s2p-namespace
topic:s2p/s2p-vendor-payments-kafka_or_queue-e3638e89af933f7c,topic,P2,real_source_mapped_not_running,,architecture-inventory.json representation_status,zz-s2p-namespace
topic:s2p/s2p-vendor-payments-kafka_or_queue-e384262e0b911063,topic,P2,real_source_mapped_not_running,,architecture-inventory.json representation_status,zz-s2p-namespace
topic:s2p/s2p-vendor-payments-kafka_or_queue-e4c3e1af3d187ac6,topic,P2,real_source_mapped_not_running,,architecture-inventory.json representation_status,zz-s2p-namespace
topic:s2p/s2p-vendor-payments-kafka_or_queue-e547e052b9468e1e,topic,P2,real_source_mapped_not_running,,architecture-inventory.json representation_status,zz-s2p-namespace
topic:s2p/s2p-vendor-payments-kafka_or_queue-e56173383b7a0ab8,topic,P2,real_source_mapped_not_running,,architecture-inventory.json representation_status,zz-s2p-namespace
topic:s2p/s2p-vendor-payments-kafka_or_queue-e606fe905e601b2a,topic,P2,real_source_mapped_not_running,,architecture-inventory.json representation_status,zz-s2p-namespace
topic:s2p/s2p-vendor-payments-kafka_or_queue-e62eab456d8ba7b3,topic,P2,real_source_mapped_not_running,,architecture-inventory.json representation_status,zz-s2p-namespace
topic:s2p/s2p-vendor-payments-kafka_or_queue-e71b78ce1d4082fe,topic,P2,real_source_mapped_not_running,,architecture-inventory.json representation_status,zz-s2p-namespace
topic:s2p/s2p-vendor-payments-kafka_or_queue-e7364c46c92658c5,topic,P2,real_source_mapped_not_running,,architecture-inventory.json representation_status,zz-s2p-namespace
topic:s2p/s2p-vendor-payments-kafka_or_queue-e7a72c2bd59e2aed,topic,P2,real_source_mapped_not_running,,architecture-inventory.json representation_status,zz-s2p-namespace
topic:s2p/s2p-vendor-payments-kafka_or_queue-e7e8c825c4f3abf1,topic,P2,real_source_mapped_not_running,,architecture-inventory.json representation_status,zz-s2p-namespace
topic:s2p/s2p-vendor-payments-kafka_or_queue-e81e1eedb0cd8bba,topic,P2,real_source_mapped_not_running,,architecture-inventory.json representation_status,zz-s2p-namespace
topic:s2p/s2p-vendor-payments-kafka_or_queue-e8572c2ed5e1475d,topic,P2,real_source_mapped_not_running,,architecture-inventory.json representation_status,zz-s2p-namespace
topic:s2p/s2p-vendor-payments-kafka_or_queue-e8af55ed74806187,topic,P2,real_source_mapped_not_running,,architecture-inventory.json representation_status,zz-s2p-namespace
topic:s2p/s2p-vendor-payments-kafka_or_queue-e9e0bf80b2852277,topic,P2,real_source_mapped_not_running,,architecture-inventory.json representation_status,zz-s2p-namespace
topic:s2p/s2p-vendor-payments-kafka_or_queue-ea2aebc0434e9458,topic,P2,real_source_mapped_not_running,,architecture-inventory.json representation_status,zz-s2p-namespace
topic:s2p/s2p-vendor-payments-kafka_or_queue-ea58630c4a234147,topic,P2,real_source_mapped_not_running,,architecture-inventory.json representation_status,zz-s2p-namespace
topic:s2p/s2p-vendor-payments-kafka_or_queue-ea71b894b657c70a,topic,P2,real_source_mapped_not_running,,architecture-inventory.json representation_status,zz-s2p-namespace
topic:s2p/s2p-vendor-payments-kafka_or_queue-eb3646d13fbd2e8a,topic,P2,real_source_mapped_not_running,,architecture-inventory.json representation_status,zz-s2p-namespace
topic:s2p/s2p-vendor-payments-kafka_or_queue-eb49af841ec3b4ed,topic,P2,real_source_mapped_not_running,,architecture-inventory.json representation_status,zz-s2p-namespace
topic:s2p/s2p-vendor-payments-kafka_or_queue-eb4a8e31cda8c83b,topic,P2,real_source_mapped_not_running,,architecture-inventory.json representation_status,zz-s2p-namespace
topic:s2p/s2p-vendor-payments-kafka_or_queue-eb4df25f7c6172e9,topic,P2,real_source_mapped_not_running,,architecture-inventory.json representation_status,zz-s2p-namespace
topic:s2p/s2p-vendor-payments-kafka_or_queue-eb4e02f7dde0e167,topic,P2,real_source_mapped_not_running,,architecture-inventory.json representation_status,zz-s2p-namespace
topic:s2p/s2p-vendor-payments-kafka_or_queue-ebcf6341f22e7fba,topic,P2,real_source_mapped_not_running,,architecture-inventory.json representation_status,zz-s2p-namespace
topic:s2p/s2p-vendor-payments-kafka_or_queue-ec101cecc0549adf,topic,P2,real_source_mapped_not_running,,architecture-inventory.json representation_status,zz-s2p-namespace
topic:s2p/s2p-vendor-payments-kafka_or_queue-ec33c9b30bda6d09,topic,P2,real_source_mapped_not_running,,architecture-inventory.json representation_status,zz-s2p-namespace
topic:s2p/s2p-vendor-payments-kafka_or_queue-ec5fe9ae3aeabe21,topic,P2,real_source_mapped_not_running,,architecture-inventory.json representation_status,zz-s2p-namespace
topic:s2p/s2p-vendor-payments-kafka_or_queue-ecf1a2c31e95b84e,topic,P2,real_source_mapped_not_running,,architecture-inventory.json representation_status,zz-s2p-namespace
topic:s2p/s2p-vendor-payments-kafka_or_queue-ee247b6832b0fd2c,topic,P2,real_source_mapped_not_running,,architecture-inventory.json representation_status,zz-s2p-namespace
topic:s2p/s2p-vendor-payments-kafka_or_queue-ee49ef68ebb659a6,topic,P2,real_source_mapped_not_running,,architecture-inventory.json representation_status,zz-s2p-namespace
topic:s2p/s2p-vendor-payments-kafka_or_queue-ee6f0f15aa14c0ae,topic,P2,real_source_mapped_not_running,,architecture-inventory.json representation_status,zz-s2p-namespace
topic:s2p/s2p-vendor-payments-kafka_or_queue-ee99686586614156,topic,P2,real_source_mapped_not_running,,architecture-inventory.json representation_status,zz-s2p-namespace
topic:s2p/s2p-vendor-payments-kafka_or_queue-ef724e4a5efab431,topic,P2,real_source_mapped_not_running,,architecture-inventory.json representation_status,zz-s2p-namespace
topic:s2p/s2p-vendor-payments-kafka_or_queue-efca85c63906f7a9,topic,P2,real_source_mapped_not_running,,architecture-inventory.json representation_status,zz-s2p-namespace
topic:s2p/s2p-vendor-payments-kafka_or_queue-efd420319beaa6a8,topic,P2,real_source_mapped_not_running,,architecture-inventory.json representation_status,zz-s2p-namespace
topic:s2p/s2p-vendor-payments-kafka_or_queue-efffc63126d994fe,topic,P2,real_source_mapped_not_running,,architecture-inventory.json representation_status,zz-s2p-namespace
topic:s2p/s2p-vendor-payments-kafka_or_queue-f042b08e239bc506,topic,P2,real_source_mapped_not_running,,architecture-inventory.json representation_status,zz-s2p-namespace
topic:s2p/s2p-vendor-payments-kafka_or_queue-f1cf6b20cd40d4c5,topic,P2,real_source_mapped_not_running,,architecture-inventory.json representation_status,zz-s2p-namespace
topic:s2p/s2p-vendor-payments-kafka_or_queue-f242a6cb9d9b697d,topic,P2,real_source_mapped_not_running,,architecture-inventory.json representation_status,zz-s2p-namespace
topic:s2p/s2p-vendor-payments-kafka_or_queue-f25dfdadf022ba8f,topic,P2,real_source_mapped_not_running,,architecture-inventory.json representation_status,zz-s2p-namespace
topic:s2p/s2p-vendor-payments-kafka_or_queue-f281eb250fef28f1,topic,P2,real_source_mapped_not_running,,architecture-inventory.json representation_status,zz-s2p-namespace
topic:s2p/s2p-vendor-payments-kafka_or_queue-f322159dd7c965d0,topic,P2,real_source_mapped_not_running,,architecture-inventory.json representation_status,zz-s2p-namespace
topic:s2p/s2p-vendor-payments-kafka_or_queue-f40f82d7257aa2ad,topic,P2,real_source_mapped_not_running,,architecture-inventory.json representation_status,zz-s2p-namespace
topic:s2p/s2p-vendor-payments-kafka_or_queue-f4151a3d437ec0ff,topic,P2,real_source_mapped_not_running,,architecture-inventory.json representation_status,zz-s2p-namespace
topic:s2p/s2p-vendor-payments-kafka_or_queue-f41cbce01c3a1b4b,topic,P2,real_source_mapped_not_running,,architecture-inventory.json representation_status,zz-s2p-namespace
topic:s2p/s2p-vendor-payments-kafka_or_queue-f47958a4e0a54bf9,topic,P2,real_source_mapped_not_running,,architecture-inventory.json representation_status,zz-s2p-namespace
topic:s2p/s2p-vendor-payments-kafka_or_queue-f56002b1380a8dac,topic,P2,real_source_mapped_not_running,,architecture-inventory.json representation_status,zz-s2p-namespace
topic:s2p/s2p-vendor-payments-kafka_or_queue-f5779b64d59889c2,topic,P2,real_source_mapped_not_running,,architecture-inventory.json representation_status,zz-s2p-namespace
topic:s2p/s2p-vendor-payments-kafka_or_queue-f770129eb32ce736,topic,P2,real_source_mapped_not_running,,architecture-inventory.json representation_status,zz-s2p-namespace
topic:s2p/s2p-vendor-payments-kafka_or_queue-f816f67f83990af5,topic,P2,real_source_mapped_not_running,,architecture-inventory.json representation_status,zz-s2p-namespace
topic:s2p/s2p-vendor-payments-kafka_or_queue-f83a4683ec3eef1a,topic,P2,real_source_mapped_not_running,,architecture-inventory.json representation_status,zz-s2p-namespace
topic:s2p/s2p-vendor-payments-kafka_or_queue-f8e8ca09e2d2bb89,topic,P2,real_source_mapped_not_running,,architecture-inventory.json representation_status,zz-s2p-namespace
topic:s2p/s2p-vendor-payments-kafka_or_queue-f8eb6fee9d5e2d8e,topic,P2,real_source_mapped_not_running,,architecture-inventory.json representation_status,zz-s2p-namespace
topic:s2p/s2p-vendor-payments-kafka_or_queue-f922191f992757c8,topic,P2,real_source_mapped_not_running,,architecture-inventory.json representation_status,zz-s2p-namespace
topic:s2p/s2p-vendor-payments-kafka_or_queue-f9611b700ffe16d8,topic,P2,real_source_mapped_not_running,,architecture-inventory.json representation_status,zz-s2p-namespace
topic:s2p/s2p-vendor-payments-kafka_or_queue-fa0362663d8e0c4c,topic,P2,real_source_mapped_not_running,,architecture-inventory.json representation_status,zz-s2p-namespace
topic:s2p/s2p-vendor-payments-kafka_or_queue-faa0151361491d65,topic,P2,real_source_mapped_not_running,,architecture-inventory.json representation_status,zz-s2p-namespace
topic:s2p/s2p-vendor-payments-kafka_or_queue-fac4a9ac44678215,topic,P2,real_source_mapped_not_running,,architecture-inventory.json representation_status,zz-s2p-namespace
topic:s2p/s2p-vendor-payments-kafka_or_queue-fb92bf38b0ddc60a,topic,P2,real_source_mapped_not_running,,architecture-inventory.json representation_status,zz-s2p-namespace
topic:s2p/s2p-vendor-payments-kafka_or_queue-fca7ea647f0340fc,topic,P2,real_source_mapped_not_running,,architecture-inventory.json representation_status,zz-s2p-namespace
topic:s2p/s2p-vendor-payments-kafka_or_queue-fca9a78e6cb30109,topic,P2,real_source_mapped_not_running,,architecture-inventory.json representation_status,zz-s2p-namespace
topic:s2p/s2p-vendor-payments-kafka_or_queue-fd00210324a96519,topic,P2,real_source_mapped_not_running,,architecture-inventory.json representation_status,zz-s2p-namespace
topic:s2p/s2p-vendor-payments-kafka_or_queue-fd29ff515730d741,topic,P2,real_source_mapped_not_running,,architecture-inventory.json representation_status,zz-s2p-namespace
topic:s2p/s2p-vendor-payments-kafka_or_queue-fee64db9caa5fb58,topic,P2,real_source_mapped_not_running,,architecture-inventory.json representation_status,zz-s2p-namespace
topic:s2p/s2p-vendor-payments-kafka_or_queue-fff3b3ac5e449660,topic,P2,real_source_mapped_not_running,,architecture-inventory.json representation_status,zz-s2p-namespace
topic:stork.reminders.webhooks.v1,topic,P2,graph_only,,not present in the twin's Kafka (only fts-status topics are),external-config-deploy
topic:stork.webhooks.v1,topic,P2,graph_only,,not present in the twin's Kafka (only fts-status topics are),external-config-deploy
worker:banking-accounts/banking-account,worker,P1,graph_only,sub:bankingaccounts-stub,only 2 of its routes are stubbed in the twin,external-config-deploy
worker:banking-accounts/banking-account-baseline,worker,P1,graph_only,sub:bankingaccounts-stub,only 2 of its routes are stubbed in the twin,external-config-deploy
worker:banking-accounts/banking-account-canary,worker,P1,graph_only,sub:bankingaccounts-stub,only 2 of its routes are stubbed in the twin,external-config-deploy
worker:batch/batch-ingress-sqs,worker,P1,graph_only,,batch is not built or stubbed in the twin,external-config-deploy
worker:batch/batch-sqs,worker,P1,graph_only,,batch is not built or stubbed in the twin,external-config-deploy
worker:batch/batch-sqs-art-dual-write,worker,P1,graph_only,,batch is not built or stubbed in the twin,external-config-deploy
worker:batch/batch-sqs-art-prs,worker,P1,graph_only,,batch is not built or stubbed in the twin,external-config-deploy
worker:batch/batch-sqs-payment-links,worker,P1,graph_only,,batch is not built or stubbed in the twin,external-config-deploy
worker:batch/batch-sqs-reconciliation,worker,P1,graph_only,,batch is not built or stubbed in the twin,external-config-deploy
worker:batch/batch-sqs-sftp-notification,worker,P1,graph_only,,batch is not built or stubbed in the twin,external-config-deploy
worker:batch/batch-web,worker,P1,graph_only,,batch is not built or stubbed in the twin,external-config-deploy
worker:cfa/contact-lazy-load,worker,P2,real_source_running,ENV2_COMPOSE/docker-compose.yml service `cfa-worker-contact`,running container env2_compose-cfa-worker-contact-1 (healthy),twin-inventory
worker:cfa/contact_lazy_load,worker,P2,real_source_running,compose cfa-worker-contact,ENV2_COMPOSE/docker-compose.yml:1492-1543,money-and-statements
worker:cfa/fund-account-lazy-load,worker,P2,real_source_running,ENV2_COMPOSE/docker-compose.yml service `cfa-worker-fa`,running container env2_compose-cfa-worker-fa-1 (healthy),twin-inventory
worker:cfa/fund_account_lazy_load,worker,P2,real_source_running,compose cfa-worker-fa,ENV2_COMPOSE/docker-compose.yml:1492-1543,money-and-statements
worker:fts/amazon_pay::check_transfer_status,worker,P1,real_source_mapped_not_running,,prod Deployment exists; not started in twin (no compose service),fts-mozart
worker:fts/amazon_pay::initiate_transfer,worker,P1,real_source_mapped_not_running,,prod Deployment exists; not started in twin (no compose service),fts-mozart
worker:fts/amazon_pay::wallet_transfer::initiate_transfer,worker,P1,real_source_mapped_not_running,,prod Deployment exists; not started in twin (no compose service),fts-mozart
worker:fts/axis::check_transfer_status,worker,P1,real_source_mapped_not_running,,prod Deployment exists; not started in twin (no compose service),fts-mozart
worker:fts/axis::direct::upi::check_transfer_status,worker,P1,real_source_mapped_not_running,,prod Deployment exists; not started in twin (no compose service),fts-mozart
worker:fts/axis::direct::upi::initiate_transfer,worker,P1,real_source_mapped_not_running,,prod Deployment exists; not started in twin (no compose service),fts-mozart
worker:fts/axis::imps::hv::check_transfer_status,worker,P1,real_source_mapped_not_running,,prod Deployment exists; not started in twin (no compose service),fts-mozart
worker:fts/axis::imps::hv::initiate_transfer,worker,P1,real_source_mapped_not_running,,prod Deployment exists; not started in twin (no compose service),fts-mozart
worker:fts/axis::initiate_transfer,worker,P1,real_source_mapped_not_running,,prod Deployment exists; not started in twin (no compose service),fts-mozart
worker:fts/axis::neft::check_transfer_status,worker,P1,real_source_mapped_not_running,,prod Deployment exists; not started in twin (no compose service),fts-mozart
worker:fts/axis::neft::initiate_transfer,worker,P1,real_source_mapped_not_running,,prod Deployment exists; not started in twin (no compose service),fts-mozart
worker:fts/axis::register_beneficiary,worker,P1,real_source_mapped_not_running,,prod Deployment exists; not started in twin (no compose service),fts-mozart
worker:fts/axis::rtgs::check_transfer_status,worker,P1,real_source_mapped_not_running,,prod Deployment exists; not started in twin (no compose service),fts-mozart
worker:fts/axis::rtgs::initiate_transfer,worker,P1,real_source_mapped_not_running,,prod Deployment exists; not started in twin (no compose service),fts-mozart
worker:fts/axis::upi::check_transfer_status,worker,P1,real_source_mapped_not_running,,prod Deployment exists; not started in twin (no compose service),fts-mozart
worker:fts/axis::upi::hv::check_transfer_status,worker,P1,real_source_mapped_not_running,,prod Deployment exists; not started in twin (no compose service),fts-mozart
worker:fts/axis::upi::hv::initiate_transfer,worker,P1,real_source_mapped_not_running,,prod Deployment exists; not started in twin (no compose service),fts-mozart
worker:fts/axis::upi::initiate_transfer,worker,P1,real_source_mapped_not_running,,prod Deployment exists; not started in twin (no compose service),fts-mozart
worker:fts/axis_file_based,worker,P1,real_source_mapped_not_running,,prod Deployment exists; not started in twin (no compose service),fts-mozart
worker:fts/batch::icici::neft::initiate_transfer,worker,P1,real_source_mapped_not_running,,prod Deployment exists; not started in twin (no compose service),fts-mozart
worker:fts/batch::icici::neft::register_beneficiary,worker,P1,real_source_mapped_not_running,,prod Deployment exists; not started in twin (no compose service),fts-mozart
worker:fts/check_recon_status,worker,P1,real_source_mapped_not_running,,prod Deployment exists; not started in twin (no compose service),fts-mozart
worker:fts/check_transfer_status,worker,P0,real_source_running,compose:fts-worker-check-transfer-status,container for compose service fts-worker-check-transfer-status is Up 2 hours (healthy),fts-mozart;twin-inventory;zz-runtime-overlay
worker:fts/default,worker,P0,real_source_running,compose:fts-worker-default,container for compose service fts-worker-default is Up 2 hours (healthy),fts-mozart;twin-inventory;zz-runtime-overlay
worker:fts/fire_transfer_status_webhook,worker,P0,real_source_running,compose:fts-worker-fire-transfer-status-webhook,container for compose service fts-worker-fire-transfer-status-webhook is Up 31 minutes (healthy),fts-mozart;twin-inventory;zz-runtime-overlay
worker:fts/hdfc::check_bulk_transfer_status,worker,P1,real_source_mapped_not_running,,prod Deployment exists; not started in twin (no compose service),fts-mozart
worker:fts/hdfc::initiate_attempt_bulk,worker,P1,real_source_mapped_not_running,,prod Deployment exists; not started in twin (no compose service),fts-mozart
worker:fts/hv::fire_transfer_status_webhook,worker,P0,real_source_mapped_not_running,,prod Deployment exists; not started in twin (no compose service) | blocked_by: no compose service for this FTS bank/channel worker; needs the [queue.worker_queue_map] key + mozart-sim gateway fixtures for that channel [ENV2_COMPOSE/FTS_WORKER_TOPOLOGY.md] | blocked_by: no compose service for this FTS bank/channel worker; needs the [queue.worker_queue_map] key + mozart-sim gateway fixtures for that channel [ENV2_COMPOSE/FTS_WORKER_TOPOLOGY.md] | blocked_by: no compose service for this FTS bank/channel worker; needs the [queue.worker_queue_map] key + mozart-sim gateway fixtures for that channel [ENV2_COMPOSE/FTS_WORKER_TOPOLOGY.md] | blocked_by: no compose service for this FTS bank/channel worker; needs the [queue.worker_queue_map] key + mozart-sim gateway fixtures for that channel [ENV2_COMPOSE/FTS_WORKER_TOPOLOGY.md],fts-mozart;zz-worker-gaps
worker:fts/hv::initiate_transfer,worker,P0,real_source_mapped_not_running,,prod Deployment exists; not started in twin (no compose service) | blocked_by: no compose service for this FTS bank/channel worker; needs the [queue.worker_queue_map] key + mozart-sim gateway fixtures for that channel [ENV2_COMPOSE/FTS_WORKER_TOPOLOGY.md] | blocked_by: no compose service for this FTS bank/channel worker; needs the [queue.worker_queue_map] key + mozart-sim gateway fixtures for that channel [ENV2_COMPOSE/FTS_WORKER_TOPOLOGY.md] | blocked_by: no compose service for this FTS bank/channel worker; needs the [queue.worker_queue_map] key + mozart-sim gateway fixtures for that channel [ENV2_COMPOSE/FTS_WORKER_TOPOLOGY.md] | blocked_by: no compose service for this FTS bank/channel worker; needs the [queue.worker_queue_map] key + mozart-sim gateway fixtures for that channel [ENV2_COMPOSE/FTS_WORKER_TOPOLOGY.md],fts-mozart;zz-worker-gaps
worker:fts/icici::check_transfer_status,worker,P1,real_source_mapped_not_running,,prod Deployment exists; not started in twin (no compose service),fts-mozart
worker:fts/icici::direct::check_transfer_status,worker,P1,real_source_mapped_not_running,,prod Deployment exists; not started in twin (no compose service),fts-mozart
worker:fts/icici::direct::initiate_transfer,worker,P1,real_source_mapped_not_running,,prod Deployment exists; not started in twin (no compose service),fts-mozart
worker:fts/icici::imps::hv::check_transfer_status,worker,P1,real_source_mapped_not_running,,prod Deployment exists; not started in twin (no compose service),fts-mozart
worker:fts/icici::imps::hv::initiate_transfer,worker,P1,real_source_mapped_not_running,,prod Deployment exists; not started in twin (no compose service),fts-mozart
worker:fts/icici::initiate_transfer,worker,P1,real_source_mapped_not_running,,prod Deployment exists; not started in twin (no compose service),fts-mozart
worker:fts/icici::neft::check_transfer_status,worker,P1,real_source_mapped_not_running,,prod Deployment exists; not started in twin (no compose service),fts-mozart
worker:fts/icici::neft::initiate_transfer,worker,P1,real_source_mapped_not_running,,prod Deployment exists; not started in twin (no compose service),fts-mozart
worker:fts/icici::register_beneficiary,worker,P1,real_source_mapped_not_running,,prod Deployment exists; not started in twin (no compose service),fts-mozart
worker:fts/icici::rtgs::check_transfer_status,worker,P1,real_source_mapped_not_running,,prod Deployment exists; not started in twin (no compose service),fts-mozart
worker:fts/icici::rtgs::initiate_transfer,worker,P1,real_source_mapped_not_running,,prod Deployment exists; not started in twin (no compose service),fts-mozart
worker:fts/icici::upi::check_transfer_status,worker,P1,real_source_mapped_not_running,,prod Deployment exists; not started in twin (no compose service),fts-mozart
worker:fts/icici::upi::hv::check_transfer_status,worker,P1,real_source_mapped_not_running,,prod Deployment exists; not started in twin (no compose service),fts-mozart
worker:fts/icici::upi::hv::initiate_transfer,worker,P1,real_source_mapped_not_running,,prod Deployment exists; not started in twin (no compose service),fts-mozart
worker:fts/icici::upi::initiate_transfer,worker,P1,real_source_mapped_not_running,,prod Deployment exists; not started in twin (no compose service),fts-mozart
worker:fts/idfc::direct::imps::check_transfer_status,worker,P1,real_source_mapped_not_running,,prod Deployment exists; not started in twin (no compose service),fts-mozart
worker:fts/idfc::direct::imps::initiate_transfer,worker,P1,real_source_mapped_not_running,,prod Deployment exists; not started in twin (no compose service),fts-mozart
worker:fts/idfc::direct::neft::check_transfer_status,worker,P1,real_source_mapped_not_running,,prod Deployment exists; not started in twin (no compose service),fts-mozart
worker:fts/idfc::direct::neft::initiate_transfer,worker,P1,real_source_mapped_not_running,,prod Deployment exists; not started in twin (no compose service),fts-mozart
worker:fts/idfc::direct::rtgs::check_transfer_status,worker,P1,real_source_mapped_not_running,,prod Deployment exists; not started in twin (no compose service),fts-mozart
worker:fts/idfc::direct::rtgs::initiate_transfer,worker,P1,real_source_mapped_not_running,,prod Deployment exists; not started in twin (no compose service),fts-mozart
worker:fts/idfc::direct::upi::check_transfer_status,worker,P1,real_source_mapped_not_running,,prod Deployment exists; not started in twin (no compose service),fts-mozart
worker:fts/idfc::direct::upi::initiate_transfer,worker,P1,real_source_mapped_not_running,,prod Deployment exists; not started in twin (no compose service),fts-mozart
worker:fts/idfc::imps::check_transfer_status,worker,P1,real_source_mapped_not_running,,prod Deployment exists; not started in twin (no compose service),fts-mozart
worker:fts/idfc::imps::initiate_transfer,worker,P1,real_source_mapped_not_running,,prod Deployment exists; not started in twin (no compose service),fts-mozart
worker:fts/idfc::imps::xp::check_transfer_status,worker,P1,real_source_mapped_not_running,,prod Deployment exists; not started in twin (no compose service),fts-mozart
worker:fts/idfc::imps::xp::initiate_transfer,worker,P1,real_source_mapped_not_running,,prod Deployment exists; not started in twin (no compose service),fts-mozart
worker:fts/idfc::neft::check_transfer_status,worker,P1,real_source_mapped_not_running,,prod Deployment exists; not started in twin (no compose service),fts-mozart
worker:fts/idfc::neft::initiate_transfer,worker,P1,real_source_mapped_not_running,,prod Deployment exists; not started in twin (no compose service),fts-mozart
worker:fts/idfc::neft::xp::check_transfer_status,worker,P1,real_source_mapped_not_running,,prod Deployment exists; not started in twin (no compose service),fts-mozart
worker:fts/idfc::neft::xp::initiate_transfer,worker,P1,real_source_mapped_not_running,,prod Deployment exists; not started in twin (no compose service),fts-mozart
worker:fts/idfc::rtgs::check_transfer_status,worker,P1,real_source_mapped_not_running,,prod Deployment exists; not started in twin (no compose service),fts-mozart
worker:fts/idfc::rtgs::initiate_transfer,worker,P1,real_source_mapped_not_running,,prod Deployment exists; not started in twin (no compose service),fts-mozart
worker:fts/idfc::rtgs::xp::check_transfer_status,worker,P1,real_source_mapped_not_running,,prod Deployment exists; not started in twin (no compose service),fts-mozart
worker:fts/idfc::rtgs::xp::initiate_transfer,worker,P1,real_source_mapped_not_running,,prod Deployment exists; not started in twin (no compose service),fts-mozart
worker:fts/idfc::upi::check_transfer_status,worker,P1,real_source_mapped_not_running,,prod Deployment exists; not started in twin (no compose service),fts-mozart
worker:fts/idfc::upi::hv::check_transfer_status,worker,P1,real_source_mapped_not_running,,prod Deployment exists; not started in twin (no compose service),fts-mozart
worker:fts/idfc::upi::hv::initiate_transfer,worker,P1,real_source_mapped_not_running,,prod Deployment exists; not started in twin (no compose service),fts-mozart
worker:fts/idfc::upi::initiate_transfer,worker,P1,real_source_mapped_not_running,,prod Deployment exists; not started in twin (no compose service),fts-mozart
worker:fts/idfc::upi::pool::hv::check_transfer_status,worker,P1,real_source_mapped_not_running,,prod Deployment exists; not started in twin (no compose service),fts-mozart
worker:fts/idfc::upi::pool::hv::initiate_transfer,worker,P1,real_source_mapped_not_running,,prod Deployment exists; not started in twin (no compose service),fts-mozart
worker:fts/initiate_transfer,worker,P0,real_source_running,compose:fts-worker-initiate-transfer,container for compose service fts-worker-initiate-transfer is Up 2 hours (healthy),fts-mozart;twin-inventory;zz-runtime-overlay
worker:fts/manual_action,worker,P1,real_source_mapped_not_running,,prod Deployment exists; not started in twin (no compose service),fts-mozart
worker:fts/mcs::init_and_check_status,worker,P1,real_source_mapped_not_running,,prod Deployment exists; not started in twin (no compose service),fts-mozart
worker:fts/ocbc::duitnow::initiate_transfer,worker,P1,real_source_mapped_not_running,,prod Deployment exists; not started in twin (no compose service),fts-mozart
worker:fts/one_off_db_processing,worker,P1,real_source_mapped_not_running,,prod Deployment exists; not started in twin (no compose service),fts-mozart
worker:fts/process_attempt,worker,P1,real_source_mapped_not_running,,prod Deployment exists; not started in twin (no compose service),fts-mozart
worker:fts/process_attempt_update,worker,P1,real_source_mapped_not_running,,prod Deployment exists; not started in twin (no compose service),fts-mozart
worker:fts/rbl::check_transfer_status,worker,P0,real_source_running,ENV2_COMPOSE/docker-compose.yml service `fts-worker-rbl-check-transfer-status`,running container env2_compose-fts-worker-rbl-check-transfer-status-1 (healthy); 13 of ~157 real FTS worker commands are wired (reports/fidelity/CURRENT_TWIN_FIDELITY.md gap #12),fts-mozart;twin-inventory
worker:fts/rbl::direct::check_transfer_status,worker,P0,real_source_mapped_not_running,,prod Deployment exists; not started in twin (no compose service) | blocked_by: no compose service for this FTS bank/channel worker; needs the [queue.worker_queue_map] key + mozart-sim gateway fixtures for that channel [ENV2_COMPOSE/FTS_WORKER_TOPOLOGY.md] | blocked_by: no compose service for this FTS bank/channel worker; needs the [queue.worker_queue_map] key + mozart-sim gateway fixtures for that channel [ENV2_COMPOSE/FTS_WORKER_TOPOLOGY.md] | blocked_by: no compose service for this FTS bank/channel worker; needs the [queue.worker_queue_map] key + mozart-sim gateway fixtures for that channel [ENV2_COMPOSE/FTS_WORKER_TOPOLOGY.md] | blocked_by: no compose service for this FTS bank/channel worker; needs the [queue.worker_queue_map] key + mozart-sim gateway fixtures for that channel [ENV2_COMPOSE/FTS_WORKER_TOPOLOGY.md],fts-mozart;zz-worker-gaps
worker:fts/rbl::direct::imps::check_transfer_status,worker,P0,real_source_running,ENV2_COMPOSE/docker-compose.yml service `fts-worker-rbl-direct-imps-check-transfer-status`,running container env2_compose-fts-worker-rbl-direct-imps-check-transfer-status-1 (healthy); 13 of ~157 real FTS worker commands are wired (reports/fidelity/CURRENT_TWIN_FIDELITY.md gap #12),fts-mozart;twin-inventory
worker:fts/rbl::direct::imps::hv::initiate_transfer,worker,P0,real_source_mapped_not_running,,prod Deployment exists; not started in twin (no compose service) | blocked_by: no compose service for this FTS bank/channel worker; needs the [queue.worker_queue_map] key + mozart-sim gateway fixtures for that channel [ENV2_COMPOSE/FTS_WORKER_TOPOLOGY.md] | blocked_by: no compose service for this FTS bank/channel worker; needs the [queue.worker_queue_map] key + mozart-sim gateway fixtures for that channel [ENV2_COMPOSE/FTS_WORKER_TOPOLOGY.md] | blocked_by: no compose service for this FTS bank/channel worker; needs the [queue.worker_queue_map] key + mozart-sim gateway fixtures for that channel [ENV2_COMPOSE/FTS_WORKER_TOPOLOGY.md] | blocked_by: no compose service for this FTS bank/channel worker; needs the [queue.worker_queue_map] key + mozart-sim gateway fixtures for that channel [ENV2_COMPOSE/FTS_WORKER_TOPOLOGY.md],fts-mozart;zz-worker-gaps
worker:fts/rbl::direct::imps::initiate_transfer,worker,P0,real_source_running,ENV2_COMPOSE/docker-compose.yml service `fts-worker-rbl-direct-imps-initiate-transfer`,running container env2_compose-fts-worker-rbl-direct-imps-initiate-transfer-1 (healthy); 13 of ~157 real FTS worker commands are wired (reports/fidelity/CURRENT_TWIN_FIDELITY.md gap #12),fts-mozart;twin-inventory
worker:fts/rbl::direct::initiate_transfer,worker,P0,real_source_mapped_not_running,,prod Deployment exists; not started in twin (no compose service) | blocked_by: no compose service for this FTS bank/channel worker; needs the [queue.worker_queue_map] key + mozart-sim gateway fixtures for that channel [ENV2_COMPOSE/FTS_WORKER_TOPOLOGY.md] | blocked_by: no compose service for this FTS bank/channel worker; needs the [queue.worker_queue_map] key + mozart-sim gateway fixtures for that channel [ENV2_COMPOSE/FTS_WORKER_TOPOLOGY.md] | blocked_by: no compose service for this FTS bank/channel worker; needs the [queue.worker_queue_map] key + mozart-sim gateway fixtures for that channel [ENV2_COMPOSE/FTS_WORKER_TOPOLOGY.md] | blocked_by: no compose service for this FTS bank/channel worker; needs the [queue.worker_queue_map] key + mozart-sim gateway fixtures for that channel [ENV2_COMPOSE/FTS_WORKER_TOPOLOGY.md],fts-mozart;zz-worker-gaps
worker:fts/rbl::direct::slow_lane::initiate_transfer,worker,P0,real_source_mapped_not_running,,prod Deployment exists; not started in twin (no compose service) | blocked_by: no compose service for this FTS bank/channel worker; needs the [queue.worker_queue_map] key + mozart-sim gateway fixtures for that channel [ENV2_COMPOSE/FTS_WORKER_TOPOLOGY.md] | blocked_by: no compose service for this FTS bank/channel worker; needs the [queue.worker_queue_map] key + mozart-sim gateway fixtures for that channel [ENV2_COMPOSE/FTS_WORKER_TOPOLOGY.md] | blocked_by: no compose service for this FTS bank/channel worker; needs the [queue.worker_queue_map] key + mozart-sim gateway fixtures for that channel [ENV2_COMPOSE/FTS_WORKER_TOPOLOGY.md] | blocked_by: no compose service for this FTS bank/channel worker; needs the [queue.worker_queue_map] key + mozart-sim gateway fixtures for that channel [ENV2_COMPOSE/FTS_WORKER_TOPOLOGY.md],fts-mozart;zz-worker-gaps
worker:fts/rbl::direct::upi::check_transfer_status,worker,P0,real_source_mapped_not_running,,prod Deployment exists; not started in twin (no compose service) | blocked_by: no compose service for this FTS bank/channel worker; needs the [queue.worker_queue_map] key + mozart-sim gateway fixtures for that channel [ENV2_COMPOSE/FTS_WORKER_TOPOLOGY.md] | blocked_by: no compose service for this FTS bank/channel worker; needs the [queue.worker_queue_map] key + mozart-sim gateway fixtures for that channel [ENV2_COMPOSE/FTS_WORKER_TOPOLOGY.md] | blocked_by: no compose service for this FTS bank/channel worker; needs the [queue.worker_queue_map] key + mozart-sim gateway fixtures for that channel [ENV2_COMPOSE/FTS_WORKER_TOPOLOGY.md] | blocked_by: no compose service for this FTS bank/channel worker; needs the [queue.worker_queue_map] key + mozart-sim gateway fixtures for that channel [ENV2_COMPOSE/FTS_WORKER_TOPOLOGY.md],fts-mozart;zz-worker-gaps
worker:fts/rbl::direct::upi::initiate_transfer,worker,P0,real_source_mapped_not_running,,prod Deployment exists; not started in twin (no compose service) | blocked_by: no compose service for this FTS bank/channel worker; needs the [queue.worker_queue_map] key + mozart-sim gateway fixtures for that channel [ENV2_COMPOSE/FTS_WORKER_TOPOLOGY.md] | blocked_by: no compose service for this FTS bank/channel worker; needs the [queue.worker_queue_map] key + mozart-sim gateway fixtures for that channel [ENV2_COMPOSE/FTS_WORKER_TOPOLOGY.md] | blocked_by: no compose service for this FTS bank/channel worker; needs the [queue.worker_queue_map] key + mozart-sim gateway fixtures for that channel [ENV2_COMPOSE/FTS_WORKER_TOPOLOGY.md] | blocked_by: no compose service for this FTS bank/channel worker; needs the [queue.worker_queue_map] key + mozart-sim gateway fixtures for that channel [ENV2_COMPOSE/FTS_WORKER_TOPOLOGY.md],fts-mozart;zz-worker-gaps
worker:fts/rbl::imps::check_transfer_status,worker,P0,real_source_running,ENV2_COMPOSE/docker-compose.yml service `fts-worker-rbl-imps-check-transfer-status`,running container env2_compose-fts-worker-rbl-imps-check-transfer-status-1 (healthy); 13 of ~157 real FTS worker commands are wired (reports/fidelity/CURRENT_TWIN_FIDELITY.md gap #12),fts-mozart;twin-inventory
worker:fts/rbl::imps::initiate_transfer,worker,P0,real_source_running,ENV2_COMPOSE/docker-compose.yml service `fts-worker-rbl-imps-initiate-transfer`,running container env2_compose-fts-worker-rbl-imps-initiate-transfer-1 (healthy); 13 of ~157 real FTS worker commands are wired (reports/fidelity/CURRENT_TWIN_FIDELITY.md gap #12),fts-mozart;twin-inventory
worker:fts/rbl::initiate_transfer,worker,P0,real_source_running,ENV2_COMPOSE/docker-compose.yml service `fts-worker-rbl-initiate-transfer`,running container env2_compose-fts-worker-rbl-initiate-transfer-1 (healthy); 13 of ~157 real FTS worker commands are wired (reports/fidelity/CURRENT_TWIN_FIDELITY.md gap #12),fts-mozart;twin-inventory
worker:fts/rbl::upi::check_transfer_status,worker,P0,real_source_mapped_not_running,,prod Deployment exists; not started in twin (no compose service) | blocked_by: no compose service for this FTS bank/channel worker; needs the [queue.worker_queue_map] key + mozart-sim gateway fixtures for that channel [ENV2_COMPOSE/FTS_WORKER_TOPOLOGY.md] | blocked_by: no compose service for this FTS bank/channel worker; needs the [queue.worker_queue_map] key + mozart-sim gateway fixtures for that channel [ENV2_COMPOSE/FTS_WORKER_TOPOLOGY.md] | blocked_by: no compose service for this FTS bank/channel worker; needs the [queue.worker_queue_map] key + mozart-sim gateway fixtures for that channel [ENV2_COMPOSE/FTS_WORKER_TOPOLOGY.md] | blocked_by: no compose service for this FTS bank/channel worker; needs the [queue.worker_queue_map] key + mozart-sim gateway fixtures for that channel [ENV2_COMPOSE/FTS_WORKER_TOPOLOGY.md],fts-mozart;zz-worker-gaps
worker:fts/rbl::upi::hv::check_transfer_status,worker,P0,real_source_mapped_not_running,,prod Deployment exists; not started in twin (no compose service) | blocked_by: no compose service for this FTS bank/channel worker; needs the [queue.worker_queue_map] key + mozart-sim gateway fixtures for that channel [ENV2_COMPOSE/FTS_WORKER_TOPOLOGY.md] | blocked_by: no compose service for this FTS bank/channel worker; needs the [queue.worker_queue_map] key + mozart-sim gateway fixtures for that channel [ENV2_COMPOSE/FTS_WORKER_TOPOLOGY.md] | blocked_by: no compose service for this FTS bank/channel worker; needs the [queue.worker_queue_map] key + mozart-sim gateway fixtures for that channel [ENV2_COMPOSE/FTS_WORKER_TOPOLOGY.md] | blocked_by: no compose service for this FTS bank/channel worker; needs the [queue.worker_queue_map] key + mozart-sim gateway fixtures for that channel [ENV2_COMPOSE/FTS_WORKER_TOPOLOGY.md],fts-mozart;zz-worker-gaps
worker:fts/rbl::upi::hv::initiate_transfer,worker,P0,real_source_mapped_not_running,,prod Deployment exists; not started in twin (no compose service) | blocked_by: no compose service for this FTS bank/channel worker; needs the [queue.worker_queue_map] key + mozart-sim gateway fixtures for that channel [ENV2_COMPOSE/FTS_WORKER_TOPOLOGY.md] | blocked_by: no compose service for this FTS bank/channel worker; needs the [queue.worker_queue_map] key + mozart-sim gateway fixtures for that channel [ENV2_COMPOSE/FTS_WORKER_TOPOLOGY.md] | blocked_by: no compose service for this FTS bank/channel worker; needs the [queue.worker_queue_map] key + mozart-sim gateway fixtures for that channel [ENV2_COMPOSE/FTS_WORKER_TOPOLOGY.md] | blocked_by: no compose service for this FTS bank/channel worker; needs the [queue.worker_queue_map] key + mozart-sim gateway fixtures for that channel [ENV2_COMPOSE/FTS_WORKER_TOPOLOGY.md],fts-mozart;zz-worker-gaps
worker:fts/rbl::upi::initiate_transfer,worker,P0,real_source_mapped_not_running,,prod Deployment exists; not started in twin (no compose service) | blocked_by: no compose service for this FTS bank/channel worker; needs the [queue.worker_queue_map] key + mozart-sim gateway fixtures for that channel [ENV2_COMPOSE/FTS_WORKER_TOPOLOGY.md] | blocked_by: no compose service for this FTS bank/channel worker; needs the [queue.worker_queue_map] key + mozart-sim gateway fixtures for that channel [ENV2_COMPOSE/FTS_WORKER_TOPOLOGY.md] | blocked_by: no compose service for this FTS bank/channel worker; needs the [queue.worker_queue_map] key + mozart-sim gateway fixtures for that channel [ENV2_COMPOSE/FTS_WORKER_TOPOLOGY.md] | blocked_by: no compose service for this FTS bank/channel worker; needs the [queue.worker_queue_map] key + mozart-sim gateway fixtures for that channel [ENV2_COMPOSE/FTS_WORKER_TOPOLOGY.md],fts-mozart;zz-worker-gaps
worker:fts/rbl::v4::init_and_check_status,worker,P1,real_source_mapped_not_running,,prod Deployment exists; not started in twin (no compose service),fts-mozart
worker:fts/rbl::v5::check_transfer_status,worker,P0,real_source_mapped_not_running,,"prod Deployment exists; not started in twin (no compose service) | blocked_by: no compose service for this FTS bank/channel worker; needs the [queue.worker_queue_map] key + mozart-sim gateway fixtures for that channel [ENV2_COMPOSE/FTS_WORKER_TOPOLOGY.md] | blocked_by: [queue.worker_queue_map] key ""rbl::v5::check_transfer_status"" does not exist in the FTS repo config (neither in the cloned fts/config/env.default.toml nor in the twin's byte-identical copy). Per the map's own contract an unmapped -command falls back to DEFAULT_QUEUE=""default"", so adding this worker would put a second consumer on the shared `default` queue and silently steal tasks from fts-worker-default -- a topology REGRESSION, not a gain. Prod gets the mapping from the out-of-band `fts-app-config` ConfigMap, which is mounted by every fts Deployment but is not defined anywhere in kube-manifests, so there is no real value to copy. Needs: the real rbl_v5_* queue-name pair from the external fts config source. [ENV2_COMPOSE/config/templates/base/fts/env.default.toml:113 (fallback rule) and :106-289 (no rbl::v5 key); kube-manifests/templates/fts/templates/fts-live-worker-rbl-v5-initiate-transfer-deployment.yaml:100-104 (configMap fts-app-config, undefined in kube-manifests)] | blocked_by: [queue.worker_queue_map] key ""rbl::v5::check_transfer_status"" does not exist in the FTS repo config (neither in the cloned fts/config/env.default.toml nor in the twin's byte-identical copy). Per the map's own contract an unmapped -command falls back to DEFAULT_QUEUE=""default"", so adding this worker would put a second consumer on the shared `default` queue and silently steal tasks from fts-worker-default -- a topology REGRESSION, not a gain. Prod gets the mapping from the out-of-band `fts-app-config` ConfigMap, which is mounted by every fts Deployment but is not defined anywhere in kube-manifests, so there is no real value to copy. Needs: the real rbl_v5_* queue-name pair from the external fts config source. [ENV2_COMPOSE/config/templates/base/fts/env.default.toml:113 (fallback rule) and :106-289 (no rbl::v5 key); kube-manifests/templates/fts/templates/fts-live-worker-rbl-v5-initiate-transfer-deployment.yaml:100-104 (configMap fts-app-config, undefined in kube-manifests)] | blocked_by: [queue.worker_queue_map] key ""rbl::v5::check_transfer_status"" does not exist in the FTS repo config (neither in the cloned fts/config/env.default.toml nor in the twin's byte-identical copy). Per the map's own contract an unmapped -command falls back to DEFAULT_QUEUE=""default"", so adding this worker would put a second consumer on the shared `default` queue and silently steal tasks from fts-worker-default -- a topology REGRESSION, not a gain. Prod gets the mapping from the out-of-band `fts-app-config` ConfigMap, which is mounted by every fts Deployment but is not defined anywhere in kube-manifests, so there is no real value to copy. Needs: the real rbl_v5_* queue-name pair from the external fts config source. [ENV2_COMPOSE/config/templates/base/fts/env.default.toml:113 (fallback rule) and :106-289 (no rbl::v5 key); kube-manifests/templates/fts/templates/fts-live-worker-rbl-v5-initiate-transfer-deployment.yaml:100-104 (configMap fts-app-config, undefined in kube-manifests)]",fts-mozart;zz-worker-gaps
worker:fts/rbl::v5::initiate_transfer,worker,P0,real_source_mapped_not_running,,"prod Deployment exists; not started in twin (no compose service) | blocked_by: no compose service for this FTS bank/channel worker; needs the [queue.worker_queue_map] key + mozart-sim gateway fixtures for that channel [ENV2_COMPOSE/FTS_WORKER_TOPOLOGY.md] | blocked_by: [queue.worker_queue_map] key ""rbl::v5::initiate_transfer"" does not exist in the FTS repo config (neither in the cloned fts/config/env.default.toml nor in the twin's byte-identical copy). Per the map's own contract an unmapped -command falls back to DEFAULT_QUEUE=""default"", so adding this worker would put a second consumer on the shared `default` queue and silently steal tasks from fts-worker-default -- a topology REGRESSION, not a gain. Prod gets the mapping from the out-of-band `fts-app-config` ConfigMap, which is mounted by every fts Deployment but is not defined anywhere in kube-manifests, so there is no real value to copy. Needs: the real rbl_v5_* queue-name pair from the external fts config source. [ENV2_COMPOSE/config/templates/base/fts/env.default.toml:113 (fallback rule) and :106-289 (no rbl::v5 key); kube-manifests/templates/fts/templates/fts-live-worker-rbl-v5-initiate-transfer-deployment.yaml:100-104 (configMap fts-app-config, undefined in kube-manifests)] | blocked_by: [queue.worker_queue_map] key ""rbl::v5::initiate_transfer"" does not exist in the FTS repo config (neither in the cloned fts/config/env.default.toml nor in the twin's byte-identical copy). Per the map's own contract an unmapped -command falls back to DEFAULT_QUEUE=""default"", so adding this worker would put a second consumer on the shared `default` queue and silently steal tasks from fts-worker-default -- a topology REGRESSION, not a gain. Prod gets the mapping from the out-of-band `fts-app-config` ConfigMap, which is mounted by every fts Deployment but is not defined anywhere in kube-manifests, so there is no real value to copy. Needs: the real rbl_v5_* queue-name pair from the external fts config source. [ENV2_COMPOSE/config/templates/base/fts/env.default.toml:113 (fallback rule) and :106-289 (no rbl::v5 key); kube-manifests/templates/fts/templates/fts-live-worker-rbl-v5-initiate-transfer-deployment.yaml:100-104 (configMap fts-app-config, undefined in kube-manifests)] | blocked_by: [queue.worker_queue_map] key ""rbl::v5::initiate_transfer"" does not exist in the FTS repo config (neither in the cloned fts/config/env.default.toml nor in the twin's byte-identical copy). Per the map's own contract an unmapped -command falls back to DEFAULT_QUEUE=""default"", so adding this worker would put a second consumer on the shared `default` queue and silently steal tasks from fts-worker-default -- a topology REGRESSION, not a gain. Prod gets the mapping from the out-of-band `fts-app-config` ConfigMap, which is mounted by every fts Deployment but is not defined anywhere in kube-manifests, so there is no real value to copy. Needs: the real rbl_v5_* queue-name pair from the external fts config source. [ENV2_COMPOSE/config/templates/base/fts/env.default.toml:113 (fallback rule) and :106-289 (no rbl::v5 key); kube-manifests/templates/fts/templates/fts-live-worker-rbl-v5-initiate-transfer-deployment.yaml:100-104 (configMap fts-app-config, undefined in kube-manifests)]",fts-mozart;zz-worker-gaps
worker:fts/rbl_check_bulk_transfer_status,worker,P1,real_source_mapped_not_running,,prod Deployment exists; not started in twin (no compose service),fts-mozart
worker:fts/rbl_initiate_attempt_bulk,worker,P1,real_source_mapped_not_running,,prod Deployment exists; not started in twin (no compose service),fts-mozart
worker:fts/rbl_process_attempt_bulk,worker,P1,real_source_mapped_not_running,,prod Deployment exists; not started in twin (no compose service),fts-mozart
worker:fts/register_beneficiary,worker,P1,real_source_mapped_not_running,,prod Deployment exists; not started in twin (no compose service),fts-mozart
worker:fts/retry_preprocessor_status_update,worker,P1,real_source_mapped_not_running,,prod Deployment exists; not started in twin (no compose service),fts-mozart
worker:fts/retry_transfer,worker,P0,real_source_running,compose:fts-worker-retry-transfer,container for compose service fts-worker-retry-transfer is Up 2 hours (healthy),fts-mozart;twin-inventory;zz-runtime-overlay
worker:fts/retry_transfer_preprocessor,worker,P0,real_source_running,compose:fts-worker-retry-transfer-preprocessor,container for compose service fts-worker-retry-transfer-preprocessor is Up 2 hours (healthy),fts-mozart;twin-inventory;zz-runtime-overlay
worker:fts/retry_transfer_source_update,worker,P0,real_source_running,compose:fts-worker-retry-transfer-source-update,container for compose service fts-worker-retry-transfer-source-update is Up 2 hours (healthy),fts-mozart;twin-inventory;zz-runtime-overlay
worker:fts/slice::direct::imps::check_transfer_status,worker,P1,real_source_mapped_not_running,,prod Deployment exists; not started in twin (no compose service),fts-mozart
worker:fts/slice::direct::imps::initiate_transfer,worker,P1,real_source_mapped_not_running,,prod Deployment exists; not started in twin (no compose service),fts-mozart
worker:fts/slice::direct::neft::check_transfer_status,worker,P1,real_source_mapped_not_running,,prod Deployment exists; not started in twin (no compose service),fts-mozart
worker:fts/slice::direct::neft::initiate_transfer,worker,P1,real_source_mapped_not_running,,prod Deployment exists; not started in twin (no compose service),fts-mozart
worker:fts/slice::direct::rtgs::check_transfer_status,worker,P1,real_source_mapped_not_running,,prod Deployment exists; not started in twin (no compose service),fts-mozart
worker:fts/slice::direct::rtgs::initiate_transfer,worker,P1,real_source_mapped_not_running,,prod Deployment exists; not started in twin (no compose service),fts-mozart
worker:fts/slice::direct::upi::check_transfer_status,worker,P1,real_source_mapped_not_running,,prod Deployment exists; not started in twin (no compose service),fts-mozart
worker:fts/slice::direct::upi::initiate_transfer,worker,P1,real_source_mapped_not_running,,prod Deployment exists; not started in twin (no compose service),fts-mozart
worker:fts/slice::imps::check_transfer_status,worker,P1,real_source_mapped_not_running,,prod Deployment exists; not started in twin (no compose service),fts-mozart
worker:fts/slice::imps::initiate_transfer,worker,P1,real_source_mapped_not_running,,prod Deployment exists; not started in twin (no compose service),fts-mozart
worker:fts/slice::neft::check_transfer_status,worker,P1,real_source_mapped_not_running,,prod Deployment exists; not started in twin (no compose service),fts-mozart
worker:fts/slice::neft::initiate_transfer,worker,P1,real_source_mapped_not_running,,prod Deployment exists; not started in twin (no compose service),fts-mozart
worker:fts/slice::rtgs::check_transfer_status,worker,P1,real_source_mapped_not_running,,prod Deployment exists; not started in twin (no compose service),fts-mozart
worker:fts/slice::rtgs::initiate_transfer,worker,P1,real_source_mapped_not_running,,prod Deployment exists; not started in twin (no compose service),fts-mozart
worker:fts/slice::upi::check_transfer_status,worker,P1,real_source_mapped_not_running,,prod Deployment exists; not started in twin (no compose service),fts-mozart
worker:fts/slice::upi::initiate_transfer,worker,P1,real_source_mapped_not_running,,prod Deployment exists; not started in twin (no compose service),fts-mozart
worker:fts/slice::v1::imps::check_transfer_status,worker,P1,real_source_mapped_not_running,,prod Deployment exists; not started in twin (no compose service),fts-mozart
worker:fts/slice::v1::imps::initiate_transfer,worker,P1,real_source_mapped_not_running,,prod Deployment exists; not started in twin (no compose service),fts-mozart
worker:fts/slice::v1::upi::check_transfer_status,worker,P1,real_source_mapped_not_running,,prod Deployment exists; not started in twin (no compose service),fts-mozart
worker:fts/slice::v1::upi::initiate_transfer,worker,P1,real_source_mapped_not_running,,prod Deployment exists; not started in twin (no compose service),fts-mozart
worker:fts/slow_lane::initiate_transfer,worker,P0,real_source_mapped_not_running,,prod Deployment exists; not started in twin (no compose service) | blocked_by: no compose service for this FTS bank/channel worker; needs the [queue.worker_queue_map] key + mozart-sim gateway fixtures for that channel [ENV2_COMPOSE/FTS_WORKER_TOPOLOGY.md] | blocked_by: no compose service for this FTS bank/channel worker; needs the [queue.worker_queue_map] key + mozart-sim gateway fixtures for that channel [ENV2_COMPOSE/FTS_WORKER_TOPOLOGY.md] | blocked_by: no compose service for this FTS bank/channel worker; needs the [queue.worker_queue_map] key + mozart-sim gateway fixtures for that channel [ENV2_COMPOSE/FTS_WORKER_TOPOLOGY.md] | blocked_by: no compose service for this FTS bank/channel worker; needs the [queue.worker_queue_map] key + mozart-sim gateway fixtures for that channel [ENV2_COMPOSE/FTS_WORKER_TOPOLOGY.md],fts-mozart;zz-worker-gaps
worker:fts/test_transactions,worker,P1,real_source_mapped_not_running,,prod Deployment exists; not started in twin (no compose service),fts-mozart
worker:fts/verify_beneficiary,worker,P1,real_source_mapped_not_running,,prod Deployment exists; not started in twin (no compose service),fts-mozart
worker:fts/yesbank::direct::upi::check_transfer_status,worker,P1,real_source_mapped_not_running,,prod Deployment exists; not started in twin (no compose service),fts-mozart
worker:fts/yesbank::direct::upi::initiate_transfer,worker,P1,real_source_mapped_not_running,,prod Deployment exists; not started in twin (no compose service),fts-mozart
worker:fts/yesbank::ift::check_transfer_status::dummy,worker,P1,real_source_mapped_not_running,,prod Deployment exists; not started in twin (no compose service),fts-mozart
worker:fts/yesbank::imps::check_transfer_status,worker,P1,real_source_mapped_not_running,,prod Deployment exists; not started in twin (no compose service),fts-mozart
worker:fts/yesbank::imps::hv::check_transfer_status,worker,P1,real_source_mapped_not_running,,prod Deployment exists; not started in twin (no compose service),fts-mozart
worker:fts/yesbank::imps::hv::initiate_transfer,worker,P1,real_source_mapped_not_running,,prod Deployment exists; not started in twin (no compose service),fts-mozart
worker:fts/yesbank::initiate_transfer,worker,P1,real_source_mapped_not_running,,prod Deployment exists; not started in twin (no compose service),fts-mozart
worker:fts/yesbank::neft::check_transfer_status,worker,P1,real_source_mapped_not_running,,prod Deployment exists; not started in twin (no compose service),fts-mozart
worker:fts/yesbank::neft::hv::check_transfer_status,worker,P1,real_source_mapped_not_running,,prod Deployment exists; not started in twin (no compose service),fts-mozart
worker:fts/yesbank::neft::hv::initiate_transfer,worker,P1,real_source_mapped_not_running,,prod Deployment exists; not started in twin (no compose service),fts-mozart
worker:fts/yesbank::neft::initiate_transfer,worker,P1,real_source_mapped_not_running,,prod Deployment exists; not started in twin (no compose service),fts-mozart
worker:fts/yesbank::neft::lv::check_transfer_status,worker,P1,real_source_mapped_not_running,,prod Deployment exists; not started in twin (no compose service),fts-mozart
worker:fts/yesbank::neft::lv::initiate_transfer,worker,P1,real_source_mapped_not_running,,prod Deployment exists; not started in twin (no compose service),fts-mozart
worker:fts/yesbank::rtgs::check_transfer_status,worker,P1,real_source_mapped_not_running,,prod Deployment exists; not started in twin (no compose service),fts-mozart
worker:fts/yesbank::rtgs::initiate_transfer,worker,P1,real_source_mapped_not_running,,prod Deployment exists; not started in twin (no compose service),fts-mozart
worker:fts/yesbank::rx_wallet::check_transfer_status,worker,P1,real_source_mapped_not_running,,prod Deployment exists; not started in twin (no compose service),fts-mozart
worker:fts/yesbank::rx_wallet::imps::check_transfer_status,worker,P1,real_source_mapped_not_running,,prod Deployment exists; not started in twin (no compose service),fts-mozart
worker:fts/yesbank::rx_wallet::imps::initiate_transfer,worker,P1,real_source_mapped_not_running,,prod Deployment exists; not started in twin (no compose service),fts-mozart
worker:fts/yesbank::rx_wallet::initiate_transfer,worker,P1,real_source_mapped_not_running,,prod Deployment exists; not started in twin (no compose service),fts-mozart
worker:fts/yesbank::upi::check_transfer_status,worker,P1,real_source_mapped_not_running,,prod Deployment exists; not started in twin (no compose service),fts-mozart
worker:fts/yesbank::upi::hv::check_transfer_status,worker,P1,real_source_mapped_not_running,,prod Deployment exists; not started in twin (no compose service),fts-mozart
worker:fts/yesbank::upi::hv::initiate_transfer,worker,P1,real_source_mapped_not_running,,prod Deployment exists; not started in twin (no compose service),fts-mozart
worker:fts/yesbank::upi::initiate_transfer,worker,P1,real_source_mapped_not_running,,prod Deployment exists; not started in twin (no compose service),fts-mozart
worker:fts/yesbank::v2::imps::check_transfer_status,worker,P1,real_source_mapped_not_running,,prod Deployment exists; not started in twin (no compose service),fts-mozart
worker:fts/yesbank::v2::imps::initiate_transfer,worker,P1,real_source_mapped_not_running,,prod Deployment exists; not started in twin (no compose service),fts-mozart
worker:fts/yesbank::v3::imps::check_transfer_status,worker,P1,real_source_mapped_not_running,,prod Deployment exists; not started in twin (no compose service),fts-mozart
worker:fts/yesbank::v3::imps::initiate_transfer,worker,P1,real_source_mapped_not_running,,prod Deployment exists; not started in twin (no compose service),fts-mozart
worker:fts/yesbank::v3::neft::check_transfer_status,worker,P1,real_source_mapped_not_running,,prod Deployment exists; not started in twin (no compose service),fts-mozart
worker:fts/yesbank::v3::neft::initiate_transfer,worker,P1,real_source_mapped_not_running,,prod Deployment exists; not started in twin (no compose service),fts-mozart
worker:fts/yesbank::v3::rtgs::check_transfer_status,worker,P1,real_source_mapped_not_running,,prod Deployment exists; not started in twin (no compose service),fts-mozart
worker:fts/yesbank::v3::rtgs::initiate_transfer,worker,P1,real_source_mapped_not_running,,prod Deployment exists; not started in twin (no compose service),fts-mozart
worker:ledger/account_create,worker,P0,real_source_running,ENV2_COMPOSE/docker-compose.yml service `ledger-worker`,running container env2_compose-ledger-worker-1 (healthy),money-and-statements;twin-inventory
worker:ledger/balance_update,worker,P0,real_source_running,compose:ledger-worker-balance-update,container for compose service ledger-worker-balance-update is Up 2 hours (healthy),money-and-statements;twin-inventory;zz-runtime-overlay
worker:ledger/balance_update_pg,worker,P2,real_source_mapped_not_running,not in compose (db.pg disabled),source read; no runtime,money-and-statements
worker:ledger/journal_create,worker,P0,real_source_running,compose:ledger-worker-journal-create,container for compose service ledger-worker-journal-create is Up 2 hours (healthy),money-and-statements;twin-inventory;zz-runtime-overlay
worker:ledger/ledger_entry_details_create,worker,P0,real_source_running,ENV2_COMPOSE/docker-compose.yml service `ledger-worker-entry-details-create`,running container env2_compose-ledger-worker-entry-details-create-1 (healthy),money-and-statements;twin-inventory
worker:ledger/ledger_entry_details_create_pg,worker,P0,real_source_running,ENV2_COMPOSE/docker-compose.yml service `ledger-worker-entry-details-create-pg`,running container env2_compose-ledger-worker-entry-details-create-pg-1 (healthy),money-and-statements;twin-inventory
worker:ledger/outbox_relay,worker,P2,real_source_mapped_not_running,no deployment template found in kube-manifests/templates/ledger; twin: not run,source read; no runtime,money-and-statements
worker:ledger/scheduler,worker,P1,real_source_mapped_not_running,compose:ledger-scheduler,container for compose service ledger-scheduler is Exited (0) 2 hours ago,money-and-statements;twin-inventory;zz-runtime-overlay
worker:ledger/worker_kafka,worker,P2,real_source_mapped_not_running,,source read; no runtime,money-and-statements
worker:ledger/worker_makeshift_txn,worker,P2,real_source_mapped_not_running,,source read; no runtime,money-and-statements
worker:mozart/mozart,worker,P0,graph_only,sub:mozart-sim,"mozart-sim replaces the real gateway in the twin | blocked_by: real Mozart binary is unbuildable for this identity: private Go module github.com/razorpay/integrations-utils (404); mozart-sim (contract-faithful, RBL-only fixtures) stands in [ENV2_COMPOSE/substitutes/mozart-sim/CONTRACT.md; .env.arena MOZART note] | blocked_by: real Mozart binary is unbuildable for this identity: private Go module github.com/razorpay/integrations-utils (404); mozart-sim (contract-faithful, RBL-only fixtures) stands in [ENV2_COMPOSE/substitutes/mozart-sim/CONTRACT.md; .env.arena MOZART note] | blocked_by: real Mozart binary is unbuildable for this identity: private Go module github.com/razorpay/integrations-utils (404); mozart-sim (contract-faithful, RBL-only fixtures) stands in [ENV2_COMPOSE/substitutes/mozart-sim/CONTRACT.md; .env.arena MOZART note] | blocked_by: real Mozart binary is unbuildable for this identity: private Go module github.com/razorpay/integrations-utils (404); mozart-sim (contract-faithful, RBL-only fixtures) stands in [ENV2_COMPOSE/substitutes/mozart-sim/CONTRACT.md; .env.arena MOZART note]",external-config-deploy;zz-worker-gaps
worker:mozart/mozart-baseline,worker,P0,graph_only,sub:mozart-sim,"mozart-sim replaces the real gateway in the twin | blocked_by: real Mozart binary is unbuildable for this identity: private Go module github.com/razorpay/integrations-utils (404); mozart-sim (contract-faithful, RBL-only fixtures) stands in [ENV2_COMPOSE/substitutes/mozart-sim/CONTRACT.md; .env.arena MOZART note] | blocked_by: real Mozart binary is unbuildable for this identity: private Go module github.com/razorpay/integrations-utils (404); mozart-sim (contract-faithful, RBL-only fixtures) stands in [ENV2_COMPOSE/substitutes/mozart-sim/CONTRACT.md; .env.arena MOZART note] | blocked_by: real Mozart binary is unbuildable for this identity: private Go module github.com/razorpay/integrations-utils (404); mozart-sim (contract-faithful, RBL-only fixtures) stands in [ENV2_COMPOSE/substitutes/mozart-sim/CONTRACT.md; .env.arena MOZART note] | blocked_by: real Mozart binary is unbuildable for this identity: private Go module github.com/razorpay/integrations-utils (404); mozart-sim (contract-faithful, RBL-only fixtures) stands in [ENV2_COMPOSE/substitutes/mozart-sim/CONTRACT.md; .env.arena MOZART note]",external-config-deploy;zz-worker-gaps
worker:mozart/mozart-canary,worker,P0,graph_only,sub:mozart-sim,"mozart-sim replaces the real gateway in the twin | blocked_by: real Mozart binary is unbuildable for this identity: private Go module github.com/razorpay/integrations-utils (404); mozart-sim (contract-faithful, RBL-only fixtures) stands in [ENV2_COMPOSE/substitutes/mozart-sim/CONTRACT.md; .env.arena MOZART note] | blocked_by: real Mozart binary is unbuildable for this identity: private Go module github.com/razorpay/integrations-utils (404); mozart-sim (contract-faithful, RBL-only fixtures) stands in [ENV2_COMPOSE/substitutes/mozart-sim/CONTRACT.md; .env.arena MOZART note] | blocked_by: real Mozart binary is unbuildable for this identity: private Go module github.com/razorpay/integrations-utils (404); mozart-sim (contract-faithful, RBL-only fixtures) stands in [ENV2_COMPOSE/substitutes/mozart-sim/CONTRACT.md; .env.arena MOZART note] | blocked_by: real Mozart binary is unbuildable for this identity: private Go module github.com/razorpay/integrations-utils (404); mozart-sim (contract-faithful, RBL-only fixtures) stands in [ENV2_COMPOSE/substitutes/mozart-sim/CONTRACT.md; .env.arena MOZART note]",external-config-deploy;zz-worker-gaps
worker:mozart/mozart-worker,worker,P0,graph_only,sub:mozart-sim,"mozart-sim replaces the real gateway in the twin | blocked_by: real Mozart binary is unbuildable for this identity: private Go module github.com/razorpay/integrations-utils (404); mozart-sim (contract-faithful, RBL-only fixtures) stands in [ENV2_COMPOSE/substitutes/mozart-sim/CONTRACT.md; .env.arena MOZART note] | blocked_by: real Mozart binary is unbuildable for this identity: private Go module github.com/razorpay/integrations-utils (404); mozart-sim (contract-faithful, RBL-only fixtures) stands in [ENV2_COMPOSE/substitutes/mozart-sim/CONTRACT.md; .env.arena MOZART note] | blocked_by: real Mozart binary is unbuildable for this identity: private Go module github.com/razorpay/integrations-utils (404); mozart-sim (contract-faithful, RBL-only fixtures) stands in [ENV2_COMPOSE/substitutes/mozart-sim/CONTRACT.md; .env.arena MOZART note] | blocked_by: real Mozart binary is unbuildable for this identity: private Go module github.com/razorpay/integrations-utils (404); mozart-sim (contract-faithful, RBL-only fixtures) stands in [ENV2_COMPOSE/substitutes/mozart-sim/CONTRACT.md; .env.arena MOZART note]",external-config-deploy;zz-worker-gaps
worker:payouts/api_queue_for_async_dual_write_direct_push,worker,P1,real_source_running,compose:payouts-worker-api-queue-for-async-dual-write-direct-push,container for compose service payouts-worker-api-queue-for-async-dual-write-direct-push is Up 2 hours (healthy),payouts-core;zz-runtime-overlay
worker:payouts/async_dual_write,worker,P1,real_source_running,compose:payouts-worker-async-dual-write,container for compose service payouts-worker-async-dual-write is Up 2 hours (healthy),external-config-deploy;payouts-core;twin-inventory;zz-runtime-overlay
worker:payouts/batch_submitted_merchants,worker,P1,real_source_running,compose:payouts-worker-batch-submitted-merchants,container for compose service payouts-worker-batch-submitted-merchants is Up 2 hours (healthy),external-config-deploy;payouts-core;zz-runtime-overlay
worker:payouts/bulk_payouts,worker,P1,real_source_running,compose:payouts-worker-bulk-payouts,container for compose service payouts-worker-bulk-payouts is Up 2 hours (healthy),external-config-deploy;payouts-core;zz-runtime-overlay
worker:payouts/data_consistency_checker,worker,P1,real_source_running,compose:payouts-worker-data-consistency-checker,container for compose service payouts-worker-data-consistency-checker is Up 2 hours (healthy),external-config-deploy;payouts-core;zz-runtime-overlay
worker:payouts/data_consistency_event,worker,P1,real_source_running,compose:payouts-worker-data-consistency-event,container for compose service payouts-worker-data-consistency-event is Up 2 hours (healthy),external-config-deploy;payouts-core;zz-runtime-overlay
worker:payouts/fts_async_hv_processing,worker,P0,real_source_running,compose:payouts-worker-fts-async-hv-processing,container for compose service payouts-worker-fts-async-hv-processing is Up 2 hours (healthy),external-config-deploy;payouts-core;twin-inventory;zz-runtime-overlay
worker:payouts/fts_async_processing,worker,P0,real_source_running,compose:payouts-worker-fts-async-processing,container for compose service payouts-worker-fts-async-processing is Up 31 minutes (healthy),external-config-deploy;payouts-core;twin-inventory;zz-runtime-overlay
worker:payouts/fts_status_updates,worker,P1,real_source_running,ENV2_COMPOSE/docker-compose.yml service `payouts-kafka-fts-status-updates-consumer`,running container env2_compose-payouts-kafka-fts-status-updates-consumer-1; NOTE the FTS producer leg is OFF in the default `monolith` route profile (config/routes.py PROFILES['monolith'].kafka=false) so this consumer receives nothing unless ARENA_ROUTE_PROFILE=kafka,external-config-deploy;payouts-core;twin-inventory
worker:payouts/fts_status_updates_retry,worker,P1,real_source_running,ENV2_COMPOSE/docker-compose.yml service `payouts-kafka-fts-status-updates-retry-consumer`,running container env2_compose-payouts-kafka-fts-status-updates-retry-consumer-1; NOTE the FTS producer leg is OFF in the default `monolith` route profile (config/routes.py PROFILES['monolith'].kafka=false) so this consumer receives nothing unless ARENA_ROUTE_PROFILE=kafka,external-config-deploy;payouts-core;twin-inventory
worker:payouts/fund_management_payout_check,worker,P1,real_source_running,compose:payouts-worker-fund-management-payout-check,container for compose service payouts-worker-fund-management-payout-check is Up 2 hours (healthy),external-config-deploy;payouts-core;zz-runtime-overlay
worker:payouts/fund_management_payout_initiate,worker,P1,real_source_running,compose:payouts-worker-fund-management-payout-initiate,container for compose service payouts-worker-fund-management-payout-initiate is Up 2 hours (healthy),external-config-deploy;payouts-core;zz-runtime-overlay
worker:payouts/generic_processing,worker,P1,real_source_running,compose:payouts-worker-generic-processing,container for compose service payouts-worker-generic-processing is Up 2 hours (healthy),external-config-deploy;payouts-core;twin-inventory;zz-runtime-overlay
worker:payouts/mail_and_sms_event,worker,P1,graph_only,,prod-only: no compose service exists for this worker,external-config-deploy
worker:payouts/on_hold_payout,worker,P1,real_source_running,compose:payouts-worker-on-hold-payout,container for compose service payouts-worker-on-hold-payout is Up 2 hours (healthy),external-config-deploy;payouts-core;twin-inventory;zz-runtime-overlay
worker:payouts/partner_bank_hold_payouts,worker,P1,real_source_running,compose:payouts-worker-partner-bank-hold-payouts,container for compose service payouts-worker-partner-bank-hold-payouts is Up 2 hours (healthy),external-config-deploy;payouts-core;twin-inventory;zz-runtime-overlay
worker:payouts/payout_create_failure_handling,worker,P0,real_source_running,compose:payouts-worker-payout-create-failure-handling,container for compose service payouts-worker-payout-create-failure-handling is Up 2 hours (healthy),external-config-deploy;money-and-statements;payouts-core;twin-inventory;zz-runtime-overlay
worker:payouts/payout_source_updater,worker,P1,real_source_running,compose:payouts-worker-payout-source-updater,container for compose service payouts-worker-payout-source-updater is Up 2 hours (healthy),external-config-deploy;payouts-core;twin-inventory;zz-runtime-overlay
worker:payouts/payout_update_failure_handling,worker,P0,real_source_running,compose:payouts-worker-payout-update-failure-handling,container for compose service payouts-worker-payout-update-failure-handling is Up 2 hours (healthy),external-config-deploy;money-and-statements;payouts-core;twin-inventory;zz-runtime-overlay
worker:payouts/payout_usage_event_processing,worker,P1,real_source_running,compose:payouts-worker-payout-usage-event-processing,container for compose service payouts-worker-payout-usage-event-processing is Up 2 hours (healthy),external-config-deploy;payouts-core;zz-runtime-overlay
worker:payouts/queued_payout,worker,P0,real_source_running,compose:payouts-worker-queued-payout,container for compose service payouts-worker-queued-payout is Up 2 hours (healthy),external-config-deploy;payouts-core;twin-inventory;zz-runtime-overlay
worker:payouts/rbl_banking_account_statement,worker,P0,real_source_running,compose:payouts-worker-rbl-banking-account-statement,container for compose service payouts-worker-rbl-banking-account-statement is Up 2 hours (healthy),external-config-deploy;money-and-statements;payouts-core;twin-inventory;zz-runtime-overlay
worker:payouts/schedule_payout,worker,P0,real_source_running,compose:payouts-worker-schedule-payout,container for compose service payouts-worker-schedule-payout is Up 2 hours (healthy),external-config-deploy;payouts-core;twin-inventory;zz-runtime-overlay
worker:payouts/transaction_create,worker,P0,real_source_running,compose:payouts-worker-transaction-create,container for compose service payouts-worker-transaction-create is Up 2 hours (healthy),external-config-deploy;payouts-core;twin-inventory;zz-runtime-overlay
worker:payouts/update_source_event,worker,P1,graph_only,,prod-only: no compose service exists for this worker,external-config-deploy
worker:payouts/webhook_event,worker,P0,real_source_running,compose:payouts-worker-webhook-event,container for compose service payouts-worker-webhook-event is Up 31 minutes (healthy),external-config-deploy;payouts-core;twin-inventory;zz-runtime-overlay
worker:payouts/x_account_statement_source_event,worker,P1,real_source_running,compose:payouts-worker-x-account-statement-source-event,container for compose service payouts-worker-x-account-statement-source-event is Up 2 hours (healthy),payouts-core;zz-runtime-overlay
worker:payouts/x_balance_payouts_event,worker,P1,real_source_running,compose:payouts-worker-x-balance-payouts-event,container for compose service payouts-worker-x-balance-payouts-event is Up 2 hours (healthy),payouts-core;zz-runtime-overlay
worker:payouts/x_balances_balance_refresh,worker,P0,real_source_running,compose:payouts-worker-x-balances-balance-refresh,container for compose service payouts-worker-x-balances-balance-refresh is Up 2 hours (healthy),external-config-deploy;money-and-statements;payouts-core;twin-inventory;zz-runtime-overlay
worker:recon/recon-file-fetch-sqs,worker,P2,graph_only,,,money-and-statements
worker:recon/recon-prs-kafka-consumer,worker,P2,graph_only,,,money-and-statements
worker:recon/recon-rq-scheduler,worker,P2,graph_only,,,money-and-statements
worker:recon/recon-rq-worker,worker,P2,graph_only,,,money-and-statements
worker:recon/recon-spark-job-orchestrator,worker,P2,graph_only,,,money-and-statements
worker:recon/recon-workflow-kafka-consumer,worker,P1,graph_only,,,money-and-statements
worker:s2p/s2p-accounting-integrations-worker_or_job-1be27587b5761be1,worker,P2,real_source_mapped_not_running,,architecture-inventory.json representation_status,zz-s2p-namespace
worker:s2p/s2p-accounting-integrations-worker_or_job-4ecccc7e5438d4a6,worker,P2,real_source_mapped_not_running,,architecture-inventory.json representation_status,zz-s2p-namespace
worker:s2p/s2p-accounting-integrations-worker_or_job-6af18b546265189a,worker,P2,real_source_mapped_not_running,,architecture-inventory.json representation_status,zz-s2p-namespace
worker:s2p/s2p-accounting-integrations-worker_or_job-71ba4161ce7c3907,worker,P2,real_source_mapped_not_running,,architecture-inventory.json representation_status,zz-s2p-namespace
worker:s2p/s2p-accounting-integrations-worker_or_job-819cc55c4fbecfab,worker,P2,real_source_mapped_not_running,,architecture-inventory.json representation_status,zz-s2p-namespace
worker:s2p/s2p-accounting-integrations-worker_or_job-8c86692257fc5f65,worker,P2,real_source_mapped_not_running,,architecture-inventory.json representation_status,zz-s2p-namespace
worker:s2p/s2p-accounting-integrations-worker_or_job-af92faf85df9261b,worker,P2,real_source_mapped_not_running,,architecture-inventory.json representation_status,zz-s2p-namespace
worker:s2p/s2p-accounting-integrations-worker_or_job-b0b1d3c95cd05ae9,worker,P2,real_source_mapped_not_running,,architecture-inventory.json representation_status,zz-s2p-namespace
worker:s2p/s2p-accounting-integrations-worker_or_job-cc614d47f8a556b4,worker,P2,real_source_mapped_not_running,,architecture-inventory.json representation_status,zz-s2p-namespace
worker:s2p/s2p-vendor-payments-worker_or_job-078d5d3b7acb5208,worker,P2,real_source_mapped_not_running,,architecture-inventory.json representation_status,zz-s2p-namespace
worker:s2p/s2p-vendor-payments-worker_or_job-1baf3fa5a7187c4b,worker,P2,real_source_mapped_not_running,,architecture-inventory.json representation_status,zz-s2p-namespace
worker:s2p/s2p-vendor-payments-worker_or_job-2e1034828808b50b,worker,P2,real_source_mapped_not_running,,architecture-inventory.json representation_status,zz-s2p-namespace
worker:s2p/s2p-vendor-payments-worker_or_job-3b1f012570aa3b8b,worker,P2,real_source_mapped_not_running,,architecture-inventory.json representation_status,zz-s2p-namespace
worker:s2p/s2p-vendor-payments-worker_or_job-3f07f5599f681abc,worker,P2,real_source_mapped_not_running,,architecture-inventory.json representation_status,zz-s2p-namespace
worker:s2p/s2p-vendor-payments-worker_or_job-4fc80692771d9258,worker,P2,real_source_mapped_not_running,,architecture-inventory.json representation_status,zz-s2p-namespace
worker:s2p/s2p-vendor-payments-worker_or_job-5207deaac3a57fee,worker,P2,real_source_mapped_not_running,,architecture-inventory.json representation_status,zz-s2p-namespace
worker:s2p/s2p-vendor-payments-worker_or_job-5ffd06eb5d9d897f,worker,P2,real_source_mapped_not_running,,architecture-inventory.json representation_status,zz-s2p-namespace
worker:s2p/s2p-vendor-payments-worker_or_job-68408264f8dd3e3a,worker,P2,real_source_mapped_not_running,,architecture-inventory.json representation_status,zz-s2p-namespace
worker:s2p/s2p-vendor-payments-worker_or_job-7499d315aafa707b,worker,P2,real_source_mapped_not_running,,architecture-inventory.json representation_status,zz-s2p-namespace
worker:s2p/s2p-vendor-payments-worker_or_job-7d696bc0f90e1f42,worker,P2,real_source_mapped_not_running,,architecture-inventory.json representation_status,zz-s2p-namespace
worker:s2p/s2p-vendor-payments-worker_or_job-a15b897ced0d9763,worker,P2,real_source_mapped_not_running,,architecture-inventory.json representation_status,zz-s2p-namespace
worker:s2p/s2p-vendor-payments-worker_or_job-a97707584919e8ac,worker,P2,real_source_mapped_not_running,,architecture-inventory.json representation_status,zz-s2p-namespace
worker:s2p/s2p-vendor-payments-worker_or_job-b972174540182d07,worker,P2,real_source_mapped_not_running,,architecture-inventory.json representation_status,zz-s2p-namespace
worker:s2p/s2p-vendor-payments-worker_or_job-c169407a84a1ee1a,worker,P2,real_source_mapped_not_running,,architecture-inventory.json representation_status,zz-s2p-namespace
worker:s2p/s2p-vendor-payments-worker_or_job-dffa48e144049c5c,worker,P2,real_source_mapped_not_running,,architecture-inventory.json representation_status,zz-s2p-namespace
worker:s2p/s2p-vendor-payments-worker_or_job-e07cb47418e3d8e4,worker,P2,real_source_mapped_not_running,,architecture-inventory.json representation_status,zz-s2p-namespace
worker:shadow-payouts/shadow-payouts,worker,P2,graph_only,,18 Deployments total (api 3 replicas HPA 3/5); shadow-payouts is not represented in the twin,external-config-deploy
worker:shadow-payouts/shadow-payouts-baseline,worker,P2,graph_only,,18 Deployments total (api 3 replicas HPA 3/5); shadow-payouts is not represented in the twin,external-config-deploy
worker:shadow-payouts/shadow-payouts-canary,worker,P2,graph_only,,18 Deployments total (api 3 replicas HPA 3/5); shadow-payouts is not represented in the twin,external-config-deploy
worker:shadow-payouts/shadow-payouts-worker-async-dual-write,worker,P2,graph_only,,18 Deployments total (api 3 replicas HPA 3/5); shadow-payouts is not represented in the twin,external-config-deploy
worker:shadow-payouts/shadow-payouts-worker-batch-submitted-merchants,worker,P2,graph_only,,18 Deployments total (api 3 replicas HPA 3/5); shadow-payouts is not represented in the twin,external-config-deploy
worker:shadow-payouts/shadow-payouts-worker-bulk-payouts,worker,P2,graph_only,,18 Deployments total (api 3 replicas HPA 3/5); shadow-payouts is not represented in the twin,external-config-deploy
worker:shadow-payouts/shadow-payouts-worker-fts-async-processing,worker,P2,graph_only,,18 Deployments total (api 3 replicas HPA 3/5); shadow-payouts is not represented in the twin,external-config-deploy
worker:shadow-payouts/shadow-payouts-worker-generic-processing,worker,P2,graph_only,,18 Deployments total (api 3 replicas HPA 3/5); shadow-payouts is not represented in the twin,external-config-deploy
worker:shadow-payouts/shadow-payouts-worker-on-hold-processing,worker,P2,graph_only,,18 Deployments total (api 3 replicas HPA 3/5); shadow-payouts is not represented in the twin,external-config-deploy
worker:shadow-payouts/shadow-payouts-worker-partner-bank-hold-payouts,worker,P2,graph_only,,18 Deployments total (api 3 replicas HPA 3/5); shadow-payouts is not represented in the twin,external-config-deploy
worker:shadow-payouts/shadow-payouts-worker-queued-processing,worker,P2,graph_only,,18 Deployments total (api 3 replicas HPA 3/5); shadow-payouts is not represented in the twin,external-config-deploy
worker:shadow-payouts/shadow-payouts-worker-schedule-processing,worker,P2,graph_only,,18 Deployments total (api 3 replicas HPA 3/5); shadow-payouts is not represented in the twin,external-config-deploy
worker:shadow-payouts/shadow-payouts-worker-transaction-create,worker,P2,graph_only,,18 Deployments total (api 3 replicas HPA 3/5); shadow-payouts is not represented in the twin,external-config-deploy
worker:stork/stork-db-writer,worker,P1,graph_only,,,external-config-deploy
worker:stork/stork-email-worker,worker,P2,graph_only,,"stork-capture delivers inline in the twin -- no Stork worker, scheduler or queue exists",external-config-deploy
worker:stork/stork-push-notification-worker,worker,P2,graph_only,,"stork-capture delivers inline in the twin -- no Stork worker, scheduler or queue exists",external-config-deploy
worker:stork/stork-reminders-webhook-worker-p1,worker,P2,graph_only,,"stork-capture delivers inline in the twin -- no Stork worker, scheduler or queue exists",external-config-deploy
worker:stork/stork-reminders-webhook-worker-p2,worker,P2,graph_only,,"stork-capture delivers inline in the twin -- no Stork worker, scheduler or queue exists",external-config-deploy
worker:stork/stork-scheduler-worker,worker,P0,graph_only,,"stork-capture delivers inline in the twin -- no Stork worker, scheduler or queue exists | blocked_by: no Stork runtime in the twin: needs Stork's own MySQL + SQS p0/p1/p2 + scheduler + Trino-backed disable tables; stork-capture delivers inline (single attempt, no retry FSM) [reports/domain/parts/external-config-deploy.md (stork divergence #1)] | blocked_by: no Stork runtime in the twin: needs Stork's own MySQL + SQS p0/p1/p2 + scheduler + Trino-backed disable tables; stork-capture delivers inline (single attempt, no retry FSM) [reports/domain/parts/external-config-deploy.md (stork divergence #1)] | blocked_by: no Stork runtime in the twin: needs Stork's own MySQL + SQS p0/p1/p2 + scheduler + Trino-backed disable tables; stork-capture delivers inline (single attempt, no retry FSM) [reports/domain/parts/external-config-deploy.md (stork divergence #1)] | blocked_by: no Stork runtime in the twin: needs Stork's own MySQL + SQS p0/p1/p2 + scheduler + Trino-backed disable tables; stork-capture delivers inline (single attempt, no retry FSM) [reports/domain/parts/external-config-deploy.md (stork divergence #1)]",external-config-deploy;zz-worker-gaps
worker:stork/stork-sms-worker,worker,P2,graph_only,,"stork-capture delivers inline in the twin -- no Stork worker, scheduler or queue exists",external-config-deploy
worker:stork/stork-sms-worker-service-explicit,worker,P2,graph_only,,"stork-capture delivers inline in the twin -- no Stork worker, scheduler or queue exists",external-config-deploy
worker:stork/stork-ticker-webhook-fifo-worker-p1,worker,P2,graph_only,,"stork-capture delivers inline in the twin -- no Stork worker, scheduler or queue exists",external-config-deploy
worker:stork/stork-ticker-webhook-worker-p1,worker,P2,graph_only,,"stork-capture delivers inline in the twin -- no Stork worker, scheduler or queue exists",external-config-deploy
worker:stork/stork-webhook-worker,worker,P0,graph_only,,"stork-capture delivers inline in the twin -- no Stork worker, scheduler or queue exists | blocked_by: no Stork runtime in the twin: needs Stork's own MySQL + SQS p0/p1/p2 + scheduler + Trino-backed disable tables; stork-capture delivers inline (single attempt, no retry FSM) [reports/domain/parts/external-config-deploy.md (stork divergence #1)] | blocked_by: no Stork runtime in the twin: needs Stork's own MySQL + SQS p0/p1/p2 + scheduler + Trino-backed disable tables; stork-capture delivers inline (single attempt, no retry FSM) [reports/domain/parts/external-config-deploy.md (stork divergence #1)] | blocked_by: no Stork runtime in the twin: needs Stork's own MySQL + SQS p0/p1/p2 + scheduler + Trino-backed disable tables; stork-capture delivers inline (single attempt, no retry FSM) [reports/domain/parts/external-config-deploy.md (stork divergence #1)] | blocked_by: no Stork runtime in the twin: needs Stork's own MySQL + SQS p0/p1/p2 + scheduler + Trino-backed disable tables; stork-capture delivers inline (single attempt, no retry FSM) [reports/domain/parts/external-config-deploy.md (stork divergence #1)]",external-config-deploy;zz-worker-gaps
worker:stork/stork-webhook-worker-p1,worker,P0,graph_only,,"stork-capture delivers inline in the twin -- no Stork worker, scheduler or queue exists | blocked_by: no Stork runtime in the twin: needs Stork's own MySQL + SQS p0/p1/p2 + scheduler + Trino-backed disable tables; stork-capture delivers inline (single attempt, no retry FSM) [reports/domain/parts/external-config-deploy.md (stork divergence #1)] | blocked_by: no Stork runtime in the twin: needs Stork's own MySQL + SQS p0/p1/p2 + scheduler + Trino-backed disable tables; stork-capture delivers inline (single attempt, no retry FSM) [reports/domain/parts/external-config-deploy.md (stork divergence #1)] | blocked_by: no Stork runtime in the twin: needs Stork's own MySQL + SQS p0/p1/p2 + scheduler + Trino-backed disable tables; stork-capture delivers inline (single attempt, no retry FSM) [reports/domain/parts/external-config-deploy.md (stork divergence #1)] | blocked_by: no Stork runtime in the twin: needs Stork's own MySQL + SQS p0/p1/p2 + scheduler + Trino-backed disable tables; stork-capture delivers inline (single attempt, no retry FSM) [reports/domain/parts/external-config-deploy.md (stork divergence #1)]",external-config-deploy;zz-worker-gaps
worker:stork/stork-webhook-worker-p2,worker,P1,graph_only,,"stork-capture delivers inline in the twin -- no Stork worker, scheduler or queue exists",external-config-deploy
worker:stork/stork-whatsapp-inbound-worker,worker,P2,graph_only,,"stork-capture delivers inline in the twin -- no Stork worker, scheduler or queue exists",external-config-deploy
worker:stork/stork-whatsapp-worker,worker,P2,graph_only,,"stork-capture delivers inline in the twin -- no Stork worker, scheduler or queue exists",external-config-deploy
worker:validx/validx-cache-worker,worker,P1,graph_only,,no ValidX runtime in the twin,external-config-deploy
worker:validx/validx-citi-penniless-initiate-worker,worker,P1,graph_only,,no ValidX runtime in the twin,external-config-deploy
worker:validx/validx-citi-penniless-inquiry-worker,worker,P1,graph_only,,no ValidX runtime in the twin,external-config-deploy
worker:validx/validx-citi-refund-inquiry-worker,worker,P1,graph_only,,no ValidX runtime in the twin,external-config-deploy
worker:validx/validx-citi-rpd-inquiry-worker,worker,P1,graph_only,,no ValidX runtime in the twin,external-config-deploy
worker:validx/validx-failure-handling-worker,worker,P1,graph_only,,no ValidX runtime in the twin,external-config-deploy
worker:validx/validx-fts-pennydrop-worker,worker,P1,graph_only,,no ValidX runtime in the twin,external-config-deploy
worker:validx/validx-pennydrop-initiate-worker,worker,P1,graph_only,,no ValidX runtime in the twin,external-config-deploy
worker:validx/validx-slice-penniless-initiate-worker,worker,P1,graph_only,,no ValidX runtime in the twin,external-config-deploy
worker:validx/validx-slice-penniless-inquiry-worker,worker,P1,graph_only,,no ValidX runtime in the twin,external-config-deploy
worker:validx/validx-webhook-process-worker,worker,P1,graph_only,,no ValidX runtime in the twin,external-config-deploy
worker:workflows/workflows,worker,P0,graph_only,ENV2_COMPOSE substitutes/workflow-sim,"the real Cadence engine behind workflows has NO manifest in kube-manifests and NO Spinnaker pipeline in spinacode -- its deployment mechanism is not visible in either repo | blocked_by: real Workflow Service needs a Cadence server + Cassandra (no manifest in kube-manifests, no image tag known); the M5 workflow-engine RECONSTRUCTION serves WorkflowAPI/Create + callbacks instead [reports/domain/parts/identity-ingress.md §3.2; ENV2_COMPOSE/substitutes/workflow-engine/FIDELITY.md] | blocked_by: real Workflow Service needs a Cadence server + Cassandra (no manifest in kube-manifests, no image tag known); the M5 workflow-engine RECONSTRUCTION serves WorkflowAPI/Create + callbacks instead [reports/domain/parts/identity-ingress.md §3.2; ENV2_COMPOSE/substitutes/workflow-engine/FIDELITY.md] | blocked_by: real Workflow Service needs a Cadence server + Cassandra (no manifest in kube-manifests, no image tag known); the M5 workflow-engine RECONSTRUCTION serves WorkflowAPI/Create + callbacks instead [reports/domain/parts/identity-ingress.md §3.2; ENV2_COMPOSE/substitutes/workflow-engine/FIDELITY.md] | blocked_by: real Workflow Service needs a Cadence server + Cassandra (no manifest in kube-manifests, no image tag known); the M5 workflow-engine RECONSTRUCTION serves WorkflowAPI/Create + callbacks instead [reports/domain/parts/identity-ingress.md §3.2; ENV2_COMPOSE/substitutes/workflow-engine/FIDELITY.md]",external-config-deploy;zz-worker-gaps
worker:workflows/workflows-worker-asl,worker,P0,graph_only,ENV2_COMPOSE substitutes/workflow-sim,"the real Cadence engine behind workflows has NO manifest in kube-manifests and NO Spinnaker pipeline in spinacode -- its deployment mechanism is not visible in either repo | blocked_by: real Workflow Service needs a Cadence server + Cassandra (no manifest in kube-manifests, no image tag known); the M5 workflow-engine RECONSTRUCTION serves WorkflowAPI/Create + callbacks instead [reports/domain/parts/identity-ingress.md §3.2; ENV2_COMPOSE/substitutes/workflow-engine/FIDELITY.md] | blocked_by: real Workflow Service needs a Cadence server + Cassandra (no manifest in kube-manifests, no image tag known); the M5 workflow-engine RECONSTRUCTION serves WorkflowAPI/Create + callbacks instead [reports/domain/parts/identity-ingress.md §3.2; ENV2_COMPOSE/substitutes/workflow-engine/FIDELITY.md] | blocked_by: real Workflow Service needs a Cadence server + Cassandra (no manifest in kube-manifests, no image tag known); the M5 workflow-engine RECONSTRUCTION serves WorkflowAPI/Create + callbacks instead [reports/domain/parts/identity-ingress.md §3.2; ENV2_COMPOSE/substitutes/workflow-engine/FIDELITY.md] | blocked_by: real Workflow Service needs a Cadence server + Cassandra (no manifest in kube-manifests, no image tag known); the M5 workflow-engine RECONSTRUCTION serves WorkflowAPI/Create + callbacks instead [reports/domain/parts/identity-ingress.md §3.2; ENV2_COMPOSE/substitutes/workflow-engine/FIDELITY.md]",external-config-deploy;zz-worker-gaps
worker:workflows/workflows-worker-wd,worker,P0,graph_only,ENV2_COMPOSE substitutes/workflow-sim,"the real Cadence engine behind workflows has NO manifest in kube-manifests and NO Spinnaker pipeline in spinacode -- its deployment mechanism is not visible in either repo | blocked_by: real Workflow Service needs a Cadence server + Cassandra (no manifest in kube-manifests, no image tag known); the M5 workflow-engine RECONSTRUCTION serves WorkflowAPI/Create + callbacks instead [reports/domain/parts/identity-ingress.md §3.2; ENV2_COMPOSE/substitutes/workflow-engine/FIDELITY.md] | blocked_by: real Workflow Service needs a Cadence server + Cassandra (no manifest in kube-manifests, no image tag known); the M5 workflow-engine RECONSTRUCTION serves WorkflowAPI/Create + callbacks instead [reports/domain/parts/identity-ingress.md §3.2; ENV2_COMPOSE/substitutes/workflow-engine/FIDELITY.md] | blocked_by: real Workflow Service needs a Cadence server + Cassandra (no manifest in kube-manifests, no image tag known); the M5 workflow-engine RECONSTRUCTION serves WorkflowAPI/Create + callbacks instead [reports/domain/parts/identity-ingress.md §3.2; ENV2_COMPOSE/substitutes/workflow-engine/FIDELITY.md] | blocked_by: real Workflow Service needs a Cadence server + Cassandra (no manifest in kube-manifests, no image tag known); the M5 workflow-engine RECONSTRUCTION serves WorkflowAPI/Create + callbacks instead [reports/domain/parts/identity-ingress.md §3.2; ENV2_COMPOSE/substitutes/workflow-engine/FIDELITY.md]",external-config-deploy;zz-worker-gaps
worker:x-balances/account_activation_events_worker,worker,P0,real_source_mapped_not_running,rows seeded by SQL instead, | blocked_by: banking-accounts is a stub that never publishes account-activation events; activation rows are seeded by SQL (seeds/generated/s4/xbalances.sql) [reports/domain/parts/money-statements.md (BAS publisher)] | blocked_by: banking-accounts is a stub that never publishes account-activation events; activation rows are seeded by SQL (seeds/generated/s4/xbalances.sql) [reports/domain/parts/money-statements.md (BAS publisher)] | blocked_by: banking-accounts is a stub that never publishes account-activation events; activation rows are seeded by SQL (seeds/generated/s4/xbalances.sql) [reports/domain/parts/money-statements.md (BAS publisher)] | blocked_by: banking-accounts is a stub that never publishes account-activation events; activation rows are seeded by SQL (seeds/generated/s4/xbalances.sql) [reports/domain/parts/money-statements.md (BAS publisher)],money-and-statements;zz-worker-gaps
worker:x-balances/balance_fetch_axis_worker,worker,P1,real_source_mapped_not_running,,prod worker family present in kube; not in twin,money-and-statements
worker:x-balances/balance_fetch_icici_worker,worker,P1,real_source_mapped_not_running,,prod worker family present in kube; not in twin,money-and-statements
worker:x-balances/balance_fetch_idfc_worker,worker,P1,real_source_mapped_not_running,,prod worker family present in kube; not in twin,money-and-statements
worker:x-balances/balance_fetch_rbl_worker,worker,P0,real_source_running,compose xbalances-worker (single container; [Queue] Driver=inmemory ⇒ functionally inert),ENV2_COMPOSE/config/templates/base/xbalances/arena.toml:96-97 Driver=inmemory; MozartConfig.Mock=true; BankingAccountsConfig.Mock=true (T04 §9),money-and-statements
worker:x-balances/balance_fetch_slice_worker,worker,P1,real_source_mapped_not_running,,prod worker family present in kube; not in twin,money-and-statements
worker:x-balances/balance_fetch_yesbank_worker,worker,P1,real_source_mapped_not_running,,prod worker family present in kube; not in twin,money-and-statements
worker:x-balances/default,worker,P0,real_source_running,compose:xbalances-worker,container for compose service xbalances-worker is Up 2 hours (healthy),twin-inventory;zz-runtime-overlay
worker:x-balances/payout_events_worker,worker,P2,real_source_running,registered in xbalances-worker; queue name mismatch (payouts publishes stage-x-balances-payouts-event) ⇒ never fed (T04 C6),,money-and-statements
worker:x-balances/pocworker,worker,P2,real_source_running,localstack queue pocworker,,money-and-statements
worker:xas/account_cdc,worker,P2,real_source_mapped_not_running,,kube worker present; no twin runtime,money-and-statements
worker:xas/account_statement_cdc,worker,P0,high_fidelity_replacement,xas-sim (synchronous; CDC replaced by immediate POST),xas-sim reproduces semantics incl. event_create_timestamp mismatch (EF-005),money-and-statements
worker:xas/api_to_xas_merchant_migration,worker,P2,real_source_mapped_not_running,,kube worker present; no twin runtime,money-and-statements
worker:xas/fetch_axis_statement,worker,P1,real_source_mapped_not_running,,kube worker present; no twin runtime,money-and-statements
worker:xas/fetch_icici_statement,worker,P1,real_source_mapped_not_running,,kube worker present; no twin runtime,money-and-statements
worker:xas/fetch_idfc_statement,worker,P1,real_source_mapped_not_running,,kube worker present; no twin runtime,money-and-statements
worker:xas/fetch_slice_statement,worker,P1,real_source_mapped_not_running,,kube worker present; no twin runtime,money-and-statements
worker:xas/fetch_statements_for_account,worker,P0,real_source_mapped_not_running,,kube worker present; no twin runtime | blocked_by: no XAS runtime: needs the x-account-statements build + Mozart statement fixtures + its MySQL/SQS/Kafka CDC; xas-sim covers UTR matching + entity-link dual-write only [ENV2_COMPOSE/substitutes/xas-sim/CONTRACT.md] | blocked_by: no XAS runtime: needs the x-account-statements build + Mozart statement fixtures + its MySQL/SQS/Kafka CDC; xas-sim covers UTR matching + entity-link dual-write only [ENV2_COMPOSE/substitutes/xas-sim/CONTRACT.md] | blocked_by: no XAS runtime: needs the x-account-statements build + Mozart statement fixtures + its MySQL/SQS/Kafka CDC; xas-sim covers UTR matching + entity-link dual-write only [ENV2_COMPOSE/substitutes/xas-sim/CONTRACT.md] | blocked_by: no XAS runtime: needs the x-account-statements build + Mozart statement fixtures + its MySQL/SQS/Kafka CDC; xas-sim covers UTR matching + entity-link dual-write only [ENV2_COMPOSE/substitutes/xas-sim/CONTRACT.md],money-and-statements;zz-worker-gaps
worker:xas/fetch_yesbank_statement,worker,P1,real_source_mapped_not_running,,kube worker present; no twin runtime,money-and-statements
worker:xas/new_merchant_onboarding,worker,P1,real_source_mapped_not_running,,kube worker present; no twin runtime,money-and-statements
worker:xas/save_statements_push_for_enrichment,worker,P1,real_source_mapped_not_running,,kube worker present; no twin runtime,money-and-statements
worker:xas/source_processing,worker,P0,high_fidelity_replacement,xas-sim (synchronous; CDC replaced by immediate POST),xas-sim reproduces semantics incl. event_create_timestamp mismatch (EF-005),money-and-statements
worker:xas/statement_enrichment,worker,P0,high_fidelity_replacement,xas-sim (synchronous; CDC replaced by immediate POST),xas-sim reproduces semantics incl. event_create_timestamp mismatch (EF-005),money-and-statements
