from,to,type,via,identity,fidelity,confidence,source_refs
cron:ledger/cmd-account-details-channel-type-update,worker:ledger/scheduler,schedules,,,real_source_mapped_not_running,confirmed,
cron:ledger/cmd-balance-update,worker:ledger/scheduler,schedules,,,real_source_mapped_not_running,confirmed,
cron:ledger/cmd-check-sqs-connection,worker:ledger/scheduler,schedules,,,real_source_mapped_not_running,confirmed,
cron:ledger/cmd-control-tables-sync-mirror,worker:ledger/scheduler,schedules,,,real_source_mapped_not_running,confirmed,
cron:ledger/cmd-create-merchant-splitaccounts,worker:ledger/scheduler,schedules,,,real_source_mapped_not_running,confirmed,
cron:ledger/cmd-create-merchant-subaccounts,worker:ledger/scheduler,schedules,,,real_source_mapped_not_running,confirmed,
cron:ledger/cmd-daily-penny-expense-account-update,worker:ledger/scheduler,schedules,,,real_source_mapped_not_running,confirmed,
cron:ledger/cmd-journal-created-sns-publish,worker:ledger/scheduler,schedules,,,real_source_mapped_not_running,confirmed,
cron:ledger/cmd-ledger-entries-channel-type-update,worker:ledger/scheduler,schedules,,,real_source_mapped_not_running,confirmed,
cron:ledger/cmd-ledger-entry-balance-update,worker:ledger/scheduler,schedules,,,real_source_mapped_not_running,confirmed,
cron:ledger/cmd-ledger-entry-details-create,worker:ledger/scheduler,schedules,,,real_source_mapped_not_running,confirmed,
cron:ledger/cmd-makeshift-create-txn-from-table-name-and-id,worker:ledger/scheduler,schedules,,,real_source_mapped_not_running,confirmed,
cron:ledger/cmd-makeshift-delete-cls-transactions,worker:ledger/scheduler,schedules,,,real_source_mapped_not_running,confirmed,
cron:ledger/cmd-makeshift-reference3-update,worker:ledger/scheduler,schedules,,,real_source_mapped_not_running,confirmed,
cron:ledger/cmd-makeshift-replay-cls-journal-bulk-transactions,worker:ledger/scheduler,schedules,,,real_source_mapped_not_running,confirmed,
cron:ledger/cmd-makeshift-replay-cls-journal-transactions,worker:ledger/scheduler,schedules,,,real_source_mapped_not_running,confirmed,
cron:ledger/cmd-makeshift-settlements-update,worker:ledger/scheduler,schedules,,,real_source_mapped_not_running,confirmed,
cron:ledger/cmd-offboard-merchant-split-accounts,worker:ledger/scheduler,schedules,,,real_source_mapped_not_running,confirmed,
cron:ledger/cmd-pg-split-account-balance-update,worker:ledger/scheduler,schedules,,,real_source_mapped_not_running,confirmed,
cron:ledger/cmd-split-account-balance-update,worker:ledger/scheduler,schedules,,,real_source_running,confirmed,
cron:ledger/cmd-update-merchant-balance-subaccounts,worker:ledger/scheduler,schedules,,,real_source_mapped_not_running,confirmed,
cron:ledger/cmd-verify-warm-storage,worker:ledger/scheduler,schedules,,,real_source_mapped_not_running,confirmed,
cron:ledger/split-account-balance-update-cronjob-live,worker:ledger/scheduler,schedules,,,real_source_running,confirmed,
cron:ledger/split-account-balance-update-cronjob-pg-live,worker:ledger/scheduler,schedules,,,real_source_mapped_not_running,confirmed,
cron:ledger/verify-warm-storage-cronjob-live,worker:ledger/scheduler,schedules,,,real_source_mapped_not_running,confirmed,
cron:ledger/verify-warm-storage-cronjob-test,worker:ledger/scheduler,schedules,,,real_source_mapped_not_running,confirmed,
cron:payouts/banking_account_statement_fetch_initiate,route:payouts/POST /v1/cron/banking_account_statement/fetch/initiate,schedules,FastCron HTTP POST with [auth.fastcron] creds,identity:payouts-basic-auth:fastcron,high_fidelity_replacement,confirmed,payouts/internal/routing/router/cron_routes.go:12-198
cron:payouts/banking_account_statement_fetch_initiate,worker:payouts/rbl_banking_account_statement,schedules,,,real_source_running,confirmed,
cron:payouts/elasticsearch_backfill_index,route:payouts/POST /v1/cron/elasticsearch/backfill_index,schedules,FastCron HTTP POST with [auth.fastcron] creds,identity:payouts-basic-auth:fastcron,graph_only,confirmed,payouts/internal/routing/router/cron_routes.go:12-198
cron:payouts/fund_management_payouts_check,route:payouts/POST /v1/cron/fund_management_payouts/check,schedules,FastCron HTTP POST with [auth.fastcron] creds,identity:payouts-basic-auth:fastcron,high_fidelity_replacement,confirmed,payouts/internal/routing/router/cron_routes.go:12-198
cron:payouts/payouts_dual_write_failure_processing,route:payouts/POST /v1/cron/payouts_dual_write_failure_processing,schedules,FastCron HTTP POST with [auth.fastcron] creds,identity:payouts-basic-auth:fastcron,high_fidelity_replacement,confirmed,payouts/internal/routing/router/cron_routes.go:12-198
cron:payouts/payouts_sla_breach_monitor,route:payouts/POST /v1/cron/payouts_sla_breach_monitor,schedules,FastCron HTTP POST with [auth.fastcron] creds,identity:payouts-basic-auth:fastcron,graph_only,confirmed,payouts/internal/routing/router/cron_routes.go:12-198
cron:payouts/process_batch_submitted_payouts,route:payouts/POST /v1/cron/process_batch_submitted_payouts,schedules,FastCron HTTP trigger,,,confirmed,ENV2_COMPOSE/seeds/s4/cron_schedule.yaml:42-47
cron:payouts/process_batch_submitted_payouts,route:payouts/POST /v1/cron/process_batch_submitted_payouts,schedules,FastCron HTTP POST with [auth.fastcron] creds,identity:payouts-basic-auth:fastcron,high_fidelity_replacement,confirmed,payouts/internal/routing/router/cron_routes.go:12-198
cron:payouts/process_beneficiary_bank_on_hold_payouts,route:payouts/POST /v1/cron/process_beneficiary_bank_on_hold_payouts,schedules,FastCron HTTP POST with [auth.fastcron] creds,identity:payouts-basic-auth:fastcron,high_fidelity_replacement,confirmed,payouts/internal/routing/router/cron_routes.go:12-198
cron:payouts/process_inflight_reservation_reconciliation,route:payouts/POST /v1/cron/process_inflight_reservation_reconciliation,schedules,FastCron HTTP POST with [auth.fastcron] creds,identity:payouts-basic-auth:fastcron,high_fidelity_replacement,confirmed,payouts/internal/routing/router/cron_routes.go:12-198
cron:payouts/process_inflight_reservation_reconciliation,route:x-balances/GET /v1/balances/{id},reads,refreshedAt = last_fetched_at,,real_source_running,confirmed,
cron:payouts/process_queued_low_balance_payouts,route:payouts/POST /v1/cron/process_queued_low_balance_payouts,schedules,FastCron HTTP POST with [auth.fastcron] creds,identity:payouts-basic-auth:fastcron,high_fidelity_replacement,confirmed,payouts/internal/routing/router/cron_routes.go:12-198
cron:payouts/process_queued_payouts,route:payouts/POST /v1/cron/process_queued_payouts,schedules,FastCron HTTP POST with [auth.fastcron] creds,identity:payouts-basic-auth:fastcron,high_fidelity_replacement,confirmed,payouts/internal/routing/router/cron_routes.go:12-198
cron:payouts/process_scheduled_payouts,route:payouts/POST /v1/cron/process_scheduled_payouts,schedules,FastCron HTTP POST with [auth.fastcron] creds,identity:payouts-basic-auth:fastcron,high_fidelity_replacement,confirmed,payouts/internal/routing/router/cron_routes.go:12-198
cron:payouts/reverse_dual_write,route:payouts/POST /v1/cron/reverse_dual_write,schedules,FastCron HTTP POST with [auth.fastcron] creds,identity:payouts-basic-auth:fastcron,graph_only,confirmed,payouts/internal/routing/router/cron_routes.go:12-198
cron:payouts/tidb_data_consistency_check,route:payouts/POST /v1/cron/tidb_data_consistency_check,schedules,FastCron HTTP POST with [auth.fastcron] creds,identity:payouts-basic-auth:fastcron,graph_only,confirmed,payouts/internal/routing/router/cron_routes.go:12-198
cron:recon/recon-mysql-archival-service,svc:recon,schedules,,,graph_only,confirmed,
cron:x-balances/balance_fetch_per_channel,route:x-balances/POST /v1/cron/balance/{channel}/fetch,schedules,,,real_source_mapped_not_running,inferred,
db:payouts/mysql,table:payouts/bank_accounts,owns,,,real_source_running,confirmed,
db:payouts/mysql,table:payouts/banking_account_statement,owns,,,real_source_running,confirmed,
db:payouts/mysql,table:payouts/banking_account_statement_details,owns,,,real_source_running,confirmed,
db:payouts/mysql,table:payouts/banking_accounts,owns,,,real_source_running,confirmed,
db:payouts/mysql,table:payouts/bulk_idempotency_keys,owns,,,real_source_running,confirmed,
db:payouts/mysql,table:payouts/counter_transaction,owns,,,real_source_running,confirmed,
db:payouts/mysql,table:payouts/counters,owns,,,real_source_running,confirmed,
db:payouts/mysql,table:payouts/duplicate_prevention_config,owns,,,real_source_running,confirmed,
db:payouts/mysql,table:payouts/event_outbox,owns,,,real_source_running,confirmed,
db:payouts/mysql,table:payouts/fund_accounts,owns,,,real_source_running,confirmed,
db:payouts/mysql,table:payouts/fund_transfer_attempts_temp,owns,,,real_source_running,confirmed,
db:payouts/mysql,table:payouts/idempotency_key_exclusions,owns,,,real_source_running,confirmed,
db:payouts/mysql,table:payouts/idempotency_keys,owns,,,real_source_running,confirmed,
db:payouts/mysql,table:payouts/merchant_configurations,owns,,,real_source_running,confirmed,
db:payouts/mysql,table:payouts/payout_attempts,owns,,,real_source_running,confirmed,
db:payouts/mysql,table:payouts/payout_details,owns,,,real_source_running,confirmed,
db:payouts/mysql,table:payouts/payout_logs,owns,,,real_source_running,confirmed,
db:payouts/mysql,table:payouts/payout_meta_permanent,owns,,,real_source_running,confirmed,
db:payouts/mysql,table:payouts/payout_meta_temporary,owns,,,real_source_running,confirmed,
db:payouts/mysql,table:payouts/payout_purpose,owns,,,real_source_running,confirmed,
db:payouts/mysql,table:payouts/payout_sources,owns,,,real_source_running,confirmed,
db:payouts/mysql,table:payouts/payout_status_details,owns,,,real_source_running,confirmed,
db:payouts/mysql,table:payouts/payouts,owns,,,real_source_running,confirmed,
db:payouts/mysql,table:payouts/payouts_temp,owns,,,real_source_running,confirmed,
db:payouts/mysql,table:payouts/reversals,owns,,,real_source_running,confirmed,
db:payouts/mysql,table:payouts/settings,owns,,,real_source_running,confirmed,
db:payouts/mysql,table:payouts/source_request_id_mapping,owns,,,real_source_running,confirmed,
db:payouts/mysql,table:payouts/state_change_logs,owns,,,real_source_running,confirmed,
db:payouts/mysql,table:payouts/workflow_config,owns,,,real_source_running,confirmed,
db:payouts/mysql,table:payouts/workflow_entity_map,owns,,,real_source_running,confirmed,
db:payouts/mysql,table:payouts/workflow_state_map,owns,,,real_source_running,confirmed,
event:cfa/contact.created,queue:cfa-contact-dual-write-queue,produces,,,behavioural_placeholder,confirmed,
event:cfa/contact.updated,queue:cfa-contact-dual-write-queue,produces,,,behavioural_placeholder,confirmed,
event:cfa/fund_account.created,queue:cfa-fund-account-dual-write-queue,produces,,,behavioural_placeholder,confirmed,
event:cfa/fund_account.updated,queue:cfa-fund-account-dual-write-queue,produces,,,behavioural_placeholder,confirmed,
event:ledger/da_ext_credit,table:ledger/ledger_config,reads,,,real_source_running,confirmed,
event:ledger/da_ext_credit.legacy,table:ledger/ledger_config,reads,,,graph_only,confirmed,
event:ledger/da_ext_debit,table:ledger/ledger_config,reads,,,real_source_running,confirmed,
event:ledger/da_ext_debit.legacy,table:ledger/ledger_config,reads,,,graph_only,confirmed,
event:ledger/da_ext_fee_payout_processed,table:ledger/ledger_config,reads,,,real_source_mapped_not_running,confirmed,
event:ledger/da_ext_fee_payout_reversed,table:ledger/ledger_config,reads,,,real_source_mapped_not_running,confirmed,
event:ledger/da_ext_payout_processed,table:ledger/ledger_config,reads,,,real_source_mapped_not_running,confirmed,
event:ledger/da_ext_payout_reversed,table:ledger/ledger_config,reads,,,real_source_mapped_not_running,confirmed,
event:ledger/da_fee_payout_processed,table:ledger/ledger_config,reads,,,real_source_mapped_not_running,confirmed,
event:ledger/da_fee_payout_reversed,table:ledger/ledger_config,reads,,,real_source_mapped_not_running,confirmed,
event:ledger/da_payout_processed,flag:api-features/da_ledger_journal_writes,gated_by,,,high_fidelity_replacement,confirmed,
event:ledger/da_payout_processed,flag:splitz/payout_service_txn_recon,gated_by,skipped when ON for PS-owned payouts,,graph_only,confirmed,
event:ledger/da_payout_processed,table:ledger/ledger_config,reads,,,high_fidelity_replacement,confirmed,
event:ledger/da_payout_processed.reward,table:ledger/ledger_config,reads,,,real_source_mapped_not_running,confirmed,
event:ledger/da_payout_processed_recon,table:ledger/ledger_config,reads,,,high_fidelity_replacement,confirmed,
event:ledger/da_payout_reversed,table:ledger/ledger_config,reads,,,high_fidelity_replacement,confirmed,
event:ledger/da_payout_reversed.reward,table:ledger/ledger_config,reads,,,real_source_mapped_not_running,confirmed,
event:ledger/da_payout_reversed_recon,table:ledger/ledger_config,reads,,,high_fidelity_replacement,confirmed,
event:ledger/fav_failed,table:ledger/ledger_config,reads,,,real_source_running,confirmed,
event:ledger/fav_initiated,table:ledger/ledger_config,reads,,,real_source_running,confirmed,
event:ledger/fav_processed,table:ledger/ledger_config,reads,,,real_source_running,confirmed,
event:ledger/fav_reversed,table:ledger/ledger_config,reads,,,real_source_running,confirmed,
event:ledger/fund_loading_expired,table:ledger/ledger_config,reads,,,real_source_mapped_not_running,confirmed,
event:ledger/fund_loading_processed,table:ledger/ledger_config,reads,,,real_source_mapped_not_running,confirmed,
event:ledger/fund_loading_processed.reward,table:ledger/ledger_config,reads,,,real_source_mapped_not_running,confirmed,
event:ledger/inter_account_credit_processed,table:ledger/ledger_config,reads,,,real_source_mapped_not_running,confirmed,
event:ledger/inter_account_payout_failed,table:ledger/ledger_config,reads,,,real_source_mapped_not_running,confirmed,
event:ledger/inter_account_payout_initiated,table:ledger/ledger_config,reads,,,real_source_mapped_not_running,confirmed,
event:ledger/inter_account_payout_processed,table:ledger/ledger_config,reads,,,real_source_mapped_not_running,confirmed,
event:ledger/inter_account_payout_reversed,table:ledger/ledger_config,reads,,,real_source_mapped_not_running,confirmed,
event:ledger/my_payout_initiated,table:ledger/ledger_config,reads,,,graph_only,confirmed,
event:ledger/negative_adjustment_processed,table:ledger/ledger_config,reads,,,real_source_mapped_not_running,confirmed,
event:ledger/payout_failed,table:ledger/ledger_config,reads,,,real_source_running,confirmed,
event:ledger/payout_failed.reward,table:ledger/ledger_config,reads,,,real_source_mapped_not_running,confirmed,
event:ledger/payout_initiated,table:ledger/ledger_config,reads,,,real_source_running,confirmed,
event:ledger/payout_initiated.legacy,table:ledger/ledger_config,reads,,,graph_only,confirmed,
event:ledger/payout_initiated.reward,table:ledger/ledger_config,reads,,,real_source_mapped_not_running,confirmed,
event:ledger/payout_processed,table:ledger/ledger_config,reads,,,real_source_running,confirmed,
event:ledger/payout_processed.reward,table:ledger/ledger_config,reads,,,real_source_mapped_not_running,confirmed,
event:ledger/payout_reversed,table:ledger/ledger_config,reads,,,real_source_running,confirmed,
event:ledger/payout_reversed.legacy,table:ledger/ledger_config,reads,,,graph_only,confirmed,
event:ledger/payout_reversed.reward,table:ledger/ledger_config,reads,,,real_source_mapped_not_running,confirmed,
event:ledger/penny_expense_settlement,table:ledger/ledger_config,reads,,,real_source_mapped_not_running,confirmed,
event:ledger/positive_adjustment_processed,table:ledger/ledger_config,reads,,,real_source_mapped_not_running,confirmed,
event:ledger/va_to_va_credit_processed,table:ledger/ledger_config,reads,,,real_source_mapped_not_running,confirmed,
event:ledger/va_to_va_payout_failed,table:ledger/ledger_config,reads,,,real_source_running,confirmed,
event:ledger/va_to_va_payout_initiated,table:ledger/ledger_config,reads,,,real_source_running,confirmed,
ext:fastcron,cron:payouts/banking_account_statement_fetch_initiate,calls,,,high_fidelity_replacement,confirmed,
ext:fastcron,cron:payouts/banking_account_statement_fetch_initiate,schedules,HTTP Basic POST /v1/cron/banking_account_statement/fetch/initiate,identity:fastcron-basic-auth:payouts,,confirmed,ENV2_COMPOSE/scripts/cron-driver/driver.py:36-56
ext:fastcron,cron:payouts/elasticsearch_backfill_index,calls,,,graph_only,confirmed,
ext:fastcron,cron:payouts/fund_management_payouts_check,calls,,,high_fidelity_replacement,confirmed,
ext:fastcron,cron:payouts/fund_management_payouts_check,schedules,HTTP Basic POST /v1/cron/fund_management_payouts/check,identity:fastcron-basic-auth:payouts,,confirmed,ENV2_COMPOSE/scripts/cron-driver/driver.py:36-56
ext:fastcron,cron:payouts/payouts_dual_write_failure_processing,calls,,,high_fidelity_replacement,confirmed,
ext:fastcron,cron:payouts/payouts_dual_write_failure_processing,schedules,HTTP Basic POST /v1/cron/payouts_dual_write_failure_processing,identity:fastcron-basic-auth:payouts,,confirmed,ENV2_COMPOSE/scripts/cron-driver/driver.py:36-56
ext:fastcron,cron:payouts/payouts_sla_breach_monitor,calls,,,graph_only,confirmed,
ext:fastcron,cron:payouts/process_batch_submitted_payouts,calls,,,high_fidelity_replacement,confirmed,
ext:fastcron,cron:payouts/process_batch_submitted_payouts,schedules,HTTP Basic POST /v1/cron/process_batch_submitted_payouts,identity:fastcron-basic-auth:payouts,,confirmed,ENV2_COMPOSE/scripts/cron-driver/driver.py:36-56
ext:fastcron,cron:payouts/process_beneficiary_bank_on_hold_payouts,calls,,,high_fidelity_replacement,confirmed,
ext:fastcron,cron:payouts/process_beneficiary_bank_on_hold_payouts,schedules,HTTP Basic POST /v1/cron/process_beneficiary_bank_on_hold_payouts,identity:fastcron-basic-auth:payouts,,confirmed,ENV2_COMPOSE/scripts/cron-driver/driver.py:36-56
ext:fastcron,cron:payouts/process_inflight_reservation_reconciliation,calls,,,high_fidelity_replacement,confirmed,
ext:fastcron,cron:payouts/process_inflight_reservation_reconciliation,schedules,HTTP Basic POST /v1/cron/process_inflight_reservation_reconciliation,identity:fastcron-basic-auth:payouts,,confirmed,ENV2_COMPOSE/scripts/cron-driver/driver.py:36-56
ext:fastcron,cron:payouts/process_queued_low_balance_payouts,calls,,,high_fidelity_replacement,confirmed,
ext:fastcron,cron:payouts/process_queued_low_balance_payouts,schedules,HTTP Basic POST /v1/cron/process_queued_low_balance_payouts,identity:fastcron-basic-auth:payouts,,confirmed,ENV2_COMPOSE/scripts/cron-driver/driver.py:36-56
ext:fastcron,cron:payouts/process_queued_payouts,calls,,,high_fidelity_replacement,confirmed,
ext:fastcron,cron:payouts/process_queued_payouts,schedules,HTTP Basic POST /v1/cron/process_queued_payouts,identity:fastcron-basic-auth:payouts,,confirmed,ENV2_COMPOSE/scripts/cron-driver/driver.py:36-56
ext:fastcron,cron:payouts/process_scheduled_payouts,calls,,,high_fidelity_replacement,confirmed,
ext:fastcron,cron:payouts/process_scheduled_payouts,schedules,HTTP Basic POST /v1/cron/process_scheduled_payouts,identity:fastcron-basic-auth:payouts,,confirmed,ENV2_COMPOSE/scripts/cron-driver/driver.py:36-56
ext:fastcron,cron:payouts/reverse_dual_write,calls,,,graph_only,confirmed,
ext:fastcron,cron:payouts/tidb_data_consistency_check,calls,,,graph_only,confirmed,
ext:fts,route:payouts/PATCH /v1/payouts/update_payouts_with_fts,callback,FTS fire_transfer_status_webhook (legacy monolith relay path),identity:payouts-basic-auth:fts,real_source_running,confirmed,payouts/internal/routing/router/payout_internal_routes.go:27-31
ext:fts,route:payouts/POST /v1/payouts/transfer_status_webhook,callback,FTS direct PS webhook (create_transfer_meta_rollout + origin_service=payouts),identity:payouts-basic-auth:fts,real_source_running,confirmed,payouts/internal/routing/router/payout_internal_routes.go:153-158
ext:fts,topic:rx-fts-status-update-events,produces,fire_transfer_status_webhook -> Kafka,,real_source_running,confirmed,
ext:fts,topic:rx-fts-status-update-retry-events,produces,fire_transfer_status_webhook -> Kafka,,real_source_running,confirmed,
ext:recon-art,route:fts/PATCH /v1/attempts/:action,calls,"recon Kafka workflow consumer -> generic HTTP dispatch (service_name=FTS, base RECON_FTS_LIVE_BASE_URL=https://fts-live.razorpay.com/v1)",identity:fts-basic-auth:art,graph_only,confirmed,"recon/app/workflow_kafka_consumer/processor/consumer_service/fts.py:1-21;recon/app/workflow_kafka_consumer/processor/reconciliation_workflow.py:8-44;fts/internal/transfer/service.go:79-84,891-895"
ext:recon-art,route:fts/POST /v1/attempts/:action,calls,,identity:fts-basic-auth:art,graph_only,confirmed,recon/app/workflow_kafka_consumer/processor/reconciliation_workflow.py:26-34
ext:recon-art,route:fts/PUT /v1/attempts/reconcile,calls,,identity:fts-basic-auth:art,graph_only,confirmed,fts/internal/routing/router/route_list.go:183
ext:workflows,route:payouts/PATCH /v1/workflow/state/:id,callback,StateCallBackProcessedPath,identity:payouts-basic-auth:workflow,high_fidelity_replacement,confirmed,payouts/pkg/workflow/workflow_create.go:285
ext:workflows,route:payouts/POST /v1/payouts/payouts_internal/:payout_id/approve,callback,WfCallbackPath + <payout_id>/approve,identity:payouts-basic-auth:workflow,high_fidelity_replacement,confirmed,payouts/pkg/workflow/workflow_create.go:298
ext:workflows,route:payouts/POST /v1/payouts/payouts_internal/:payout_id/reject,callback,WfCallbackPath + <payout_id>/reject,identity:payouts-basic-auth:workflow,high_fidelity_replacement,confirmed,payouts/pkg/workflow/workflow_create.go:307
ext:workflows,route:payouts/POST /v1/workflow/state,callback,StateCallBackCreatedPath,identity:payouts-basic-auth:workflow,high_fidelity_replacement,confirmed,payouts/pkg/workflow/workflow_create.go:276
ext:x-balances,queue:prod-x-balances-balance-refresh-live,produces,BalanceRefreshEvent,,real_source_running,confirmed,payouts/internal/job/x_balances_balance_refresh.go:18-36
ext:x-balances,route:payouts/GET /v1/internal/non_terminal_payouts/:balance_id,calls,SubBalance CREATE gate,identity:payouts-basic-auth:xbalances,real_source_running,confirmed,payouts/internal/routing/router/xbalances_internal_routes.go:19-30
family:account-statement,ext:mozart,depends_on,,,high_fidelity_replacement,confirmed,
family:account-statement,ext:xas,depends_on,,,high_fidelity_replacement,confirmed,
family:account-statement,flag:splitz/account_statement_source_event,depends_on,,,high_fidelity_replacement,confirmed,
family:account-statement,flag:splitz/xas_source_event_utr_and_grn_match_experiment,depends_on,,,high_fidelity_replacement,confirmed,
family:account-statement,route:payouts/POST /v1/banking_account_statement/process/batch,implements,,,high_fidelity_replacement,confirmed,
family:account-statement,route:payouts/POST /v1/cron/banking_account_statement/fetch/initiate,implements,,,high_fidelity_replacement,confirmed,
family:account-statement,route:payouts/POST /v1/payouts/banking_account_statement/payout_update,implements,,,high_fidelity_replacement,confirmed,
family:account-statement,table:payouts/banking_account_statement,depends_on,,,high_fidelity_replacement,confirmed,
family:account-statement,table:payouts/banking_account_statement_details,depends_on,,,high_fidelity_replacement,confirmed,
family:account-statement,worker:payouts/rbl_banking_account_statement,depends_on,,,high_fidelity_replacement,confirmed,
family:account-statement,worker:payouts/x_account_statement_source_event,depends_on,,,high_fidelity_replacement,confirmed,
family:accounting,journey:accounting/v04,owns,,,,confirmed,
family:accounting,journey:accounting/v05,owns,,,,confirmed,
family:accounting,journey:accounting/v06,owns,,,,confirmed,
family:accounting,journey:accounting/v11,owns,,,,confirmed,
family:accounting,journey:accounting/v23,owns,,,,confirmed,
family:admin-ops,identity:passport-legacy-auth:admin,depends_on,,,real_source_running,confirmed,
family:admin-ops,route:payouts/PATCH /v1/admin/payouts_sync,implements,,,real_source_running,confirmed,
family:admin-ops,route:payouts/POST /v1/admin/:entity,implements,,,real_source_running,confirmed,
family:admin-ops,route:payouts/POST /v1/admin/internal_actions/query_db,implements,,,real_source_running,confirmed,
family:admin-ops,route:payouts/POST /v1/payouts/manual_action,implements,,,real_source_running,confirmed,
family:admin-ops,svc:payouts-api,depends_on,,,real_source_running,confirmed,
family:admin-ops,table:payouts/merchant_configurations,depends_on,,,real_source_running,confirmed,
family:admin-ops,table:payouts/payout_logs,depends_on,,,real_source_running,confirmed,
family:admin-ops,table:payouts/settings,depends_on,,,real_source_running,confirmed,
family:approval-workflow,ext:workflows,depends_on,,,high_fidelity_replacement,confirmed,
family:approval-workflow,flag:dcs/enable_payout_workflow,depends_on,,,high_fidelity_replacement,confirmed,
family:approval-workflow,flag:dcs/skip_approval_workflow_for_api,depends_on,,,high_fidelity_replacement,confirmed,
family:approval-workflow,flag:dcs/skip_workflow_for_dashboard,depends_on,,,high_fidelity_replacement,confirmed,
family:approval-workflow,flag:splitz/payout_workflows_dcs_name_experiment,depends_on,,,high_fidelity_replacement,confirmed,
family:approval-workflow,journey:approval-workflow/m5-approval-success,owns,,,,confirmed,
family:approval-workflow,journey:approval-workflow/m5-callback-identity,owns,,,,confirmed,
family:approval-workflow,journey:approval-workflow/m5-cancellation,owns,,,,confirmed,
family:approval-workflow,journey:approval-workflow/m5-concurrent-decisions,owns,,,,confirmed,
family:approval-workflow,journey:approval-workflow/m5-cross-org-denial,owns,,,,confirmed,
family:approval-workflow,journey:approval-workflow/m5-duplicate-approval,owns,,,,confirmed,
family:approval-workflow,journey:approval-workflow/m5-duplicate-callback,owns,,,,confirmed,
family:approval-workflow,journey:approval-workflow/m5-expiry,owns,,,,confirmed,
family:approval-workflow,journey:approval-workflow/m5-maker-checker-separation,owns,,,,confirmed,
family:approval-workflow,journey:approval-workflow/m5-rejection,owns,,,,confirmed,
family:approval-workflow,journey:approval-workflow/m5-restart-recovery,owns,,,,confirmed,
family:approval-workflow,journey:approval-workflow/m5-stale-decision,owns,,,,confirmed,
family:approval-workflow,route:payouts/PATCH /v1/workflow/state/:id,implements,,,high_fidelity_replacement,confirmed,
family:approval-workflow,route:payouts/POST /v1/payouts/payouts_internal/:payout_id/approve,implements,,,high_fidelity_replacement,confirmed,
family:approval-workflow,route:payouts/POST /v1/payouts/payouts_internal/:payout_id/reject,implements,,,high_fidelity_replacement,confirmed,
family:approval-workflow,route:payouts/POST /v1/workflow/state,implements,,,high_fidelity_replacement,confirmed,
family:approval-workflow,state:payout/pending,depends_on,,,high_fidelity_replacement,confirmed,
family:approval-workflow,state:payout/rejected,depends_on,,,high_fidelity_replacement,confirmed,
family:approval-workflow,sub:workflow-sim,depends_on,,,high_fidelity_replacement,confirmed,
family:approval-workflow,svc:payouts-api,depends_on,,,high_fidelity_replacement,confirmed,
family:approval-workflow,table:payouts/workflow_config,depends_on,,,high_fidelity_replacement,confirmed,
family:approval-workflow,table:payouts/workflow_entity_map,depends_on,,,high_fidelity_replacement,confirmed,
family:approval-workflow,table:payouts/workflow_state_map,depends_on,,,high_fidelity_replacement,confirmed,
family:async-workers,svc:payouts-worker,depends_on,,,real_source_running,confirmed,
family:async-workers,worker:payouts/api_queue_for_async_dual_write_direct_push,depends_on,,,real_source_running,confirmed,
family:async-workers,worker:payouts/async_dual_write,depends_on,,,real_source_running,confirmed,
family:async-workers,worker:payouts/batch_submitted_merchants,depends_on,,,real_source_running,confirmed,
family:async-workers,worker:payouts/bulk_payouts,depends_on,,,real_source_running,confirmed,
family:async-workers,worker:payouts/data_consistency_checker,depends_on,,,real_source_running,confirmed,
family:async-workers,worker:payouts/data_consistency_event,depends_on,,,real_source_running,confirmed,
family:async-workers,worker:payouts/fts_async_hv_processing,depends_on,,,real_source_running,confirmed,
family:async-workers,worker:payouts/fts_async_processing,depends_on,,,real_source_running,confirmed,
family:async-workers,worker:payouts/fund_management_payout_check,depends_on,,,real_source_running,confirmed,
family:async-workers,worker:payouts/fund_management_payout_initiate,depends_on,,,real_source_running,confirmed,
family:async-workers,worker:payouts/generic_processing,depends_on,,,real_source_running,confirmed,
family:async-workers,worker:payouts/on_hold_payout,depends_on,,,real_source_running,confirmed,
family:async-workers,worker:payouts/partner_bank_hold_payouts,depends_on,,,real_source_running,confirmed,
family:async-workers,worker:payouts/payout_create_failure_handling,depends_on,,,real_source_running,confirmed,
family:async-workers,worker:payouts/payout_source_updater,depends_on,,,real_source_running,confirmed,
family:async-workers,worker:payouts/payout_update_failure_handling,depends_on,,,real_source_running,confirmed,
family:async-workers,worker:payouts/payout_usage_event_processing,depends_on,,,real_source_running,confirmed,
family:async-workers,worker:payouts/queued_payout,depends_on,,,real_source_running,confirmed,
family:async-workers,worker:payouts/rbl_banking_account_statement,depends_on,,,real_source_running,confirmed,
family:async-workers,worker:payouts/schedule_payout,depends_on,,,real_source_running,confirmed,
family:async-workers,worker:payouts/transaction_create,depends_on,,,real_source_running,confirmed,
family:async-workers,worker:payouts/transaction_create,implements,,,real_source_running,confirmed,
family:async-workers,worker:payouts/webhook_event,depends_on,,,real_source_running,confirmed,
family:async-workers,worker:payouts/x_account_statement_source_event,depends_on,,,real_source_running,confirmed,
family:async-workers,worker:payouts/x_balance_payouts_event,depends_on,,,real_source_running,confirmed,
family:async-workers,worker:payouts/x_balances_balance_refresh,depends_on,,,real_source_running,confirmed,
family:balance-refresh-reservations,journey:balance-refresh-reservations/v12,owns,,,,confirmed,
family:balance-refresh-reservations,journey:balance-refresh-reservations/v13,owns,,,,confirmed,
family:bank-channel-routing,journey:bank-channel-routing/bank-ambiguous-with-utr,owns,,,,confirmed,
family:bank-channel-routing,journey:bank-channel-routing/bank-ambiguous-without-utr,owns,,,,confirmed,
family:bank-channel-routing,journey:bank-channel-routing/bank-delayed-success,owns,,,,confirmed,
family:bank-channel-routing,journey:bank-channel-routing/bank-duplicate,owns,,,,confirmed,
family:bank-channel-routing,journey:bank-channel-routing/bank-hold,owns,,,,confirmed,
family:bank-channel-routing,journey:bank-channel-routing/bank-timeout,owns,,,,confirmed,
family:bank-channel-routing,journey:bank-channel-routing/kafka-direct-after-shared,owns,,,,confirmed,
family:bank-channel-routing,journey:bank-channel-routing/kafka-failed-dropped-direct,owns,,,,confirmed,
family:bank-channel-routing,journey:bank-channel-routing/kafka-failed-dropped-shared,owns,,,,confirmed,
family:bank-channel-routing,journey:bank-channel-routing/kafka-reversed-dropped-direct,owns,,,,confirmed,
family:bank-channel-routing,journey:bank-channel-routing/kafka-shared-source-failure,owns,,,,confirmed,
family:bank-channel-routing,journey:bank-channel-routing/m4-route-r-remap,owns,,,,confirmed,
family:bank-channel-routing,journey:bank-channel-routing/m4-route-r1,owns,,,,confirmed,
family:bank-channel-routing,journey:bank-channel-routing/m4-route-r2,owns,,,,confirmed,
family:bank-channel-routing,journey:bank-channel-routing/m4-route-r3,owns,,,,confirmed,
family:bank-channel-routing,journey:bank-channel-routing/v18,owns,,,,confirmed,
family:beneficiary-fund-accounts,ext:cfa,depends_on,,,real_source_running,confirmed,
family:beneficiary-fund-accounts,ext:fts,depends_on,,,real_source_running,confirmed,
family:beneficiary-fund-accounts,flag:dcs/bene_name_in_payout,depends_on,,,real_source_running,confirmed,
family:beneficiary-fund-accounts,flag:dcs/enable_beneficiary_name_in_response,depends_on,,,real_source_running,confirmed,
family:beneficiary-fund-accounts,flag:splitz/fund_account_optimisation_experiment,depends_on,,,real_source_running,confirmed,
family:beneficiary-fund-accounts,route:payouts/GET /v1/fund_accounts/validations/:id,implements,,,real_source_running,confirmed,
family:beneficiary-fund-accounts,route:payouts/GET /v1/payouts/mapped_vpa/:upi_number,implements,,,real_source_running,confirmed,
family:beneficiary-fund-accounts,route:payouts/POST /v1/fund_accounts/validations,implements,,,real_source_running,confirmed,
family:beneficiary-fund-accounts,route:payouts/POST /v1/fund_accounts/validations/update/fts,implements,,,real_source_running,confirmed,
family:beneficiary-fund-accounts,route:payouts/POST /v1/fund_accounts/validations/update/vpa,implements,,,real_source_running,confirmed,
family:beneficiary-fund-accounts,svc:payouts-api,depends_on,,,real_source_running,confirmed,
family:beneficiary-fund-accounts,table:payouts/bank_accounts,depends_on,,,real_source_running,confirmed,
family:beneficiary-fund-accounts,table:payouts/fund_accounts,depends_on,,,real_source_running,confirmed,
family:bulk-payouts,cron:payouts/process_batch_submitted_payouts,depends_on,,,real_source_mapped_not_running,confirmed,
family:bulk-payouts,flag:splitz/bulk_payout_concurrency_experiment,depends_on,,,real_source_mapped_not_running,confirmed,
family:bulk-payouts,flag:splitz/bulk_processing_optimisation_experiment,depends_on,,,real_source_mapped_not_running,confirmed,
family:bulk-payouts,route:payouts/POST /v1/cron/process_batch_submitted_payouts,implements,,,real_source_mapped_not_running,confirmed,
family:bulk-payouts,route:payouts/POST /v1/payouts/batch/process,implements,,,real_source_mapped_not_running,confirmed,
family:bulk-payouts,route:payouts/POST /v1/payouts/bulk,implements,,,real_source_mapped_not_running,confirmed,
family:bulk-payouts,route:payouts/POST /v1/payouts/bulk/validate,implements,,,real_source_mapped_not_running,confirmed,
family:bulk-payouts,state:payout/batch_submitted,depends_on,,,real_source_mapped_not_running,confirmed,
family:bulk-payouts,svc:payouts-api,depends_on,,,real_source_mapped_not_running,confirmed,
family:bulk-payouts,table:payouts/bulk_idempotency_keys,depends_on,,,real_source_mapped_not_running,confirmed,
family:bulk-payouts,worker:payouts/batch_submitted_merchants,depends_on,,,real_source_mapped_not_running,confirmed,
family:bulk-payouts,worker:payouts/bulk_payouts,depends_on,,,real_source_mapped_not_running,confirmed,
family:data-consistency,db:payouts/tidb,depends_on,,,real_source_mapped_not_running,confirmed,
family:data-consistency,ext:api-monolith,depends_on,,,real_source_mapped_not_running,confirmed,
family:data-consistency,flag:splitz/forDualWriteDirectPushToAPI,depends_on,,,real_source_mapped_not_running,confirmed,
family:data-consistency,route:payouts/POST /v1/cron/payouts_dual_write_failure_processing,implements,,,real_source_mapped_not_running,confirmed,
family:data-consistency,route:payouts/POST /v1/cron/reverse_dual_write,implements,,,real_source_mapped_not_running,confirmed,
family:data-consistency,route:payouts/POST /v1/cron/tidb_data_consistency_check,implements,,,real_source_mapped_not_running,confirmed,
family:data-consistency,route:payouts/POST /v1/payouts/consistency_checker,implements,,,real_source_mapped_not_running,confirmed,
family:data-consistency,table:payouts/fund_transfer_attempts_temp,depends_on,,,real_source_mapped_not_running,confirmed,
family:data-consistency,table:payouts/payouts_temp,depends_on,,,real_source_mapped_not_running,confirmed,
family:data-consistency,worker:payouts/api_queue_for_async_dual_write_direct_push,depends_on,,,real_source_mapped_not_running,confirmed,
family:data-consistency,worker:payouts/async_dual_write,depends_on,,,real_source_mapped_not_running,confirmed,
family:data-consistency,worker:payouts/data_consistency_checker,depends_on,,,real_source_mapped_not_running,confirmed,
family:data-consistency,worker:payouts/data_consistency_event,depends_on,,,real_source_mapped_not_running,confirmed,
family:direct-payouts,db:payouts/redis,depends_on,,,real_source_running,confirmed,
family:direct-payouts,ext:banking-accounts,depends_on,,,real_source_running,confirmed,
family:direct-payouts,ext:fts,depends_on,,,real_source_running,confirmed,
family:direct-payouts,flag:dcs/in_flight_reservation_enabled,depends_on,,,real_source_running,confirmed,
family:direct-payouts,journey:direct-payouts/m4-a,owns,,,,confirmed,
family:direct-payouts,journey:direct-payouts/m4-b,owns,,,,confirmed,
family:direct-payouts,journey:direct-payouts/m4-c,owns,,,,confirmed,
family:direct-payouts,journey:direct-payouts/m4-d,owns,,,,confirmed,
family:direct-payouts,journey:direct-payouts/route-direct-success,owns,,,,confirmed,
family:direct-payouts,journey:direct-payouts/route-failed-direct,owns,,,,confirmed,
family:direct-payouts,journey:direct-payouts/v08,owns,,,,confirmed,
family:direct-payouts,route:payouts/POST /v1/payouts,implements,,,real_source_running,confirmed,
family:direct-payouts,svc:payouts-api,depends_on,,,real_source_running,confirmed,
family:direct-payouts,table:payouts/banking_accounts,depends_on,,,real_source_running,confirmed,
family:direct-payouts,worker:payouts/partner_bank_hold_payouts,depends_on,,,real_source_running,confirmed,
family:failure-reversal-cancellation,journey:failure-reversal-cancellation/route-failed-shared,owns,,,,confirmed,
family:failure-reversal-cancellation,journey:failure-reversal-cancellation/route-returned,owns,,,,confirmed,
family:failure-reversal-cancellation,journey:failure-reversal-cancellation/v07,owns,,,,confirmed,
family:failure-reversal-cancellation,journey:failure-reversal-cancellation/v16,owns,,,,confirmed,
family:failure-reversal-cancellation,journey:failure-reversal-cancellation/v17,owns,,,,confirmed,
family:failure-reversal-cancellation,route:payouts/PATCH /v1/payouts/update_payouts_with_fts,implements,,,real_source_running,confirmed,
family:failure-reversal-cancellation,route:payouts/POST /v1/payouts/cancel_payout/:payout_id,implements,,,real_source_running,confirmed,
family:failure-reversal-cancellation,state:payout/cancelled,depends_on,,,real_source_running,confirmed,
family:failure-reversal-cancellation,state:payout/failed,depends_on,,,real_source_running,confirmed,
family:failure-reversal-cancellation,state:payout/reversed,depends_on,,,real_source_running,confirmed,
family:failure-reversal-cancellation,table:payouts/payout_status_details,depends_on,,,real_source_running,confirmed,
family:failure-reversal-cancellation,table:payouts/reversals,depends_on,,,real_source_running,confirmed,
family:failure-reversal-cancellation,worker:payouts/payout_create_failure_handling,depends_on,,,real_source_running,confirmed,
family:failure-reversal-cancellation,worker:payouts/payout_update_failure_handling,depends_on,,,real_source_running,confirmed,
family:fetch-list,db:payouts/elasticsearch,depends_on,,,real_source_running,confirmed,
family:fetch-list,flag:splitz/fetch_by_id_api_fallback_experiment,depends_on,,,real_source_running,confirmed,
family:fetch-list,flag:splitz/fetch_from_microservices_experiment,depends_on,,,real_source_running,confirmed,
family:fetch-list,flag:splitz/fetch_payout_by_id_via_orchestrator_experiment,depends_on,,,real_source_running,confirmed,
family:fetch-list,flag:splitz/use_api_db_for_payouts_experiment,depends_on,,,real_source_running,confirmed,
family:fetch-list,route:payouts/GET /v1/payouts,implements,,,real_source_running,confirmed,
family:fetch-list,route:payouts/GET /v1/payouts/:id,implements,,,real_source_running,confirmed,
family:fetch-list,route:payouts/GET /v1/payouts/fetch_multiple,implements,,,real_source_running,confirmed,
family:fetch-list,route:payouts/GET /v1/payouts/status_details/:id,implements,,,real_source_running,confirmed,
family:fetch-list,svc:payouts-api,depends_on,,,real_source_running,confirmed,
family:fetch-list,table:payouts/payout_status_details,depends_on,,,real_source_running,confirmed,
family:fund-management-payouts,cron:payouts/fund_management_payouts_check,depends_on,,,real_source_mapped_not_running,confirmed,
family:fund-management-payouts,flag:dcs/fmp_config,depends_on,,,real_source_mapped_not_running,confirmed,
family:fund-management-payouts,flag:splitz/fmp_initiate_experiment,depends_on,,,real_source_mapped_not_running,confirmed,
family:fund-management-payouts,route:payouts/POST /v1/cron/fund_management_payouts/check,implements,,,real_source_mapped_not_running,confirmed,
family:fund-management-payouts,route:payouts/PUT /v1/fund-management-payout/balance-config/merchants/:merchant_id,implements,,,real_source_mapped_not_running,confirmed,
family:fund-management-payouts,worker:payouts/fund_management_payout_check,depends_on,,,real_source_mapped_not_running,confirmed,
family:fund-management-payouts,worker:payouts/fund_management_payout_initiate,depends_on,,,real_source_mapped_not_running,confirmed,
family:idempotency-retries,flag:dcs/payout_idem_key_required,depends_on,,,real_source_running,confirmed,
family:idempotency-retries,flag:splitz/forDuplicatePayoutEvaluate,depends_on,,,real_source_running,confirmed,
family:idempotency-retries,flag:splitz/ikey_auto_enforcement_ramp_up,depends_on,,,real_source_running,confirmed,
family:idempotency-retries,journey:idempotency-retries/m4-g52,owns,,,,confirmed,
family:idempotency-retries,journey:idempotency-retries/v01,owns,,,,confirmed,
family:idempotency-retries,journey:idempotency-retries/v02,owns,,,,confirmed,
family:idempotency-retries,journey:idempotency-retries/v03,owns,,,,confirmed,
family:idempotency-retries,route:payouts/GET /v1/idempotency-keys/check-excluded,implements,,,real_source_running,confirmed,
family:idempotency-retries,route:payouts/POST /v1/payouts,implements,,,real_source_running,confirmed,
family:idempotency-retries,route:payouts/POST /v1/payouts/duplicate_payout_evaluate,implements,,,real_source_running,confirmed,
family:idempotency-retries,route:payouts/POST /v1/payouts/retry,implements,,,real_source_running,confirmed,
family:idempotency-retries,table:payouts/bulk_idempotency_keys,depends_on,,,real_source_running,confirmed,
family:idempotency-retries,table:payouts/duplicate_prevention_config,depends_on,,,real_source_running,confirmed,
family:idempotency-retries,table:payouts/idempotency_key_exclusions,depends_on,,,real_source_running,confirmed,
family:idempotency-retries,table:payouts/idempotency_keys,depends_on,,,real_source_running,confirmed,
family:idempotency-retries,table:payouts/payout_attempts,depends_on,,,real_source_running,confirmed,
family:internal-service-routes,identity:payouts-basic-auth:api,depends_on,,,real_source_running,confirmed,
family:internal-service-routes,identity:payouts-basic-auth:bankingaccounts,depends_on,,,real_source_running,confirmed,
family:internal-service-routes,identity:payouts-basic-auth:fts,depends_on,,,real_source_running,confirmed,
family:internal-service-routes,identity:payouts-basic-auth:irctc,depends_on,,,real_source_running,confirmed,
family:internal-service-routes,identity:payouts-basic-auth:merchantconfiguration,depends_on,,,real_source_running,confirmed,
family:internal-service-routes,identity:payouts-basic-auth:settlements,depends_on,,,real_source_running,confirmed,
family:internal-service-routes,identity:payouts-basic-auth:vendorpayments,depends_on,,,real_source_running,confirmed,
family:internal-service-routes,identity:payouts-basic-auth:workflow,depends_on,,,real_source_running,confirmed,
family:internal-service-routes,identity:payouts-basic-auth:xbalances,depends_on,,,real_source_running,confirmed,
family:internal-service-routes,identity:payouts-basic-auth:xperience,depends_on,,,real_source_running,confirmed,
family:internal-service-routes,journey:internal-service-routes/m4-g46,owns,,,,confirmed,
family:internal-service-routes,journey:internal-service-routes/m4-g47,owns,,,,confirmed,
family:internal-service-routes,journey:internal-service-routes/m4-g48,owns,,,,confirmed,
family:internal-service-routes,journey:internal-service-routes/m4-g49,owns,,,,confirmed,
family:internal-service-routes,journey:internal-service-routes/m4-g50,owns,,,,confirmed,
family:internal-service-routes,journey:internal-service-routes/m4-hd3,owns,,,,confirmed,
family:internal-service-routes,journey:internal-service-routes/v15,owns,,,,confirmed,
family:internal-service-routes,route:payouts/GET /v1/internal/non_terminal_payouts/:balance_id,implements,,,real_source_running,confirmed,
family:internal-service-routes,route:payouts/POST /v1/merchant_onboarding,implements,,,real_source_running,confirmed,
family:internal-service-routes,route:payouts/POST /v1/payouts/manual_action,implements,,,real_source_running,confirmed,
family:internal-service-routes,svc:payouts-api,depends_on,,,real_source_running,confirmed,
family:merchant-onboarding-config,ext:asv,depends_on,,,real_source_running,confirmed,
family:merchant-onboarding-config,flag:dcs/rzp/x/merchant/payouts/ApiInterface,depends_on,,,real_source_running,confirmed,
family:merchant-onboarding-config,flag:splitz/merchant_config_via_asv_and_dcs_experiment,depends_on,,,real_source_running,confirmed,
family:merchant-onboarding-config,flag:splitz/merchant_configuration_experiment,depends_on,,,real_source_running,confirmed,
family:merchant-onboarding-config,route:payouts/POST /v1/admin/merchant-configuration,implements,,,real_source_running,confirmed,
family:merchant-onboarding-config,route:payouts/POST /v1/cron/merchant_configuration,implements,,,real_source_running,confirmed,
family:merchant-onboarding-config,route:payouts/POST /v1/merchant_onboarding,implements,,,real_source_running,confirmed,
family:merchant-onboarding-config,table:payouts/merchant_configurations,depends_on,,,real_source_running,confirmed,
family:observability-sla,db:payouts/tidb,depends_on,,,graph_only,confirmed,
family:observability-sla,route:payouts/POST /v1/cron/payouts_sla_breach_monitor,implements,,,graph_only,confirmed,
family:observability-sla,route:payouts/PUT /v1/cron/log_sampling,implements,,,graph_only,confirmed,
family:observability-sla,svc:payouts-api,depends_on,,,graph_only,confirmed,
family:on-hold,cron:payouts/process_beneficiary_bank_on_hold_payouts,depends_on,,,real_source_running,confirmed,
family:on-hold,cron:payouts/process_queued_payouts,depends_on,,,real_source_running,confirmed,
family:on-hold,flag:splitz/downtime_v2_webhook_notification_experiment,depends_on,,,real_source_running,confirmed,
family:on-hold,flag:splitz/partner_bank_on_hold_payouts_experiment,depends_on,,,real_source_running,confirmed,
family:on-hold,route:payouts/POST /v1/cron/process_beneficiary_bank_on_hold_payouts,implements,,,real_source_running,confirmed,
family:on-hold,route:payouts/POST /v1/cron/process_queued_payouts,implements,,,real_source_running,confirmed,
family:on-hold,route:payouts/POST /v1/notify/downtime,implements,,,real_source_running,confirmed,
family:on-hold,route:payouts/POST /v1/payouts/bene_bank_status_update,implements,,,real_source_running,confirmed,
family:on-hold,route:payouts/POST /v1/payouts/on_hold/process,implements,,,real_source_running,confirmed,
family:on-hold,state:payout/on_hold,depends_on,,,real_source_running,confirmed,
family:on-hold,worker:payouts/on_hold_payout,depends_on,,,real_source_running,confirmed,
family:on-hold,worker:payouts/partner_bank_hold_payouts,depends_on,,,real_source_running,confirmed,
family:pricing-free-payouts,ext:pricing,depends_on,,,high_fidelity_replacement,confirmed,
family:pricing-free-payouts,flag:splitz/deduct_credits_experiment,depends_on,,,high_fidelity_replacement,confirmed,
family:pricing-free-payouts,flag:splitz/free_payouts_xbalances_experiment,depends_on,,,high_fidelity_replacement,confirmed,
family:pricing-free-payouts,route:payouts/GET /v1/admin/payouts/:balance_id/free_payout,implements,,,high_fidelity_replacement,confirmed,
family:pricing-free-payouts,route:payouts/GET /v1/payouts/free_payout/:balance_id,implements,,,high_fidelity_replacement,confirmed,
family:pricing-free-payouts,route:payouts/POST /v1/admin/free_payout/:balance_id,implements,,,high_fidelity_replacement,confirmed,
family:pricing-free-payouts,route:payouts/POST /v1/payouts/free_payout_migration,implements,,,high_fidelity_replacement,confirmed,
family:pricing-free-payouts,route:payouts/POST /v1/payouts/rzp_fees_payout,implements,,,high_fidelity_replacement,confirmed,
family:pricing-free-payouts,route:payouts/POST /v1/payouts/set_pricing_rule_info,implements,,,high_fidelity_replacement,confirmed,
family:pricing-free-payouts,table:payouts/counter_transaction,depends_on,,,high_fidelity_replacement,confirmed,
family:pricing-free-payouts,table:payouts/counters,depends_on,,,high_fidelity_replacement,confirmed,
family:queued-low-balance,cron:payouts/process_inflight_reservation_reconciliation,depends_on,,,real_source_running,confirmed,
family:queued-low-balance,cron:payouts/process_queued_low_balance_payouts,depends_on,,,real_source_running,confirmed,
family:queued-low-balance,db:payouts/redis,depends_on,,,real_source_running,confirmed,
family:queued-low-balance,flag:dcs/enable_payouts_queue_buffer,depends_on,,,real_source_running,confirmed,
family:queued-low-balance,flag:dcs/in_flight_reservation_enabled,depends_on,,,real_source_running,confirmed,
family:queued-low-balance,flag:dcs/queue_payout_bal_buffer,depends_on,,,real_source_running,confirmed,
family:queued-low-balance,flag:splitz/skip_balance_cache_force_x_balances,depends_on,,,real_source_running,confirmed,
family:queued-low-balance,journey:queued-low-balance/route-queued,owns,,,,confirmed,
family:queued-low-balance,journey:queued-low-balance/v09,owns,,,,confirmed,
family:queued-low-balance,journey:queued-low-balance/v10,owns,,,,confirmed,
family:queued-low-balance,journey:queued-low-balance/v24,owns,,,,confirmed,
family:queued-low-balance,route:payouts/GET /v1/inflight_reservations,implements,,,real_source_running,confirmed,
family:queued-low-balance,route:payouts/POST /v1/cron/process_queued_low_balance_payouts,implements,,,real_source_running,confirmed,
family:queued-low-balance,route:payouts/POST /v1/payouts/balance_update_event,implements,,,real_source_running,confirmed,
family:queued-low-balance,state:payout/queued,depends_on,,,real_source_running,confirmed,
family:queued-low-balance,worker:payouts/queued_payout,depends_on,,,real_source_running,confirmed,
family:queued-low-balance,worker:payouts/x_balances_balance_refresh,depends_on,,,real_source_running,confirmed,
family:risk-validation,ext:shield,depends_on,,,high_fidelity_replacement,confirmed,
family:risk-validation,flag:splitz/forDuplicatePayoutEvaluate,depends_on,,,high_fidelity_replacement,confirmed,
family:risk-validation,route:payouts/POST /v1/payouts/duplicate_payout_evaluate,implements,,,high_fidelity_replacement,confirmed,
family:risk-validation,route:payouts/POST /v1/payouts/shield/evaluate,implements,,,high_fidelity_replacement,confirmed,
family:risk-validation,table:payouts/duplicate_prevention_config,depends_on,,,high_fidelity_replacement,confirmed,
family:scheduled-payouts,cron:payouts/process_scheduled_payouts,depends_on,,,real_source_running,confirmed,
family:scheduled-payouts,journey:scheduled-payouts/route-scheduled,owns,,,,confirmed,
family:scheduled-payouts,route:payouts/GET /v1/payouts/schedule/timeslots,implements,,,real_source_running,confirmed,
family:scheduled-payouts,route:payouts/POST /v1/cron/process_scheduled_payouts,implements,,,real_source_running,confirmed,
family:scheduled-payouts,route:payouts/POST /v1/payouts/scheduled/process,implements,,,real_source_running,confirmed,
family:scheduled-payouts,state:payout/scheduled,depends_on,,,real_source_running,confirmed,
family:scheduled-payouts,worker:payouts/schedule_payout,depends_on,,,real_source_running,confirmed,
family:shared-payouts,ext:fts,depends_on,,,real_source_running,confirmed,
family:shared-payouts,ext:ledger,depends_on,,,real_source_running,confirmed,
family:shared-payouts,ext:x-balances,depends_on,,,real_source_running,confirmed,
family:shared-payouts,journey:shared-payouts/golden-shared,owns,,,,confirmed,
family:shared-payouts,journey:shared-payouts/v14,owns,,,,confirmed,
family:shared-payouts,journey:shared-payouts/v20,owns,,,,confirmed,
family:shared-payouts,journey:shared-payouts/v22,owns,,,,confirmed,
family:shared-payouts,route:payouts/POST /v1/payouts,implements,,,real_source_running,confirmed,
family:shared-payouts,route:payouts/POST /v1/payouts/payout_internal,implements,,,real_source_running,confirmed,
family:shared-payouts,route:payouts/POST /v2/payouts,implements,,,real_source_running,confirmed,
family:shared-payouts,svc:payouts-api,depends_on,,,real_source_running,confirmed,
family:shared-payouts,table:payouts/payout_details,depends_on,,,real_source_running,confirmed,
family:shared-payouts,table:payouts/payouts,depends_on,,,real_source_running,confirmed,
family:shared-payouts,worker:payouts/fts_async_hv_processing,depends_on,,,real_source_running,confirmed,
family:shared-payouts,worker:payouts/fts_async_processing,depends_on,,,real_source_running,confirmed,
family:shared-payouts,worker:payouts/transaction_create,depends_on,,,real_source_running,confirmed,
family:source-updates,event:payout.status_update.sns,depends_on,,,real_source_mapped_not_running,confirmed,
family:source-updates,ext:aws-sns,depends_on,,,real_source_mapped_not_running,confirmed,
family:source-updates,flag:splitz/source_updater_sns_experiment,depends_on,,,real_source_mapped_not_running,confirmed,
family:source-updates,route:payouts/POST /v1/payouts/retry/source_update,implements,,,real_source_mapped_not_running,confirmed,
family:source-updates,table:payouts/payout_sources,depends_on,,,real_source_mapped_not_running,confirmed,
family:source-updates,table:payouts/source_request_id_mapping,depends_on,,,real_source_mapped_not_running,confirmed,
family:source-updates,topic:payout-updates-capital-collections,depends_on,,,real_source_mapped_not_running,confirmed,
family:source-updates,topic:payout-updates-charge-collections,depends_on,,,real_source_mapped_not_running,confirmed,
family:source-updates,topic:payout-updates-cross-border,depends_on,,,real_source_mapped_not_running,confirmed,
family:source-updates,topic:payout-updates-generic-accounting,depends_on,,,real_source_mapped_not_running,confirmed,
family:source-updates,topic:payout-updates-payout-links,depends_on,,,real_source_mapped_not_running,confirmed,
family:source-updates,topic:payout-updates-petty-cash,depends_on,,,real_source_mapped_not_running,confirmed,
family:source-updates,topic:payout-updates-refunds,depends_on,,,real_source_mapped_not_running,confirmed,
family:source-updates,topic:payout-updates-settlements,depends_on,,,real_source_mapped_not_running,confirmed,
family:source-updates,topic:payout-updates-vendor-payments,depends_on,,,real_source_mapped_not_running,confirmed,
family:source-updates,topic:payout-updates-xpayroll,depends_on,,,real_source_mapped_not_running,confirmed,
family:source-updates,worker:payouts/payout_source_updater,depends_on,,,real_source_mapped_not_running,confirmed,
family:source-updates,worker:payouts/payout_source_updater,implements,,,real_source_mapped_not_running,confirmed,
family:statement-reconciliation,journey:statement-reconciliation/m4-e,owns,,,,confirmed,
family:statement-reconciliation,journey:statement-reconciliation/m4-f,owns,,,,confirmed,
family:statement-reconciliation,journey:statement-reconciliation/m4-g,owns,,,,confirmed,
family:statement-reconciliation,journey:statement-reconciliation/v19,owns,,,,confirmed,
family:usage-events,ext:kafka,depends_on,,,real_source_mapped_not_running,confirmed,
family:usage-events,flag:splitz/forPayoutPropertiesEventEvaluate,depends_on,,,real_source_mapped_not_running,confirmed,
family:usage-events,worker:payouts/payout_usage_event_processing,depends_on,,,real_source_mapped_not_running,confirmed,
family:usage-events,worker:payouts/payout_usage_event_processing,implements,,,real_source_mapped_not_running,confirmed,
family:va-payouts,event:ledger/va_to_va_payout_failed,depends_on,,,real_source_mapped_not_running,confirmed,
family:va-payouts,event:ledger/va_to_va_payout_initiated,depends_on,,,real_source_mapped_not_running,confirmed,
family:va-payouts,ext:x-balances,depends_on,,,real_source_mapped_not_running,confirmed,
family:va-payouts,flag:dcs/assume_sub_account,depends_on,,,real_source_mapped_not_running,confirmed,
family:va-payouts,route:payouts/GET /v1/internal/banking_account/:balance_id,implements,,,real_source_mapped_not_running,confirmed,
family:va-payouts,route:payouts/PATCH /v1/payouts/update_credit_transfer_payout,implements,,,real_source_mapped_not_running,confirmed,
family:va-payouts,worker:payouts/x_balance_payouts_event,depends_on,,,real_source_mapped_not_running,confirmed,
family:webhooks,event:payout.failed,depends_on,,,real_source_running,confirmed,
family:webhooks,event:payout.initiated,depends_on,,,real_source_running,confirmed,
family:webhooks,event:payout.pending,depends_on,,,real_source_running,confirmed,
family:webhooks,event:payout.processed,depends_on,,,real_source_running,confirmed,
family:webhooks,event:payout.queued,depends_on,,,real_source_running,confirmed,
family:webhooks,event:payout.rejected,depends_on,,,real_source_running,confirmed,
family:webhooks,event:payout.reversed,depends_on,,,real_source_running,confirmed,
family:webhooks,event:payout.updated,depends_on,,,real_source_running,confirmed,
family:webhooks,ext:stork,depends_on,,,real_source_running,confirmed,
family:webhooks,journey:webhooks/m4-g34,owns,,,,confirmed,
family:webhooks,journey:webhooks/v21,owns,,,,confirmed,
family:webhooks,table:payouts/event_outbox,depends_on,,,real_source_running,confirmed,
family:webhooks,worker:payouts/webhook_event,depends_on,,,real_source_running,confirmed,
family:webhooks,worker:payouts/webhook_event,implements,,,real_source_running,confirmed,
flag:arena/ARENA_DCS_URL,sub:dcs-stub,gated_by,build/apply-arena-patches.sh,,,confirmed,
flag:arena/ARENA_MOZART_IMPL,sub:mozart-mock,gated_by,compose profile mozart-real,,,confirmed,
flag:arena/ARENA_MOZART_IMPL,sub:mozart-sim,gated_by,{{MOZART.url}},,,confirmed,
flag:arena/ARENA_ROUTE_PROFILE,svc:fts-web,gated_by,kafka_producers.fire_transfer_status.enabled + splitz.experiments,,,confirmed,
flag:arena/ARENA_ROUTE_PROFILE,svc:payouts-api,gated_by,configs.fts_request_from_ps whitelist_env,,,confirmed,
flag:arena/ARENA_STORK_JSON,sub:stork-capture,gated_by,build/apply-arena-patches.sh,,,confirmed,
flag:arena/ARENA_WORKFLOW_HOST,sub:workflow-sim,gated_by,payouts [workflow] host token,,,confirmed,
flag:arena/KONG_ENFORCE_ROUTE_POLICY,sub:kong-lite,gated_by,route_policy.classify fail-closed,,,confirmed,
flag:arena/PS_RELAY_MODE,sub:monolith-stub,gated_by,relay drop/hold/release,,,confirmed,
identity:admin-token,route:api-monolith/ANY service/batch/{path?},authenticates,Route::$admin (Route.php:9332),,graph_only,confirmed,api/app/Http/Route.php:9332;api/app/Http/Middleware/Authenticate.php:287-341
identity:admin-token,route:api-monolith/GET wf-service/workflows,authenticates,Route::$admin (Route.php:9783),,graph_only,confirmed,api/app/Http/Route.php:9783;api/app/Http/Middleware/Authenticate.php:287-341
identity:admin-token,route:api-monolith/PATCH fund_transfer_attempts,authenticates,Route::$admin (Route.php:9146),,graph_only,confirmed,api/app/Http/Route.php:9146;api/app/Http/Middleware/Authenticate.php:287-341
identity:admin-token,route:api-monolith/PATCH payouts/manual/status_update/batch,authenticates,Route::$admin (Route.php:9874),,graph_only,confirmed,api/app/Http/Route.php:9874;api/app/Http/Middleware/Authenticate.php:287-341
identity:admin-token,route:api-monolith/PATCH payouts/{id}/manual/status,authenticates,Route::$admin (Route.php:9873),,graph_only,confirmed,api/app/Http/Route.php:9873;api/app/Http/Middleware/Authenticate.php:287-341
identity:admin-token,route:api-monolith/PATCH wf-service/configs,authenticates,Route::$admin (Route.php:9781),,graph_only,confirmed,api/app/Http/Route.php:9781;api/app/Http/Middleware/Authenticate.php:287-341
identity:admin-token,route:api-monolith/POST admin/batches,authenticates,Route::$admin (Route.php:8975),,graph_only,confirmed,api/app/Http/Route.php:8975;api/app/Http/Middleware/Authenticate.php:287-341
identity:admin-token,route:api-monolith/POST admin/payouts/cancel,authenticates,Route::$admin (Route.php:8889),,graph_only,confirmed,api/app/Http/Route.php:8889;api/app/Http/Middleware/Authenticate.php:287-341
identity:admin-token,route:api-monolith/POST admin/payouts/workflow_retry,authenticates,Route::$admin (Route.php:9797),,graph_only,confirmed,api/app/Http/Route.php:9797;api/app/Http/Middleware/Authenticate.php:287-341
identity:admin-token,route:api-monolith/POST banking_account_statement/source/update,authenticates,Route::$admin (Route.php:9907),,graph_only,confirmed,api/app/Http/Route.php:9907;api/app/Http/Middleware/Authenticate.php:287-341
identity:admin-token,route:api-monolith/POST payouts/fee_recovery,authenticates,Route::$admin (Route.php:9718),,graph_only,confirmed,api/app/Http/Route.php:9718;api/app/Http/Middleware/Authenticate.php:287-341
identity:admin-token,route:api-monolith/POST payouts/manual_action,authenticates,Route::$admin (Route.php:10208),,graph_only,confirmed,api/app/Http/Route.php:10208;api/app/Http/Middleware/Authenticate.php:287-341
identity:admin-token,route:api-monolith/POST payouts/{id}/retry,authenticates,Route::$admin (Route.php:9037),,graph_only,confirmed,api/app/Http/Route.php:9037;api/app/Http/Middleware/Authenticate.php:287-341
identity:admin-token,route:api-monolith/POST wf-service/action,authenticates,Route::$admin (Route.php:9785),,graph_only,confirmed,api/app/Http/Route.php:9785;api/app/Http/Middleware/Authenticate.php:287-341
identity:admin-token,route:api-monolith/POST wf-service/configs,authenticates,Route::$admin (Route.php:9780),,graph_only,confirmed,api/app/Http/Route.php:9780;api/app/Http/Middleware/Authenticate.php:287-341
identity:admin-token,svc:edge-kong,authenticates,Kong auth plugin resolves the consumer,,behavioural_placeholder,confirmed,terraform-kong/prod/api/api.tf:655-725;edge/kong-plugins/kong-plugin-authz-enforcer/kong/plugins/authz-enforcer/handler.lua:1
identity:batch-inbound-basic,route:batch/GET /batch-entry,authenticates,"Spring HTTP Basic, in-memory user set",,graph_only,confirmed,batch/src/main/java/com/razorpay/batch/security/BasicAuthenticationAdapter.java:23-127
identity:batch-inbound-basic,route:batch/GET /batch/{id},authenticates,"Spring HTTP Basic, in-memory user set",,graph_only,confirmed,batch/src/main/java/com/razorpay/batch/security/BasicAuthenticationAdapter.java:23-127
identity:batch-inbound-basic,route:batch/GET /direct/batch,authenticates,"Spring HTTP Basic, in-memory user set",,graph_only,confirmed,batch/src/main/java/com/razorpay/batch/security/BasicAuthenticationAdapter.java:23-127
identity:batch-inbound-basic,route:batch/GET /health_check,authenticates,"Spring HTTP Basic, in-memory user set",,graph_only,confirmed,batch/src/main/java/com/razorpay/batch/security/BasicAuthenticationAdapter.java:23-127
identity:batch-inbound-basic,route:batch/POST /batch,authenticates,"Spring HTTP Basic, in-memory user set",,graph_only,confirmed,batch/src/main/java/com/razorpay/batch/security/BasicAuthenticationAdapter.java:23-127
identity:batch-inbound-basic,route:batch/POST /batch/{batchId}/{action},authenticates,"Spring HTTP Basic, in-memory user set",,graph_only,confirmed,batch/src/main/java/com/razorpay/batch/security/BasicAuthenticationAdapter.java:23-127
identity:batch-inbound-basic,route:batch/POST /direct/validate,authenticates,"Spring HTTP Basic, in-memory user set",,graph_only,confirmed,batch/src/main/java/com/razorpay/batch/security/BasicAuthenticationAdapter.java:23-127
identity:batch-inbound-basic,route:batch/PUT /batch,authenticates,"Spring HTTP Basic, in-memory user set",,graph_only,confirmed,batch/src/main/java/com/razorpay/batch/security/BasicAuthenticationAdapter.java:23-127
identity:dashboard-session,route:api-monolith/DELETE workflow/config,authenticates,Route::$proxy (Route.php:8608),,graph_only,confirmed,api/app/Http/Route.php:8608;api/app/Http/Middleware/Authenticate.php:287-341
identity:dashboard-session,route:api-monolith/GET batches/{id},authenticates,Route::$proxy (Route.php:7701),,graph_only,confirmed,api/app/Http/Route.php:7701;api/app/Http/Middleware/Authenticate.php:287-341
identity:dashboard-session,route:api-monolith/GET payouts/_meta/wf_config,authenticates,Route::$proxy (Route.php:8024),,graph_only,confirmed,api/app/Http/Route.php:8024;api/app/Http/Middleware/Authenticate.php:287-341
identity:dashboard-session,route:api-monolith/GET wf-service/configs/{id},authenticates,Route::$proxy (Route.php:8356),,graph_only,confirmed,api/app/Http/Route.php:8356;api/app/Http/Middleware/Authenticate.php:287-341
identity:dashboard-session,route:api-monolith/GET workflow/config,authenticates,Route::$proxy (Route.php:8607),,graph_only,confirmed,api/app/Http/Route.php:8607;api/app/Http/Middleware/Authenticate.php:287-341
identity:dashboard-session,route:api-monolith/PATCH workflow/config,authenticates,Route::$proxy (Route.php:8606),,graph_only,confirmed,api/app/Http/Route.php:8606;api/app/Http/Middleware/Authenticate.php:287-341
identity:dashboard-session,route:api-monolith/POST batches,authenticates,Route::$proxy (Route.php:7696),,graph_only,confirmed,api/app/Http/Route.php:7696;api/app/Http/Middleware/Authenticate.php:287-341
identity:dashboard-session,route:api-monolith/POST batches/validate,authenticates,Route::$proxy (Route.php:7698),,graph_only,confirmed,api/app/Http/Route.php:7698;api/app/Http/Middleware/Authenticate.php:287-341
identity:dashboard-session,route:api-monolith/POST composite_payout_with_otp,authenticates,Route::$proxy (Route.php:8003),,graph_only,confirmed,api/app/Http/Route.php:8003;api/app/Http/Middleware/Authenticate.php:287-341
identity:dashboard-session,route:api-monolith/POST payouts/2fa/create,authenticates,Route::$proxy (Route.php:8004),,graph_only,confirmed,api/app/Http/Route.php:8004;api/app/Http/Middleware/Authenticate.php:287-341
identity:dashboard-session,route:api-monolith/POST payouts/approve/bulk,authenticates,Route::$proxy (Route.php:8016),,graph_only,confirmed,api/app/Http/Route.php:8016;api/app/Http/Middleware/Authenticate.php:287-341
identity:dashboard-session,route:api-monolith/POST payouts/batch/validate,authenticates,Route::$proxy (Route.php:8370),,graph_only,confirmed,api/app/Http/Route.php:8370;api/app/Http/Middleware/Authenticate.php:287-341
identity:dashboard-session,route:api-monolith/POST payouts/batch/{id}/process,authenticates,Route::$proxy (Route.php:8373),,graph_only,confirmed,api/app/Http/Route.php:8373;api/app/Http/Middleware/Authenticate.php:287-341
identity:dashboard-session,route:api-monolith/POST payouts/bulk,authenticates,Route::$proxy (Route.php:8034),,graph_only,confirmed,api/app/Http/Route.php:8034;api/app/Http/Middleware/Authenticate.php:287-341
identity:dashboard-session,route:api-monolith/POST payouts/bulk_approve,authenticates,Route::$proxy (Route.php:8035),,graph_only,confirmed,api/app/Http/Route.php:8035;api/app/Http/Middleware/Authenticate.php:287-341
identity:dashboard-session,route:api-monolith/POST payouts/reject/bulk,authenticates,Route::$proxy (Route.php:8017),,graph_only,confirmed,api/app/Http/Route.php:8017;api/app/Http/Middleware/Authenticate.php:287-341
identity:dashboard-session,route:api-monolith/POST payouts/{id}/approve,authenticates,Route::$proxy (Route.php:8018),,graph_only,confirmed,api/app/Http/Route.php:8018;api/app/Http/Middleware/Authenticate.php:287-341
identity:dashboard-session,route:api-monolith/POST payouts/{id}/reject,authenticates,Route::$proxy (Route.php:8020),,graph_only,confirmed,api/app/Http/Route.php:8020;api/app/Http/Middleware/Authenticate.php:287-341
identity:dashboard-session,route:api-monolith/POST payouts_with_otp,authenticates,Route::$proxy (Route.php:8002),,graph_only,confirmed,api/app/Http/Route.php:8002;api/app/Http/Middleware/Authenticate.php:287-341
identity:dashboard-session,route:api-monolith/POST workflow/config,authenticates,Route::$proxy (Route.php:8605),,graph_only,confirmed,api/app/Http/Route.php:8605;api/app/Http/Middleware/Authenticate.php:287-341
identity:dashboard-session,route:api-monolith/POST xperience/bulk-payouts/approve,authenticates,Route::$proxy (Route.php:8625),,graph_only,confirmed,api/app/Http/Route.php:8625;api/app/Http/Middleware/Authenticate.php:287-341
identity:dashboard-session,svc:edge-kong,authenticates,Kong auth plugin resolves the consumer,,behavioural_placeholder,confirmed,terraform-kong/prod/api/api.tf:655-725;edge/kong-plugins/kong-plugin-authz-enforcer/kong/plugins/authz-enforcer/handler.lua:1
identity:fts-basic-auth:alert,route:fts/DELETE /v1/channel_health_events/schedules,authenticates,,,real_source_running,confirmed,fts/internal/routing/router/route_list.go:196
identity:fts-basic-auth:alert,route:fts/PATCH /v1/channel_health_events/schedules,authenticates,,,real_source_running,confirmed,fts/internal/routing/router/route_list.go:195
identity:fts-basic-auth:alert,route:fts/PATCH /v1/channel_health_events/test_transaction/status,authenticates,,,real_source_running,confirmed,fts/internal/routing/router/route_list.go:199
identity:fts-basic-auth:alert,route:fts/POST /v1/alert_manager,authenticates,,,real_source_running,confirmed,fts/internal/routing/router/route_list.go:298
identity:fts-basic-auth:alert,route:fts/POST /v1/channel_health_events/alert_action,authenticates,,,real_source_running,confirmed,fts/internal/routing/router/route_list.go:193
identity:fts-basic-auth:alert,route:fts/POST /v1/channel_health_events/fail_fast_status/manual_update,authenticates,,,real_source_running,confirmed,fts/internal/routing/router/route_list.go:198
identity:fts-basic-auth:alert,route:fts/POST /v1/channel_health_events/manual_override,authenticates,,,real_source_running,confirmed,fts/internal/routing/router/route_list.go:197
identity:fts-basic-auth:alert,route:fts/POST /v1/channel_health_events/schedules,authenticates,,,real_source_running,confirmed,fts/internal/routing/router/route_list.go:194
identity:fts-basic-auth:api,route:fts/DELETE /v1/account_type_mappings,authenticates,,,real_source_running,confirmed,fts/internal/routing/router/route_list.go:233
identity:fts-basic-auth:api,route:fts/DELETE /v1/channel_health_events/schedules,authenticates,,,real_source_running,confirmed,fts/internal/routing/router/route_list.go:196
identity:fts-basic-auth:api,route:fts/DELETE /v1/direct_account_routing_rules,authenticates,,,real_source_running,confirmed,fts/internal/routing/router/route_list.go:132
identity:fts-basic-auth:api,route:fts/DELETE /v1/merchant_configurations,authenticates,,,real_source_running,confirmed,fts/internal/routing/router/route_list.go:288
identity:fts-basic-auth:api,route:fts/DELETE /v1/preferred_routing_weights,authenticates,,,real_source_running,confirmed,fts/internal/routing/router/route_list.go:221
identity:fts-basic-auth:api,route:fts/DELETE /v1/source_account,authenticates,,,real_source_running,confirmed,fts/internal/routing/router/route_list.go:73
identity:fts-basic-auth:api,route:fts/DELETE /v1/source_account_mappings,authenticates,,,real_source_running,confirmed,fts/internal/routing/router/route_list.go:120
identity:fts-basic-auth:api,route:fts/GET /v1/account,authenticates,,,real_source_running,confirmed,fts/internal/routing/router/route_list.go:60
identity:fts-basic-auth:api,route:fts/GET /v1/account/status,authenticates,,,real_source_running,confirmed,fts/internal/routing/router/route_list.go:61
identity:fts-basic-auth:api,route:fts/GET /v1/account_type_mappings,authenticates,,,real_source_running,confirmed,fts/internal/routing/router/route_list.go:231
identity:fts-basic-auth:api,route:fts/GET /v1/cron_jobs_dashboard/status_with_entity,authenticates,,,real_source_running,confirmed,fts/internal/routing/router/route_list.go:243
identity:fts-basic-auth:api,route:fts/GET /v1/direct_account_routing_rules,authenticates,,,real_source_running,confirmed,fts/internal/routing/router/route_list.go:133
identity:fts-basic-auth:api,route:fts/GET /v1/holiday,authenticates,,,real_source_running,confirmed,fts/internal/routing/router/route_list.go:49
identity:fts-basic-auth:api,route:fts/GET /v1/key_value_store/logs,authenticates,,,real_source_running,confirmed,fts/internal/routing/router/route_list.go:308
identity:fts-basic-auth:api,route:fts/GET /v1/merchant_configurations,authenticates,,,real_source_running,confirmed,fts/internal/routing/router/route_list.go:286
identity:fts-basic-auth:api,route:fts/GET /v1/preferred_routing_weights,authenticates,,,real_source_running,confirmed,fts/internal/routing/router/route_list.go:219
identity:fts-basic-auth:api,route:fts/GET /v1/routing/channel_health_stats,authenticates,,,real_source_running,confirmed,fts/internal/routing/router/route_list.go:266
identity:fts-basic-auth:api,route:fts/GET /v1/routing/channel_information_status_logs,authenticates,,,real_source_running,confirmed,fts/internal/routing/router/route_list.go:264
identity:fts-basic-auth:api,route:fts/GET /v1/routing/fail_fast_status_logs,authenticates,,,real_source_running,confirmed,fts/internal/routing/router/route_list.go:267
identity:fts-basic-auth:api,route:fts/GET /v1/routing/schedules,authenticates,,,real_source_running,confirmed,fts/internal/routing/router/route_list.go:265
identity:fts-basic-auth:api,route:fts/GET /v1/routing/trigger_health_status,authenticates,,,real_source_running,confirmed,fts/internal/routing/router/route_list.go:268
identity:fts-basic-auth:api,route:fts/GET /v1/routing/trigger_status_logs,authenticates,,,real_source_running,confirmed,fts/internal/routing/router/route_list.go:263
identity:fts-basic-auth:api,route:fts/GET /v1/source_account,authenticates,,,real_source_running,confirmed,fts/internal/routing/router/route_list.go:71
identity:fts-basic-auth:api,route:fts/GET /v1/source_account_mappings,authenticates,,,real_source_running,confirmed,fts/internal/routing/router/route_list.go:116
identity:fts-basic-auth:api,route:fts/GET /v1/source_account_mappings/merchants,authenticates,,,real_source_running,confirmed,fts/internal/routing/router/route_list.go:117
identity:fts-basic-auth:api,route:fts/GET /v1/transfer,authenticates,,,real_source_running,confirmed,fts/internal/routing/router/route_list.go:156
identity:fts-basic-auth:api,route:fts/GET /v1/transfer/status,authenticates,,,real_source_running,confirmed,fts/internal/routing/router/route_list.go:157
identity:fts-basic-auth:api,route:fts/GET /v1/transfers/:action,authenticates,,,real_source_running,confirmed,fts/internal/routing/router/route_list.go:170
identity:fts-basic-auth:api,route:fts/PATCH /v1/attempts/:action,authenticates,,,real_source_running,confirmed,fts/internal/routing/router/route_list.go:181
identity:fts-basic-auth:api,route:fts/PATCH /v1/channel_health_events/schedules,authenticates,,,real_source_running,confirmed,fts/internal/routing/router/route_list.go:195
identity:fts-basic-auth:api,route:fts/PATCH /v1/channel_health_events/test_transaction/status,authenticates,,,real_source_running,confirmed,fts/internal/routing/router/route_list.go:199
identity:fts-basic-auth:api,route:fts/PATCH /v1/key_value_store,authenticates,,,real_source_running,confirmed,fts/internal/routing/router/route_list.go:310
identity:fts-basic-auth:api,route:fts/PATCH /v1/manual_queries/update,authenticates,,,real_source_running,confirmed,fts/internal/routing/router/route_list.go:253
identity:fts-basic-auth:api,route:fts/PATCH /v1/merchant_configurations,authenticates,,,real_source_running,confirmed,fts/internal/routing/router/route_list.go:287
identity:fts-basic-auth:api,route:fts/PATCH /v1/one_off_db_migrate,authenticates,,,real_source_running,confirmed,fts/internal/routing/router/route_list.go:330
identity:fts-basic-auth:api,route:fts/PATCH /v1/routing/multi_account_routing_rules,authenticates,,,real_source_running,confirmed,fts/internal/routing/router/route_list.go:275
identity:fts-basic-auth:api,route:fts/PATCH /v1/source_account_mappings,authenticates,,,real_source_running,confirmed,fts/internal/routing/router/route_list.go:119
identity:fts-basic-auth:api,route:fts/PATCH /v1/source_accounts/:action,authenticates,,,real_source_running,confirmed,fts/internal/routing/router/route_list.go:96
identity:fts-basic-auth:api,route:fts/PATCH /v1/transfer/fail,authenticates,,,real_source_running,confirmed,fts/internal/routing/router/route_list.go:159
identity:fts-basic-auth:api,route:fts/PATCH /v1/transfers/fail,authenticates,,,real_source_running,confirmed,fts/internal/routing/router/route_list.go:171
identity:fts-basic-auth:api,route:fts/POST /v1/account,authenticates,,,real_source_running,confirmed,fts/internal/routing/router/route_list.go:59
identity:fts-basic-auth:api,route:fts/POST /v1/account/register,authenticates,,,real_source_running,confirmed,fts/internal/routing/router/route_list.go:143
identity:fts-basic-auth:api,route:fts/POST /v1/account_type_mappings,authenticates,,,real_source_running,confirmed,fts/internal/routing/router/route_list.go:232
identity:fts-basic-auth:api,route:fts/POST /v1/alert_manager,authenticates,,,real_source_running,confirmed,fts/internal/routing/router/route_list.go:298
identity:fts-basic-auth:api,route:fts/POST /v1/attempts/:action,authenticates,,,real_source_running,confirmed,fts/internal/routing/router/route_list.go:182
identity:fts-basic-auth:api,route:fts/POST /v1/channel_health_events/alert_action,authenticates,,,real_source_running,confirmed,fts/internal/routing/router/route_list.go:193
identity:fts-basic-auth:api,route:fts/POST /v1/channel_health_events/fail_fast_status/manual_update,authenticates,,,real_source_running,confirmed,fts/internal/routing/router/route_list.go:198
identity:fts-basic-auth:api,route:fts/POST /v1/channel_health_events/manual_override,authenticates,,,real_source_running,confirmed,fts/internal/routing/router/route_list.go:197
identity:fts-basic-auth:api,route:fts/POST /v1/channel_health_events/schedules,authenticates,,,real_source_running,confirmed,fts/internal/routing/router/route_list.go:194
identity:fts-basic-auth:api,route:fts/POST /v1/direct_account_routing_rules,authenticates,,,real_source_running,confirmed,fts/internal/routing/router/route_list.go:131
identity:fts-basic-auth:api,route:fts/POST /v1/direct_source_accounts,authenticates,,,real_source_running,confirmed,fts/internal/routing/router/route_list.go:106
identity:fts-basic-auth:api,route:fts/POST /v1/holiday,authenticates,,,real_source_running,confirmed,fts/internal/routing/router/route_list.go:47
identity:fts-basic-auth:api,route:fts/POST /v1/holiday/query,authenticates,,,real_source_running,confirmed,fts/internal/routing/router/route_list.go:48
identity:fts-basic-auth:api,route:fts/POST /v1/key_value_store,authenticates,,,real_source_running,confirmed,fts/internal/routing/router/route_list.go:309
identity:fts-basic-auth:api,route:fts/POST /v1/merchant_configurations,authenticates,,,real_source_running,confirmed,fts/internal/routing/router/route_list.go:285
identity:fts-basic-auth:api,route:fts/POST /v1/otp/send,authenticates,,,real_source_running,confirmed,fts/internal/routing/router/route_list.go:320
identity:fts-basic-auth:api,route:fts/POST /v1/preferred_routing_weights,authenticates,,,real_source_running,confirmed,fts/internal/routing/router/route_list.go:220
identity:fts-basic-auth:api,route:fts/POST /v1/routing/mode_selection,authenticates,,,real_source_running,confirmed,fts/internal/routing/router/route_list.go:270
identity:fts-basic-auth:api,route:fts/POST /v1/routing/multi_account_routing_rules,authenticates,,,real_source_running,confirmed,fts/internal/routing/router/route_list.go:274
identity:fts-basic-auth:api,route:fts/POST /v1/routing/priority_route,authenticates,,,real_source_running,confirmed,fts/internal/routing/router/route_list.go:272
identity:fts-basic-auth:api,route:fts/POST /v1/routing/route_selection,authenticates,,,real_source_running,confirmed,fts/internal/routing/router/route_list.go:271
identity:fts-basic-auth:api,route:fts/POST /v1/source_account,authenticates,,,real_source_running,confirmed,fts/internal/routing/router/route_list.go:72
identity:fts-basic-auth:api,route:fts/POST /v1/source_account/balance,authenticates,,,real_source_running,confirmed,fts/internal/routing/router/route_list.go:74
identity:fts-basic-auth:api,route:fts/POST /v1/source_account/copy,authenticates,,,real_source_running,confirmed,fts/internal/routing/router/route_list.go:86
identity:fts-basic-auth:api,route:fts/POST /v1/source_account/fetch_balance,authenticates,,,real_source_running,confirmed,fts/internal/routing/router/route_list.go:75
identity:fts-basic-auth:api,route:fts/POST /v1/source_account/healthy_balance,authenticates,,,real_source_running,confirmed,fts/internal/routing/router/route_list.go:76
identity:fts-basic-auth:api,route:fts/POST /v1/source_account_mappings,authenticates,,,real_source_running,confirmed,fts/internal/routing/router/route_list.go:118
identity:fts-basic-auth:api,route:fts/POST /v1/transfer,authenticates,,,real_source_running,confirmed,fts/internal/routing/router/route_list.go:154
identity:fts-basic-auth:api,route:fts/POST /v1/transfer/:transfer_id/:action,authenticates,,,real_source_running,confirmed,fts/internal/routing/router/route_list.go:158
identity:fts-basic-auth:api,route:fts/POST /v1/transfers/:action,authenticates,,,real_source_running,confirmed,fts/internal/routing/router/route_list.go:169
identity:fts-basic-auth:api,route:fts/PUT /v1/account/register/reconcile,authenticates,,,real_source_running,confirmed,fts/internal/routing/router/route_list.go:144
identity:fts-basic-auth:api,route:fts/PUT /v1/attempts/reconcile,authenticates,,,real_source_running,confirmed,fts/internal/routing/router/route_list.go:183
identity:fts-basic-auth:api,route:fts/PUT /v1/transfer,authenticates,,,real_source_running,confirmed,fts/internal/routing/router/route_list.go:155
identity:fts-basic-auth:art,route:fts/PATCH /v1/attempts/:action,authenticates,,,real_source_running,confirmed,fts/internal/routing/router/route_list.go:181
identity:fts-basic-auth:art,route:fts/POST /v1/attempts/:action,authenticates,,,real_source_running,confirmed,fts/internal/routing/router/route_list.go:182
identity:fts-basic-auth:art,route:fts/PUT /v1/attempts/reconcile,authenticates,,,real_source_running,confirmed,fts/internal/routing/router/route_list.go:183
identity:fts-basic-auth:capitalcards,route:fts/DELETE /v1/source_account,authenticates,,,real_source_running,confirmed,fts/internal/routing/router/route_list.go:73
identity:fts-basic-auth:capitalcards,route:fts/GET /v1/account,authenticates,,,real_source_running,confirmed,fts/internal/routing/router/route_list.go:60
identity:fts-basic-auth:capitalcards,route:fts/GET /v1/account/status,authenticates,,,real_source_running,confirmed,fts/internal/routing/router/route_list.go:61
identity:fts-basic-auth:capitalcards,route:fts/GET /v1/source_account,authenticates,,,real_source_running,confirmed,fts/internal/routing/router/route_list.go:71
identity:fts-basic-auth:capitalcards,route:fts/POST /v1/account,authenticates,,,real_source_running,confirmed,fts/internal/routing/router/route_list.go:59
identity:fts-basic-auth:capitalcards,route:fts/POST /v1/source_account,authenticates,,,real_source_running,confirmed,fts/internal/routing/router/route_list.go:72
identity:fts-basic-auth:capitalcards,route:fts/POST /v1/source_account/balance,authenticates,,,real_source_running,confirmed,fts/internal/routing/router/route_list.go:74
identity:fts-basic-auth:capitalcards,route:fts/POST /v1/source_account/fetch_balance,authenticates,,,real_source_running,confirmed,fts/internal/routing/router/route_list.go:75
identity:fts-basic-auth:capitalcards,route:fts/POST /v1/source_account/healthy_balance,authenticates,,,real_source_running,confirmed,fts/internal/routing/router/route_list.go:76
identity:fts-basic-auth:ps,route:fts/GET /v1/routing/channel_health_stats,authenticates,,,real_source_running,confirmed,fts/internal/routing/router/route_list.go:266
identity:fts-basic-auth:ps,route:fts/GET /v1/routing/channel_information_status_logs,authenticates,,,real_source_running,confirmed,fts/internal/routing/router/route_list.go:264
identity:fts-basic-auth:ps,route:fts/GET /v1/routing/fail_fast_status_logs,authenticates,,,real_source_running,confirmed,fts/internal/routing/router/route_list.go:267
identity:fts-basic-auth:ps,route:fts/GET /v1/routing/schedules,authenticates,,,real_source_running,confirmed,fts/internal/routing/router/route_list.go:265
identity:fts-basic-auth:ps,route:fts/GET /v1/routing/trigger_health_status,authenticates,,,real_source_running,confirmed,fts/internal/routing/router/route_list.go:268
identity:fts-basic-auth:ps,route:fts/GET /v1/routing/trigger_status_logs,authenticates,,,real_source_running,confirmed,fts/internal/routing/router/route_list.go:263
identity:fts-basic-auth:ps,route:fts/GET /v1/transfer,authenticates,,,real_source_running,confirmed,fts/internal/routing/router/route_list.go:156
identity:fts-basic-auth:ps,route:fts/GET /v1/transfer/status,authenticates,,,real_source_running,confirmed,fts/internal/routing/router/route_list.go:157
identity:fts-basic-auth:ps,route:fts/PATCH /v1/routing/multi_account_routing_rules,authenticates,,,real_source_running,confirmed,fts/internal/routing/router/route_list.go:275
identity:fts-basic-auth:ps,route:fts/PATCH /v1/transfer/fail,authenticates,,,real_source_running,confirmed,fts/internal/routing/router/route_list.go:159
identity:fts-basic-auth:ps,route:fts/POST /v1/routing/mode_selection,authenticates,,,real_source_running,confirmed,fts/internal/routing/router/route_list.go:270
identity:fts-basic-auth:ps,route:fts/POST /v1/routing/multi_account_routing_rules,authenticates,,,real_source_running,confirmed,fts/internal/routing/router/route_list.go:274
identity:fts-basic-auth:ps,route:fts/POST /v1/routing/priority_route,authenticates,,,real_source_running,confirmed,fts/internal/routing/router/route_list.go:272
identity:fts-basic-auth:ps,route:fts/POST /v1/routing/route_selection,authenticates,,,real_source_running,confirmed,fts/internal/routing/router/route_list.go:271
identity:fts-basic-auth:ps,route:fts/POST /v1/transfer,authenticates,,,real_source_running,confirmed,fts/internal/routing/router/route_list.go:154
identity:fts-basic-auth:ps,route:fts/POST /v1/transfer/:transfer_id/:action,authenticates,,,real_source_running,confirmed,fts/internal/routing/router/route_list.go:158
identity:fts-basic-auth:ps,route:fts/PUT /v1/transfer,authenticates,,,real_source_running,confirmed,fts/internal/routing/router/route_list.go:155
identity:fts-basic-auth:scrooge,route:fts/DELETE /v1/source_account_mappings,authenticates,,,real_source_running,confirmed,fts/internal/routing/router/route_list.go:120
identity:fts-basic-auth:scrooge,route:fts/GET /v1/modes/supported,authenticates,,,real_source_running,confirmed,fts/internal/routing/router/route_list.go:209
identity:fts-basic-auth:scrooge,route:fts/GET /v1/source_account_mappings,authenticates,,,real_source_running,confirmed,fts/internal/routing/router/route_list.go:116
identity:fts-basic-auth:scrooge,route:fts/GET /v1/source_account_mappings/merchants,authenticates,,,real_source_running,confirmed,fts/internal/routing/router/route_list.go:117
identity:fts-basic-auth:scrooge,route:fts/PATCH /v1/source_account_mappings,authenticates,,,real_source_running,confirmed,fts/internal/routing/router/route_list.go:119
identity:fts-basic-auth:scrooge,route:fts/POST /v1/source_account_mappings,authenticates,,,real_source_running,confirmed,fts/internal/routing/router/route_list.go:118
identity:fts-basic-auth:settlement,route:fts/DELETE /v1/source_account,authenticates,,,real_source_running,confirmed,fts/internal/routing/router/route_list.go:73
identity:fts-basic-auth:settlement,route:fts/GET /v1/account,authenticates,,,real_source_running,confirmed,fts/internal/routing/router/route_list.go:60
identity:fts-basic-auth:settlement,route:fts/GET /v1/account/status,authenticates,,,real_source_running,confirmed,fts/internal/routing/router/route_list.go:61
identity:fts-basic-auth:settlement,route:fts/GET /v1/source_account,authenticates,,,real_source_running,confirmed,fts/internal/routing/router/route_list.go:71
identity:fts-basic-auth:settlement,route:fts/GET /v1/transfer,authenticates,,,real_source_running,confirmed,fts/internal/routing/router/route_list.go:156
identity:fts-basic-auth:settlement,route:fts/GET /v1/transfer/status,authenticates,,,real_source_running,confirmed,fts/internal/routing/router/route_list.go:157
identity:fts-basic-auth:settlement,route:fts/GET /v1/transfers/:action,authenticates,,,real_source_running,confirmed,fts/internal/routing/router/route_list.go:170
identity:fts-basic-auth:settlement,route:fts/PATCH /v1/transfer/fail,authenticates,,,real_source_running,confirmed,fts/internal/routing/router/route_list.go:159
identity:fts-basic-auth:settlement,route:fts/PATCH /v1/transfers/fail,authenticates,,,real_source_running,confirmed,fts/internal/routing/router/route_list.go:171
identity:fts-basic-auth:settlement,route:fts/POST /v1/account,authenticates,,,real_source_running,confirmed,fts/internal/routing/router/route_list.go:59
identity:fts-basic-auth:settlement,route:fts/POST /v1/account/register,authenticates,,,real_source_running,confirmed,fts/internal/routing/router/route_list.go:143
identity:fts-basic-auth:settlement,route:fts/POST /v1/source_account,authenticates,,,real_source_running,confirmed,fts/internal/routing/router/route_list.go:72
identity:fts-basic-auth:settlement,route:fts/POST /v1/source_account/balance,authenticates,,,real_source_running,confirmed,fts/internal/routing/router/route_list.go:74
identity:fts-basic-auth:settlement,route:fts/POST /v1/source_account/fetch_balance,authenticates,,,real_source_running,confirmed,fts/internal/routing/router/route_list.go:75
identity:fts-basic-auth:settlement,route:fts/POST /v1/source_account/healthy_balance,authenticates,,,real_source_running,confirmed,fts/internal/routing/router/route_list.go:76
identity:fts-basic-auth:settlement,route:fts/POST /v1/transfer,authenticates,,,real_source_running,confirmed,fts/internal/routing/router/route_list.go:154
identity:fts-basic-auth:settlement,route:fts/POST /v1/transfer/:transfer_id/:action,authenticates,,,real_source_running,confirmed,fts/internal/routing/router/route_list.go:158
identity:fts-basic-auth:settlement,route:fts/POST /v1/transfers/:action,authenticates,,,real_source_running,confirmed,fts/internal/routing/router/route_list.go:169
identity:fts-basic-auth:settlement,route:fts/PUT /v1/account/register/reconcile,authenticates,,,real_source_running,confirmed,fts/internal/routing/router/route_list.go:144
identity:fts-basic-auth:settlement,route:fts/PUT /v1/transfer,authenticates,,,real_source_running,confirmed,fts/internal/routing/router/route_list.go:155
identity:fts-basic-auth:validx,route:fts/GET /v1/transfer,authenticates,,,real_source_running,confirmed,fts/internal/routing/router/route_list.go:156
identity:fts-basic-auth:validx,route:fts/GET /v1/transfer/status,authenticates,,,real_source_running,confirmed,fts/internal/routing/router/route_list.go:157
identity:fts-basic-auth:validx,route:fts/GET /v1/transfers/:action,authenticates,,,real_source_running,confirmed,fts/internal/routing/router/route_list.go:170
identity:fts-basic-auth:validx,route:fts/PATCH /v1/transfer/fail,authenticates,,,real_source_running,confirmed,fts/internal/routing/router/route_list.go:159
identity:fts-basic-auth:validx,route:fts/PATCH /v1/transfers/fail,authenticates,,,real_source_running,confirmed,fts/internal/routing/router/route_list.go:171
identity:fts-basic-auth:validx,route:fts/POST /v1/transfer,authenticates,,,real_source_running,confirmed,fts/internal/routing/router/route_list.go:154
identity:fts-basic-auth:validx,route:fts/POST /v1/transfer/:transfer_id/:action,authenticates,,,real_source_running,confirmed,fts/internal/routing/router/route_list.go:158
identity:fts-basic-auth:validx,route:fts/POST /v1/transfers/:action,authenticates,,,real_source_running,confirmed,fts/internal/routing/router/route_list.go:169
identity:fts-basic-auth:validx,route:fts/PUT /v1/transfer,authenticates,,,real_source_running,confirmed,fts/internal/routing/router/route_list.go:155
identity:fts-basic-auth:wallet,route:fts/GET /v1/transfer,authenticates,,,real_source_running,confirmed,fts/internal/routing/router/route_list.go:156
identity:fts-basic-auth:wallet,route:fts/GET /v1/transfer/status,authenticates,,,real_source_running,confirmed,fts/internal/routing/router/route_list.go:157
identity:fts-basic-auth:wallet,route:fts/PATCH /v1/transfer/fail,authenticates,,,real_source_running,confirmed,fts/internal/routing/router/route_list.go:159
identity:fts-basic-auth:wallet,route:fts/POST /v1/transfer,authenticates,,,real_source_running,confirmed,fts/internal/routing/router/route_list.go:154
identity:fts-basic-auth:wallet,route:fts/POST /v1/transfer/:transfer_id/:action,authenticates,,,real_source_running,confirmed,fts/internal/routing/router/route_list.go:158
identity:fts-basic-auth:wallet,route:fts/PUT /v1/transfer,authenticates,,,real_source_running,confirmed,fts/internal/routing/router/route_list.go:155
identity:fts-basic-auth:xperience,route:fts/GET /v1/downtimes,authenticates,,,real_source_running,confirmed,fts/internal/routing/router/route_list.go:340
identity:fts-basic-auth:xperience,route:fts/GET /v1/downtimes/:id,authenticates,,,real_source_running,confirmed,fts/internal/routing/router/route_list.go:341
identity:merchant-api-key,route:api-monolith/GET payouts,authenticates,Route::$private (Route.php:5779),,graph_only,confirmed,api/app/Http/Route.php:5779;api/app/Http/Middleware/Authenticate.php:287-341
identity:merchant-api-key,route:api-monolith/GET payouts/all,authenticates,Route::$private (Route.php:5777),,graph_only,confirmed,api/app/Http/Route.php:5777;api/app/Http/Middleware/Authenticate.php:287-341
identity:merchant-api-key,route:api-monolith/GET payouts/{id},authenticates,Route::$private (Route.php:5778),,graph_only,confirmed,api/app/Http/Route.php:5778;api/app/Http/Middleware/Authenticate.php:287-341
identity:merchant-api-key,route:api-monolith/POST fund_accounts/validations,authenticates,Route::$private (Route.php:5839),,graph_only,confirmed,api/app/Http/Route.php:5839;api/app/Http/Middleware/Authenticate.php:287-341
identity:merchant-api-key,route:api-monolith/POST payouts,authenticates,Route::$private (Route.php:5780),,graph_only,confirmed,api/app/Http/Route.php:5780;api/app/Http/Middleware/Authenticate.php:287-341
identity:merchant-api-key,route:api-monolith/POST payouts/2fa/create,authenticates,Route::$private (Route.php:5596),,graph_only,confirmed,api/app/Http/Route.php:5596;api/app/Http/Middleware/Authenticate.php:287-341
identity:merchant-api-key,route:api-monolith/POST payouts/{id}/approve,authenticates,Route::$private (Route.php:5594),,graph_only,confirmed,api/app/Http/Route.php:5594;api/app/Http/Middleware/Authenticate.php:287-341
identity:merchant-api-key,route:api-monolith/POST payouts/{id}/cancel,authenticates,Route::$private (Route.php:5783),,graph_only,confirmed,api/app/Http/Route.php:5783;api/app/Http/Middleware/Authenticate.php:287-341
identity:merchant-api-key,route:api-monolith/POST payouts/{id}/reject,authenticates,Route::$private (Route.php:5593),,graph_only,confirmed,api/app/Http/Route.php:5593;api/app/Http/Middleware/Authenticate.php:287-341
identity:merchant-api-key,route:api-monolith/POST payouts_batch,authenticates,Route::$private (Route.php:5782),,graph_only,confirmed,api/app/Http/Route.php:5782;api/app/Http/Middleware/Authenticate.php:287-341
identity:merchant-api-key,route:api-monolith/POST payouts_with_otp,authenticates,Route::$private (Route.php:5595),,graph_only,confirmed,api/app/Http/Route.php:5595;api/app/Http/Middleware/Authenticate.php:287-341
identity:merchant-api-key,svc:edge-kong,authenticates,Kong auth plugin resolves the consumer,,behavioural_placeholder,confirmed,terraform-kong/prod/api/api.tf:655-725;edge/kong-plugins/kong-plugin-authz-enforcer/kong/plugins/authz-enforcer/handler.lua:1
identity:merchant-passport,identity:passport-legacy-auth:admin,implements,,,,,
identity:merchant-passport,identity:passport-legacy-auth:private,implements,,,,,
identity:merchant-passport,identity:passport-legacy-auth:privilege,implements,,,,,
identity:merchant-passport,identity:passport-legacy-auth:proxy,implements,,,,,
identity:partner-oauth-token,svc:edge-kong,authenticates,Kong auth plugin resolves the consumer,,behavioural_placeholder,confirmed,terraform-kong/prod/api/api.tf:655-725;edge/kong-plugins/kong-plugin-authz-enforcer/kong/plugins/authz-enforcer/handler.lua:1
identity:passport-jwt,route:payouts/POST /v1/payouts/bulk,authenticates,middleware.BasicAuth / PassportAuthentication,,real_source_running,confirmed,payouts/internal/routing/router/payout_internal_routes_with_passport.go:13-35
identity:passport-jwt,route:payouts/POST /v1/payouts/bulk/validate,authenticates,middleware.BasicAuth / PassportAuthentication,,real_source_running,confirmed,payouts/internal/routing/router/payout_bulk_routes.go:13-29
identity:passport-jwt,route:xperience/GET /v1/bulk-payouts/_meta/summary,authenticates,routes.ProxyAuth plane (edge RPC variant),,graph_only,confirmed,"xperience/internal/interceptors/authz_interceptor.go:71,163-190"
identity:passport-jwt,route:xperience/GET /v1/bulk-payouts/fetch/all,authenticates,routes.ProxyAuth plane (edge RPC variant),,graph_only,confirmed,"xperience/internal/interceptors/authz_interceptor.go:71,163-190"
identity:passport-jwt,route:xperience/GET /v1/bulk-payouts/fetch/me,authenticates,routes.ProxyAuth plane (edge RPC variant),,graph_only,confirmed,"xperience/internal/interceptors/authz_interceptor.go:71,163-190"
identity:passport-jwt,route:xperience/GET /v1/bulk-payouts/fetch/my-approvals,authenticates,routes.ProxyAuth plane (edge RPC variant),,graph_only,confirmed,"xperience/internal/interceptors/authz_interceptor.go:71,163-190"
identity:passport-jwt,route:xperience/GET /v1/bulk-payouts/pending,authenticates,routes.ProxyAuth plane (edge RPC variant),,graph_only,confirmed,"xperience/internal/interceptors/authz_interceptor.go:71,163-190"
identity:passport-jwt,route:xperience/GET /v1/bulk-payouts/workflow/summary,authenticates,routes.ProxyAuth plane (edge RPC variant),,graph_only,confirmed,"xperience/internal/interceptors/authz_interceptor.go:71,163-190"
identity:passport-jwt,route:xperience/GET /v1/bulk-payouts/{id},authenticates,routes.ProxyAuth plane (edge RPC variant),,graph_only,confirmed,"xperience/internal/interceptors/authz_interceptor.go:71,163-190"
identity:passport-jwt,route:xperience/GET /v1/bulk-payouts/{id}/rows,authenticates,routes.ProxyAuth plane (edge RPC variant),,graph_only,confirmed,"xperience/internal/interceptors/authz_interceptor.go:71,163-190"
identity:passport-jwt,route:xperience/POST /v1/bulk-payouts,authenticates,routes.ProxyAuth plane (edge RPC variant),,graph_only,confirmed,"xperience/internal/interceptors/authz_interceptor.go:71,163-190"
identity:passport-jwt,route:xperience/POST /v1/bulk-payouts/approve,authenticates,routes.ProxyAuth plane (edge RPC variant),,graph_only,confirmed,"xperience/internal/interceptors/authz_interceptor.go:71,163-190"
identity:passport-jwt,route:xperience/POST /v1/bulk-payouts/reject,authenticates,routes.ProxyAuth plane (edge RPC variant),,graph_only,confirmed,"xperience/internal/interceptors/authz_interceptor.go:71,163-190"
identity:passport-jwt,route:xperience/POST /v1/bulk-payouts/reject/owner,authenticates,routes.ProxyAuth plane (edge RPC variant),,graph_only,confirmed,"xperience/internal/interceptors/authz_interceptor.go:71,163-190"
identity:passport-jwt,route:xperience/POST /v1/bulk-payouts/validate,authenticates,routes.ProxyAuth plane (edge RPC variant),,graph_only,confirmed,"xperience/internal/interceptors/authz_interceptor.go:71,163-190"
identity:passport-jwt,route:xperience/POST /v1/bulk-payouts/{id}/process,authenticates,routes.ProxyAuth plane (edge RPC variant),,graph_only,confirmed,"xperience/internal/interceptors/authz_interceptor.go:71,163-190"
identity:passport-jwt,svc:api-monolith,authenticates,X-Passport-JWT-V1 decoded by DecodePassportJwt,,behavioural_placeholder,confirmed,api/app/Http/Middleware/DecodePassportJwt.php:82-103;api/app/Http/BasicAuth/PassportUtil.php:128-144
identity:passport-legacy-auth:admin,route:payouts/GET /v1/admin/payouts/:balance_id/free_payout,authenticates,,,real_source_running,confirmed,payouts/internal/routing/router/payout_admin_routes.go:13-52
identity:passport-legacy-auth:admin,route:payouts/PATCH /v1/admin/payouts_sync,authenticates,,,real_source_running,confirmed,payouts/internal/routing/router/payout_admin_routes.go:13-52
identity:passport-legacy-auth:admin,route:payouts/POST /v1/admin/:entity,authenticates,,,real_source_running,confirmed,payouts/internal/routing/router/payout_admin_routes.go:13-52
identity:passport-legacy-auth:admin,route:payouts/POST /v1/admin/:entity/:id,authenticates,,,real_source_running,confirmed,payouts/internal/routing/router/payout_admin_routes.go:13-52
identity:passport-legacy-auth:admin,route:payouts/POST /v1/admin/free_payout/:balance_id,authenticates,,,real_source_running,confirmed,payouts/internal/routing/router/payout_admin_routes.go:13-52
identity:passport-legacy-auth:admin,route:payouts/POST /v1/admin/internal_actions/query_db,authenticates,,,real_source_running,confirmed,payouts/internal/routing/router/internal_action_routes.go:12-27
identity:passport-legacy-auth:private,route:payouts/GET /v1/fund_accounts/validations/:id,authenticates,,,real_source_running,confirmed,payouts/internal/routing/router/fund_account_validation_routes.go:14-35
identity:passport-legacy-auth:private,route:payouts/GET /v1/payouts,authenticates,,,real_source_running,confirmed,payouts/internal/routing/router/payout_routes.go:17-103
identity:passport-legacy-auth:private,route:payouts/GET /v1/payouts/:id,authenticates,,,real_source_running,confirmed,payouts/internal/routing/router/payout_routes.go:17-103
identity:passport-legacy-auth:private,route:payouts/GET /v1/payouts/_meta/summary,authenticates,,,real_source_running,confirmed,payouts/internal/routing/router/payout_routes.go:17-103
identity:passport-legacy-auth:private,route:payouts/GET /v1/payouts/free_payout/:balance_id,authenticates,,,real_source_running,confirmed,payouts/internal/routing/router/payout_routes.go:17-103
identity:passport-legacy-auth:private,route:payouts/GET /v1/payouts/payouts_status_reason_map,authenticates,,,real_source_running,confirmed,payouts/internal/routing/router/payout_routes.go:17-103
identity:passport-legacy-auth:private,route:payouts/GET /v1/payouts/schedule/timeslots,authenticates,,,real_source_running,confirmed,payouts/internal/routing/router/payout_routes.go:115-133
identity:passport-legacy-auth:private,route:payouts/POST /v1/fund_accounts/validations,authenticates,,,real_source_running,confirmed,payouts/internal/routing/router/fund_account_validation_routes.go:14-35
identity:passport-legacy-auth:private,route:payouts/POST /v1/payouts,authenticates,,,real_source_running,confirmed,payouts/internal/routing/router/payout_routes.go:17-103
identity:passport-legacy-auth:private,route:payouts/POST /v1/payouts/cancel_payout/:payout_id,authenticates,,,real_source_running,confirmed,payouts/internal/routing/router/payout_routes.go:17-103
identity:passport-legacy-auth:private,route:payouts/POST /v1/payouts/internal_contact_payout,authenticates,,,real_source_running,confirmed,payouts/internal/routing/router/payout_routes.go:17-103
identity:passport-legacy-auth:private,route:payouts/POST /v1/payouts/payouts_internal,authenticates,,,real_source_running,confirmed,payouts/internal/routing/router/payout_routes.go:17-103
identity:passport-legacy-auth:private,route:payouts/POST /v1/payouts/translate_account_number_to_balance_id,authenticates,,,real_source_running,confirmed,payouts/internal/routing/router/payout_routes.go:17-103
identity:passport-legacy-auth:private,route:payouts/POST /v2/payouts,authenticates,,,real_source_running,confirmed,payouts/internal/routing/router/payout_routes_v2.go:14-47
identity:passport-legacy-auth:private,route:payouts/POST /v2/payouts/internal_contact_payout,authenticates,,,real_source_running,confirmed,payouts/internal/routing/router/payout_routes_v2.go:14-47
identity:passport-legacy-auth:private,route:payouts/POST /v2/payouts/payouts_internal,authenticates,,,real_source_running,confirmed,payouts/internal/routing/router/payout_routes_v2.go:14-47
identity:passport-legacy-auth:privilege,route:payouts/GET /v1/payouts,authenticates,,,real_source_running,confirmed,payouts/internal/routing/router/payout_routes.go:17-103
identity:passport-legacy-auth:privilege,route:payouts/GET /v1/payouts/:id,authenticates,,,real_source_running,confirmed,payouts/internal/routing/router/payout_routes.go:17-103
identity:passport-legacy-auth:privilege,route:payouts/GET /v1/payouts/_meta/summary,authenticates,,,real_source_running,confirmed,payouts/internal/routing/router/payout_routes.go:17-103
identity:passport-legacy-auth:privilege,route:payouts/GET /v1/payouts/free_payout/:balance_id,authenticates,,,real_source_running,confirmed,payouts/internal/routing/router/payout_routes.go:17-103
identity:passport-legacy-auth:privilege,route:payouts/GET /v1/payouts/payouts_status_reason_map,authenticates,,,real_source_running,confirmed,payouts/internal/routing/router/payout_routes.go:17-103
identity:passport-legacy-auth:privilege,route:payouts/GET /v1/payouts/schedule/timeslots,authenticates,,,real_source_running,confirmed,payouts/internal/routing/router/payout_routes.go:115-133
identity:passport-legacy-auth:privilege,route:payouts/POST /v1/payouts,authenticates,,,real_source_running,confirmed,payouts/internal/routing/router/payout_routes.go:17-103
identity:passport-legacy-auth:privilege,route:payouts/POST /v1/payouts/cancel_payout/:payout_id,authenticates,,,real_source_running,confirmed,payouts/internal/routing/router/payout_routes.go:17-103
identity:passport-legacy-auth:privilege,route:payouts/POST /v1/payouts/internal_contact_payout,authenticates,,,real_source_running,confirmed,payouts/internal/routing/router/payout_routes.go:17-103
identity:passport-legacy-auth:privilege,route:payouts/POST /v1/payouts/payouts_internal,authenticates,,,real_source_running,confirmed,payouts/internal/routing/router/payout_routes.go:17-103
identity:passport-legacy-auth:privilege,route:payouts/POST /v1/payouts/translate_account_number_to_balance_id,authenticates,,,real_source_running,confirmed,payouts/internal/routing/router/payout_routes.go:17-103
identity:passport-legacy-auth:privilege,route:payouts/POST /v2/payouts,authenticates,,,real_source_running,confirmed,payouts/internal/routing/router/payout_routes_v2.go:14-47
identity:passport-legacy-auth:privilege,route:payouts/POST /v2/payouts/internal_contact_payout,authenticates,,,real_source_running,confirmed,payouts/internal/routing/router/payout_routes_v2.go:14-47
identity:passport-legacy-auth:privilege,route:payouts/POST /v2/payouts/payouts_internal,authenticates,,,real_source_running,confirmed,payouts/internal/routing/router/payout_routes_v2.go:14-47
identity:passport-legacy-auth:proxy,route:payouts/GET /v1/payouts,authenticates,,,real_source_running,confirmed,payouts/internal/routing/router/payout_routes.go:17-103
identity:passport-legacy-auth:proxy,route:payouts/GET /v1/payouts/:id,authenticates,,,real_source_running,confirmed,payouts/internal/routing/router/payout_routes.go:17-103
identity:passport-legacy-auth:proxy,route:payouts/GET /v1/payouts/_meta/summary,authenticates,,,real_source_running,confirmed,payouts/internal/routing/router/payout_routes.go:17-103
identity:passport-legacy-auth:proxy,route:payouts/GET /v1/payouts/free_payout/:balance_id,authenticates,,,real_source_running,confirmed,payouts/internal/routing/router/payout_routes.go:17-103
identity:passport-legacy-auth:proxy,route:payouts/GET /v1/payouts/payouts_status_reason_map,authenticates,,,real_source_running,confirmed,payouts/internal/routing/router/payout_routes.go:17-103
identity:passport-legacy-auth:proxy,route:payouts/GET /v1/payouts/schedule/timeslots,authenticates,,,real_source_running,confirmed,payouts/internal/routing/router/payout_routes.go:115-133
identity:passport-legacy-auth:proxy,route:payouts/PATCH /v1/payouts/:payout_id/attachments,authenticates,,,real_source_running,confirmed,payouts/internal/routing/router/payout_proxy_routes.go:14-32
identity:passport-legacy-auth:proxy,route:payouts/POST /v1/payouts,authenticates,,,real_source_running,confirmed,payouts/internal/routing/router/payout_routes.go:17-103
identity:passport-legacy-auth:proxy,route:payouts/POST /v1/payouts/bulk/validate,authenticates,,,real_source_running,confirmed,payouts/internal/routing/router/payout_bulk_routes.go:13-29
identity:passport-legacy-auth:proxy,route:payouts/POST /v1/payouts/cancel_payout/:payout_id,authenticates,,,real_source_running,confirmed,payouts/internal/routing/router/payout_routes.go:17-103
identity:passport-legacy-auth:proxy,route:payouts/POST /v1/payouts/internal_contact_payout,authenticates,,,real_source_running,confirmed,payouts/internal/routing/router/payout_routes.go:17-103
identity:passport-legacy-auth:proxy,route:payouts/POST /v1/payouts/payouts_internal,authenticates,,,real_source_running,confirmed,payouts/internal/routing/router/payout_routes.go:17-103
identity:passport-legacy-auth:proxy,route:payouts/POST /v1/payouts/translate_account_number_to_balance_id,authenticates,,,real_source_running,confirmed,payouts/internal/routing/router/payout_routes.go:17-103
identity:passport-legacy-auth:proxy,route:payouts/POST /v2/payouts,authenticates,,,real_source_running,confirmed,payouts/internal/routing/router/payout_routes_v2.go:14-47
identity:passport-legacy-auth:proxy,route:payouts/POST /v2/payouts/internal_contact_payout,authenticates,,,real_source_running,confirmed,payouts/internal/routing/router/payout_routes_v2.go:14-47
identity:passport-legacy-auth:proxy,route:payouts/POST /v2/payouts/payouts_internal,authenticates,,,real_source_running,confirmed,payouts/internal/routing/router/payout_routes_v2.go:14-47
identity:payouts-basic-auth:api,route:payouts/GET /v1/admin/payouts/:balance_id/free_payout,authenticates,,,real_source_running,confirmed,payouts/internal/routing/router/payout_admin_routes.go:13-52
identity:payouts-basic-auth:api,route:payouts/GET /v1/elasticsearch/mapping,authenticates,,,real_source_running,confirmed,payouts/internal/routing/router/elasticsearch_internal_routes.go:12-49
identity:payouts-basic-auth:api,route:payouts/GET /v1/fund-management-payout/balance-config/merchants/:merchant_id,authenticates,,,real_source_running,confirmed,payouts/internal/routing/router/fund_management_payout_admin_routes.go:14-31
identity:payouts-basic-auth:api,route:payouts/GET /v1/fund_accounts/validations/:id,authenticates,,,real_source_running,confirmed,payouts/internal/routing/router/fund_account_validation_routes.go:14-35
identity:payouts-basic-auth:api,route:payouts/GET /v1/idempotency-keys/check-excluded,authenticates,,,real_source_running,confirmed,payouts/internal/routing/router/ikey_excusions_routes.go:13-27
identity:payouts-basic-auth:api,route:payouts/GET /v1/inflight_reservations,authenticates,,,real_source_running,confirmed,payouts/internal/routing/router/payout_internal_routes.go:197-211
identity:payouts-basic-auth:api,route:payouts/GET /v1/payouts,authenticates,,,real_source_running,confirmed,payouts/internal/routing/router/payout_routes.go:17-103
identity:payouts-basic-auth:api,route:payouts/GET /v1/payouts/:id,authenticates,,,real_source_running,confirmed,payouts/internal/routing/router/payout_routes.go:17-103
identity:payouts-basic-auth:api,route:payouts/GET /v1/payouts/_meta/summary,authenticates,,,real_source_running,confirmed,payouts/internal/routing/router/payout_routes.go:17-103
identity:payouts-basic-auth:api,route:payouts/GET /v1/payouts/analytics,authenticates,,,real_source_running,confirmed,payouts/internal/routing/router/payout_internal_routes.go:12-190
identity:payouts-basic-auth:api,route:payouts/GET /v1/payouts/fetch_multiple,authenticates,,,real_source_running,confirmed,payouts/internal/routing/router/payout_internal_routes.go:12-190
identity:payouts-basic-auth:api,route:payouts/GET /v1/payouts/free_payout/:balance_id,authenticates,,,real_source_running,confirmed,payouts/internal/routing/router/payout_routes.go:17-103
identity:payouts-basic-auth:api,route:payouts/GET /v1/payouts/mapped_vpa/:upi_number,authenticates,,,real_source_running,confirmed,payouts/internal/routing/router/payout_internal_routes.go:12-190
identity:payouts-basic-auth:api,route:payouts/GET /v1/payouts/payouts_internal/:payout_id,authenticates,,,real_source_running,confirmed,payouts/internal/routing/router/payout_internal_routes.go:12-190
identity:payouts-basic-auth:api,route:payouts/GET /v1/payouts/payouts_status_reason_map,authenticates,,,real_source_running,confirmed,payouts/internal/routing/router/payout_routes.go:17-103
identity:payouts-basic-auth:api,route:payouts/GET /v1/payouts/schedule/timeslots,authenticates,,,real_source_running,confirmed,payouts/internal/routing/router/payout_routes.go:115-133
identity:payouts-basic-auth:api,route:payouts/GET /v1/payouts/status_details/:id,authenticates,,,real_source_running,confirmed,payouts/internal/routing/router/payout_status_details.go:11-26
identity:payouts-basic-auth:api,route:payouts/GET /v1/payouts/xperience_get_payout/:id,authenticates,,,real_source_running,confirmed,payouts/internal/routing/router/payout_internal_routes.go:12-190
identity:payouts-basic-auth:api,route:payouts/PATCH /v1/admin/payouts_sync,authenticates,,,real_source_running,confirmed,payouts/internal/routing/router/payout_admin_routes.go:13-52
identity:payouts-basic-auth:api,route:payouts/PATCH /v1/merchant/update_merchant_feature_cache,authenticates,,,real_source_running,confirmed,payouts/internal/routing/router/merchant_routes.go:12-32
identity:payouts-basic-auth:api,route:payouts/PATCH /v1/payouts/:payout_id/attachments,authenticates,,,real_source_running,confirmed,payouts/internal/routing/router/payout_proxy_routes.go:14-32
identity:payouts-basic-auth:api,route:payouts/PATCH /v1/payouts/attachments,authenticates,,,real_source_running,confirmed,payouts/internal/routing/router/payout_internal_routes_with_passport.go:13-35
identity:payouts-basic-auth:api,route:payouts/PATCH /v1/payouts/update_credit_transfer_payout,authenticates,,,real_source_running,confirmed,payouts/internal/routing/router/payout_internal_routes.go:12-190
identity:payouts-basic-auth:api,route:payouts/PATCH /v1/payouts/update_payouts_with_fts,authenticates,,,real_source_running,confirmed,payouts/internal/routing/router/payout_internal_routes.go:12-190
identity:payouts-basic-auth:api,route:payouts/PATCH /v1/workflow/state/:id,authenticates,,,real_source_running,confirmed,payouts/internal/routing/router/workflow_routes.go:12-32
identity:payouts-basic-auth:api,route:payouts/POST /v1/admin/:entity,authenticates,,,real_source_running,confirmed,payouts/internal/routing/router/payout_admin_routes.go:13-52
identity:payouts-basic-auth:api,route:payouts/POST /v1/admin/:entity/:id,authenticates,,,real_source_running,confirmed,payouts/internal/routing/router/payout_admin_routes.go:13-52
identity:payouts-basic-auth:api,route:payouts/POST /v1/admin/free_payout/:balance_id,authenticates,,,real_source_running,confirmed,payouts/internal/routing/router/payout_admin_routes.go:13-52
identity:payouts-basic-auth:api,route:payouts/POST /v1/admin/internal_actions/query_db,authenticates,,,real_source_running,confirmed,payouts/internal/routing/router/internal_action_routes.go:12-27
identity:payouts-basic-auth:api,route:payouts/POST /v1/banking_account_statement/process/batch,authenticates,,,real_source_running,confirmed,payouts/internal/routing/router/bas_internal_routes.go:11-26
identity:payouts-basic-auth:api,route:payouts/POST /v1/dev_admin/banking_account_statement/link,authenticates,,,real_source_running,confirmed,payouts/internal/routing/router/bas_dev_admin_routes.go:11-25
identity:payouts-basic-auth:api,route:payouts/POST /v1/elasticsearch/push,authenticates,,,real_source_running,confirmed,payouts/internal/routing/router/elasticsearch_internal_routes.go:12-49
identity:payouts-basic-auth:api,route:payouts/POST /v1/elasticsearch/query,authenticates,,,real_source_running,confirmed,payouts/internal/routing/router/elasticsearch_internal_routes.go:12-49
identity:payouts-basic-auth:api,route:payouts/POST /v1/elasticsearch/raw_query,authenticates,,,real_source_running,confirmed,payouts/internal/routing/router/elasticsearch_internal_routes.go:12-49
identity:payouts-basic-auth:api,route:payouts/POST /v1/fund_accounts/validations,authenticates,,,real_source_running,confirmed,payouts/internal/routing/router/fund_account_validation_routes.go:14-35
identity:payouts-basic-auth:api,route:payouts/POST /v1/fund_accounts/validations/update/fts,authenticates,,,real_source_running,confirmed,payouts/internal/routing/router/fund_account_validation_internal_routes.go:12-32
identity:payouts-basic-auth:api,route:payouts/POST /v1/fund_accounts/validations/update/vpa,authenticates,,,real_source_running,confirmed,payouts/internal/routing/router/fund_account_validation_internal_routes.go:12-32
identity:payouts-basic-auth:api,route:payouts/POST /v1/merchant/update_on_hold_slas,authenticates,,,real_source_running,confirmed,payouts/internal/routing/router/merchant_routes.go:12-32
identity:payouts-basic-auth:api,route:payouts/POST /v1/payloadcrypt/decrypt,authenticates,,,real_source_running,confirmed,payouts/internal/routing/router/internal_routes.go:33-52
identity:payouts-basic-auth:api,route:payouts/POST /v1/payloadcrypt/encrypt,authenticates,,,real_source_running,confirmed,payouts/internal/routing/router/internal_routes.go:33-52
identity:payouts-basic-auth:api,route:payouts/POST /v1/payouts,authenticates,,,real_source_running,confirmed,payouts/internal/routing/router/payout_routes.go:17-103
identity:payouts-basic-auth:api,route:payouts/POST /v1/payouts/balance_update_event,authenticates,,,real_source_running,confirmed,payouts/internal/routing/router/payout_internal_routes.go:12-190
identity:payouts-basic-auth:api,route:payouts/POST /v1/payouts/banking_account_statement/payout_update,authenticates,,,real_source_running,confirmed,payouts/internal/routing/router/payout_internal_routes.go:12-190
identity:payouts-basic-auth:api,route:payouts/POST /v1/payouts/batch/process,authenticates,,,real_source_running,confirmed,payouts/internal/routing/router/payout_internal_routes.go:12-190
identity:payouts-basic-auth:api,route:payouts/POST /v1/payouts/bene_bank_status_update,authenticates,,,real_source_running,confirmed,payouts/internal/routing/router/payout_internal_routes.go:12-190
identity:payouts-basic-auth:api,route:payouts/POST /v1/payouts/bulk,authenticates,,,real_source_running,confirmed,payouts/internal/routing/router/payout_internal_routes_with_passport.go:13-35
identity:payouts-basic-auth:api,route:payouts/POST /v1/payouts/bulk/validate,authenticates,,,real_source_running,confirmed,payouts/internal/routing/router/payout_bulk_routes.go:13-29
identity:payouts-basic-auth:api,route:payouts/POST /v1/payouts/cancel_payout/:payout_id,authenticates,,,real_source_running,confirmed,payouts/internal/routing/router/payout_routes.go:17-103
identity:payouts-basic-auth:api,route:payouts/POST /v1/payouts/consistency_checker,authenticates,,,real_source_running,confirmed,payouts/internal/routing/router/payout_internal_routes.go:12-190
identity:payouts-basic-auth:api,route:payouts/POST /v1/payouts/duplicate_payout_evaluate,authenticates,,,real_source_running,confirmed,payouts/internal/routing/router/payout_internal_routes.go:12-190
identity:payouts-basic-auth:api,route:payouts/POST /v1/payouts/elasticsearch/backfill_index,authenticates,,,real_source_running,confirmed,payouts/internal/routing/router/payout_internal_routes.go:12-190
identity:payouts-basic-auth:api,route:payouts/POST /v1/payouts/free_payout_migration,authenticates,,,real_source_running,confirmed,payouts/internal/routing/router/payout_internal_routes.go:12-190
identity:payouts-basic-auth:api,route:payouts/POST /v1/payouts/internal_contact_payout,authenticates,,,real_source_running,confirmed,payouts/internal/routing/router/payout_routes.go:17-103
identity:payouts-basic-auth:api,route:payouts/POST /v1/payouts/manual_action,authenticates,,,real_source_running,confirmed,payouts/internal/routing/router/payout_internal_routes.go:12-190
identity:payouts-basic-auth:api,route:payouts/POST /v1/payouts/on_hold/process,authenticates,,,real_source_running,confirmed,payouts/internal/routing/router/payout_internal_routes.go:12-190
identity:payouts-basic-auth:api,route:payouts/POST /v1/payouts/payout_internal,authenticates,,,real_source_running,confirmed,payouts/internal/routing/router/payout_internal_routes.go:12-190
identity:payouts-basic-auth:api,route:payouts/POST /v1/payouts/payouts_internal,authenticates,,,real_source_running,confirmed,payouts/internal/routing/router/payout_routes.go:17-103
identity:payouts-basic-auth:api,route:payouts/POST /v1/payouts/payouts_internal/:payout_id/approve,authenticates,,,real_source_running,confirmed,payouts/internal/routing/router/payout_internal_routes.go:12-190
identity:payouts-basic-auth:api,route:payouts/POST /v1/payouts/payouts_internal/:payout_id/reject,authenticates,,,real_source_running,confirmed,payouts/internal/routing/router/payout_internal_routes.go:12-190
identity:payouts-basic-auth:api,route:payouts/POST /v1/payouts/retry,authenticates,,,real_source_running,confirmed,payouts/internal/routing/router/payout_internal_routes.go:12-190
identity:payouts-basic-auth:api,route:payouts/POST /v1/payouts/retry/source_update,authenticates,,,real_source_running,confirmed,payouts/internal/routing/router/payout_internal_routes.go:12-190
identity:payouts-basic-auth:api,route:payouts/POST /v1/payouts/rzp_fees_payout,authenticates,,,real_source_running,confirmed,payouts/internal/routing/router/payout_internal_routes.go:12-190
identity:payouts-basic-auth:api,route:payouts/POST /v1/payouts/scheduled/process,authenticates,,,real_source_running,confirmed,payouts/internal/routing/router/payout_internal_routes.go:12-190
identity:payouts-basic-auth:api,route:payouts/POST /v1/payouts/set_pricing_rule_info,authenticates,,,real_source_running,confirmed,payouts/internal/routing/router/payout_internal_routes.go:12-190
identity:payouts-basic-auth:api,route:payouts/POST /v1/payouts/shield/evaluate,authenticates,,,real_source_running,confirmed,payouts/internal/routing/router/payout_internal_routes.go:12-190
identity:payouts-basic-auth:api,route:payouts/POST /v1/payouts/transfer_status_webhook,authenticates,,,real_source_running,confirmed,payouts/internal/routing/router/payout_internal_routes.go:12-190
identity:payouts-basic-auth:api,route:payouts/POST /v1/payouts/translate_account_number_to_balance_id,authenticates,,,real_source_running,confirmed,payouts/internal/routing/router/payout_routes.go:17-103
identity:payouts-basic-auth:api,route:payouts/POST /v1/payouts/update_payouts_details_with_fts,authenticates,,,real_source_running,confirmed,payouts/internal/routing/router/payout_internal_routes.go:12-190
identity:payouts-basic-auth:api,route:payouts/POST /v1/workflow/state,authenticates,,,real_source_running,confirmed,payouts/internal/routing/router/workflow_routes.go:12-32
identity:payouts-basic-auth:api,route:payouts/POST /v2/payouts,authenticates,,,real_source_running,confirmed,payouts/internal/routing/router/payout_routes_v2.go:14-47
identity:payouts-basic-auth:api,route:payouts/POST /v2/payouts/internal_contact_payout,authenticates,,,real_source_running,confirmed,payouts/internal/routing/router/payout_routes_v2.go:14-47
identity:payouts-basic-auth:api,route:payouts/POST /v2/payouts/payouts_internal,authenticates,,,real_source_running,confirmed,payouts/internal/routing/router/payout_routes_v2.go:14-47
identity:payouts-basic-auth:api,route:payouts/PUT /v1/elasticsearch/mapping,authenticates,,,real_source_running,confirmed,payouts/internal/routing/router/elasticsearch_internal_routes.go:12-49
identity:payouts-basic-auth:api,route:payouts/PUT /v1/fund-management-payout/balance-config/merchants/:merchant_id,authenticates,,,real_source_running,confirmed,payouts/internal/routing/router/fund_management_payout_admin_routes.go:14-31
identity:payouts-basic-auth:bankingaccounts,route:payouts/POST /v1/merchant_onboarding,authenticates,,,real_source_running,confirmed,payouts/internal/routing/router/merchant_onboarding_routes.go:11-24
identity:payouts-basic-auth:fastcron,route:payouts/GET /v1/cron/elasticsearch/mapping,authenticates,,,real_source_running,confirmed,payouts/internal/routing/router/cron_routes.go:12-198
identity:payouts-basic-auth:fastcron,route:payouts/GET /v1/cron/log_sampling,authenticates,,,real_source_running,confirmed,payouts/internal/routing/router/cron_routes.go:12-198
identity:payouts-basic-auth:fastcron,route:payouts/GET /v1/cron/payouts/fetch_multiple,authenticates,,,real_source_running,confirmed,payouts/internal/routing/router/cron_routes.go:12-198
identity:payouts-basic-auth:fastcron,route:payouts/GET /v1/fund-management-payout/balance-config/merchants/:merchant_id,authenticates,,,real_source_running,confirmed,payouts/internal/routing/router/fund_management_payout_admin_routes.go:14-31
identity:payouts-basic-auth:fastcron,route:payouts/POST /test/email/payout-processed-contact-communication,authenticates,,,real_source_running,confirmed,payouts/internal/routing/router/email_test_routes.go:12-39
identity:payouts-basic-auth:fastcron,route:payouts/POST /test/email/payout-reversed,authenticates,,,real_source_running,confirmed,payouts/internal/routing/router/email_test_routes.go:12-39
identity:payouts-basic-auth:fastcron,route:payouts/POST /test/email/payout-transaction-processed,authenticates,,,real_source_running,confirmed,payouts/internal/routing/router/email_test_routes.go:12-39
identity:payouts-basic-auth:fastcron,route:payouts/POST /test/sms/send,authenticates,,,real_source_running,confirmed,payouts/internal/routing/router/sms_test_routes.go:12-26
identity:payouts-basic-auth:fastcron,route:payouts/POST /v1/cron/banking_account_statement/fetch/initiate,authenticates,,,real_source_running,confirmed,payouts/internal/routing/router/cron_routes.go:12-198
identity:payouts-basic-auth:fastcron,route:payouts/POST /v1/cron/elasticsearch/backfill_index,authenticates,,,real_source_running,confirmed,payouts/internal/routing/router/cron_routes.go:12-198
identity:payouts-basic-auth:fastcron,route:payouts/POST /v1/cron/elasticsearch/query,authenticates,,,real_source_running,confirmed,payouts/internal/routing/router/cron_routes.go:12-198
identity:payouts-basic-auth:fastcron,route:payouts/POST /v1/cron/fund_management_payouts/check,authenticates,,,real_source_running,confirmed,payouts/internal/routing/router/cron_routes.go:12-198
identity:payouts-basic-auth:fastcron,route:payouts/POST /v1/cron/load_test/run,authenticates,,,real_source_running,confirmed,payouts/internal/routing/router/cron_routes.go:12-198
identity:payouts-basic-auth:fastcron,route:payouts/POST /v1/cron/merchant_configuration,authenticates,,,real_source_running,confirmed,payouts/internal/routing/router/cron_routes.go:12-198
identity:payouts-basic-auth:fastcron,route:payouts/POST /v1/cron/payouts_dual_write_failure_processing,authenticates,,,real_source_running,confirmed,payouts/internal/routing/router/cron_routes.go:12-198
identity:payouts-basic-auth:fastcron,route:payouts/POST /v1/cron/payouts_sla_breach_monitor,authenticates,,,real_source_running,confirmed,payouts/internal/routing/router/cron_routes.go:12-198
identity:payouts-basic-auth:fastcron,route:payouts/POST /v1/cron/process_batch_submitted_payouts,authenticates,,,real_source_running,confirmed,payouts/internal/routing/router/cron_routes.go:12-198
identity:payouts-basic-auth:fastcron,route:payouts/POST /v1/cron/process_beneficiary_bank_on_hold_payouts,authenticates,,,real_source_running,confirmed,payouts/internal/routing/router/cron_routes.go:12-198
identity:payouts-basic-auth:fastcron,route:payouts/POST /v1/cron/process_inflight_reservation_reconciliation,authenticates,,,real_source_running,confirmed,payouts/internal/routing/router/cron_routes.go:12-198
identity:payouts-basic-auth:fastcron,route:payouts/POST /v1/cron/process_queued_low_balance_payouts,authenticates,,,real_source_running,confirmed,payouts/internal/routing/router/cron_routes.go:12-198
identity:payouts-basic-auth:fastcron,route:payouts/POST /v1/cron/process_queued_payouts,authenticates,,,real_source_running,confirmed,payouts/internal/routing/router/cron_routes.go:12-198
identity:payouts-basic-auth:fastcron,route:payouts/POST /v1/cron/process_scheduled_payouts,authenticates,,,real_source_running,confirmed,payouts/internal/routing/router/cron_routes.go:12-198
identity:payouts-basic-auth:fastcron,route:payouts/POST /v1/cron/query_db,authenticates,,,real_source_running,confirmed,payouts/internal/routing/router/cron_routes.go:12-198
identity:payouts-basic-auth:fastcron,route:payouts/POST /v1/cron/redis_key_set,authenticates,,,real_source_running,confirmed,payouts/internal/routing/router/cron_routes.go:12-198
identity:payouts-basic-auth:fastcron,route:payouts/POST /v1/cron/reverse_dual_write,authenticates,,,real_source_running,confirmed,payouts/internal/routing/router/cron_routes.go:12-198
identity:payouts-basic-auth:fastcron,route:payouts/POST /v1/cron/tidb_data_consistency_check,authenticates,,,real_source_running,confirmed,payouts/internal/routing/router/cron_routes.go:12-198
identity:payouts-basic-auth:fastcron,route:payouts/POST /v1/merchant_onboarding,authenticates,,,real_source_running,confirmed,payouts/internal/routing/router/merchant_onboarding_routes.go:11-24
identity:payouts-basic-auth:fastcron,route:payouts/PUT /v1/cron/elasticsearch/mapping,authenticates,,,real_source_running,confirmed,payouts/internal/routing/router/cron_routes.go:12-198
identity:payouts-basic-auth:fastcron,route:payouts/PUT /v1/cron/log_sampling,authenticates,,,real_source_running,confirmed,payouts/internal/routing/router/cron_routes.go:12-198
identity:payouts-basic-auth:fastcron,route:payouts/PUT /v1/cron/merchant_configuration,authenticates,,,real_source_running,confirmed,payouts/internal/routing/router/cron_routes.go:12-198
identity:payouts-basic-auth:fastcron,route:payouts/PUT /v1/fund-management-payout/balance-config/merchants/:merchant_id,authenticates,,,real_source_running,confirmed,payouts/internal/routing/router/fund_management_payout_admin_routes.go:14-31
identity:payouts-basic-auth:fts,route:payouts/GET /v1/banking_account_statement,authenticates,,,real_source_running,confirmed,payouts/internal/routing/router/bas_internal_routes.go:28-42
identity:payouts-basic-auth:fts,route:payouts/GET /v1/inflight_reservations,authenticates,,,real_source_running,confirmed,payouts/internal/routing/router/payout_internal_routes.go:197-211
identity:payouts-basic-auth:fts,route:payouts/GET /v1/payouts/analytics,authenticates,,,real_source_running,confirmed,payouts/internal/routing/router/payout_internal_routes.go:12-190
identity:payouts-basic-auth:fts,route:payouts/GET /v1/payouts/fetch_multiple,authenticates,,,real_source_running,confirmed,payouts/internal/routing/router/payout_internal_routes.go:12-190
identity:payouts-basic-auth:fts,route:payouts/GET /v1/payouts/mapped_vpa/:upi_number,authenticates,,,real_source_running,confirmed,payouts/internal/routing/router/payout_internal_routes.go:12-190
identity:payouts-basic-auth:fts,route:payouts/GET /v1/payouts/payouts_internal/:payout_id,authenticates,,,real_source_running,confirmed,payouts/internal/routing/router/payout_internal_routes.go:12-190
identity:payouts-basic-auth:fts,route:payouts/GET /v1/payouts/status_details/:id,authenticates,,,real_source_running,confirmed,payouts/internal/routing/router/payout_status_details.go:11-26
identity:payouts-basic-auth:fts,route:payouts/GET /v1/payouts/xperience_get_payout/:id,authenticates,,,real_source_running,confirmed,payouts/internal/routing/router/payout_internal_routes.go:12-190
identity:payouts-basic-auth:fts,route:payouts/PATCH /v1/payouts/update_credit_transfer_payout,authenticates,,,real_source_running,confirmed,payouts/internal/routing/router/payout_internal_routes.go:12-190
identity:payouts-basic-auth:fts,route:payouts/PATCH /v1/payouts/update_payouts_with_fts,authenticates,,,real_source_running,confirmed,payouts/internal/routing/router/payout_internal_routes.go:12-190
identity:payouts-basic-auth:fts,route:payouts/POST /v1/notify/downtime,authenticates,,,real_source_running,confirmed,payouts/internal/routing/router/internal_routes.go:11-31
identity:payouts-basic-auth:fts,route:payouts/POST /v1/notify/health/update,authenticates,,,real_source_running,confirmed,payouts/internal/routing/router/internal_routes.go:11-31
identity:payouts-basic-auth:fts,route:payouts/POST /v1/payouts/balance_update_event,authenticates,,,real_source_running,confirmed,payouts/internal/routing/router/payout_internal_routes.go:12-190
identity:payouts-basic-auth:fts,route:payouts/POST /v1/payouts/banking_account_statement/payout_update,authenticates,,,real_source_running,confirmed,payouts/internal/routing/router/payout_internal_routes.go:12-190
identity:payouts-basic-auth:fts,route:payouts/POST /v1/payouts/batch/process,authenticates,,,real_source_running,confirmed,payouts/internal/routing/router/payout_internal_routes.go:12-190
identity:payouts-basic-auth:fts,route:payouts/POST /v1/payouts/bene_bank_status_update,authenticates,,,real_source_running,confirmed,payouts/internal/routing/router/payout_internal_routes.go:12-190
identity:payouts-basic-auth:fts,route:payouts/POST /v1/payouts/consistency_checker,authenticates,,,real_source_running,confirmed,payouts/internal/routing/router/payout_internal_routes.go:12-190
identity:payouts-basic-auth:fts,route:payouts/POST /v1/payouts/duplicate_payout_evaluate,authenticates,,,real_source_running,confirmed,payouts/internal/routing/router/payout_internal_routes.go:12-190
identity:payouts-basic-auth:fts,route:payouts/POST /v1/payouts/elasticsearch/backfill_index,authenticates,,,real_source_running,confirmed,payouts/internal/routing/router/payout_internal_routes.go:12-190
identity:payouts-basic-auth:fts,route:payouts/POST /v1/payouts/free_payout_migration,authenticates,,,real_source_running,confirmed,payouts/internal/routing/router/payout_internal_routes.go:12-190
identity:payouts-basic-auth:fts,route:payouts/POST /v1/payouts/manual_action,authenticates,,,real_source_running,confirmed,payouts/internal/routing/router/payout_internal_routes.go:12-190
identity:payouts-basic-auth:fts,route:payouts/POST /v1/payouts/on_hold/process,authenticates,,,real_source_running,confirmed,payouts/internal/routing/router/payout_internal_routes.go:12-190
identity:payouts-basic-auth:fts,route:payouts/POST /v1/payouts/payout_internal,authenticates,,,real_source_running,confirmed,payouts/internal/routing/router/payout_internal_routes.go:12-190
identity:payouts-basic-auth:fts,route:payouts/POST /v1/payouts/payouts_internal/:payout_id/approve,authenticates,,,real_source_running,confirmed,payouts/internal/routing/router/payout_internal_routes.go:12-190
identity:payouts-basic-auth:fts,route:payouts/POST /v1/payouts/payouts_internal/:payout_id/reject,authenticates,,,real_source_running,confirmed,payouts/internal/routing/router/payout_internal_routes.go:12-190
identity:payouts-basic-auth:fts,route:payouts/POST /v1/payouts/retry,authenticates,,,real_source_running,confirmed,payouts/internal/routing/router/payout_internal_routes.go:12-190
identity:payouts-basic-auth:fts,route:payouts/POST /v1/payouts/retry/source_update,authenticates,,,real_source_running,confirmed,payouts/internal/routing/router/payout_internal_routes.go:12-190
identity:payouts-basic-auth:fts,route:payouts/POST /v1/payouts/rzp_fees_payout,authenticates,,,real_source_running,confirmed,payouts/internal/routing/router/payout_internal_routes.go:12-190
identity:payouts-basic-auth:fts,route:payouts/POST /v1/payouts/scheduled/process,authenticates,,,real_source_running,confirmed,payouts/internal/routing/router/payout_internal_routes.go:12-190
identity:payouts-basic-auth:fts,route:payouts/POST /v1/payouts/set_pricing_rule_info,authenticates,,,real_source_running,confirmed,payouts/internal/routing/router/payout_internal_routes.go:12-190
identity:payouts-basic-auth:fts,route:payouts/POST /v1/payouts/shield/evaluate,authenticates,,,real_source_running,confirmed,payouts/internal/routing/router/payout_internal_routes.go:12-190
identity:payouts-basic-auth:fts,route:payouts/POST /v1/payouts/transfer_status_webhook,authenticates,,,real_source_running,confirmed,payouts/internal/routing/router/payout_internal_routes.go:12-190
identity:payouts-basic-auth:fts,route:payouts/POST /v1/payouts/update_payouts_details_with_fts,authenticates,,,real_source_running,confirmed,payouts/internal/routing/router/payout_internal_routes.go:12-190
identity:payouts-basic-auth:irctc,route:payouts/GET /v1/inflight_reservations,authenticates,,,real_source_running,confirmed,payouts/internal/routing/router/payout_internal_routes.go:197-211
identity:payouts-basic-auth:irctc,route:payouts/GET /v1/payouts/analytics,authenticates,,,real_source_running,confirmed,payouts/internal/routing/router/payout_internal_routes.go:12-190
identity:payouts-basic-auth:irctc,route:payouts/GET /v1/payouts/fetch_multiple,authenticates,,,real_source_running,confirmed,payouts/internal/routing/router/payout_internal_routes.go:12-190
identity:payouts-basic-auth:irctc,route:payouts/GET /v1/payouts/mapped_vpa/:upi_number,authenticates,,,real_source_running,confirmed,payouts/internal/routing/router/payout_internal_routes.go:12-190
identity:payouts-basic-auth:irctc,route:payouts/GET /v1/payouts/payouts_internal/:payout_id,authenticates,,,real_source_running,confirmed,payouts/internal/routing/router/payout_internal_routes.go:12-190
identity:payouts-basic-auth:irctc,route:payouts/GET /v1/payouts/xperience_get_payout/:id,authenticates,,,real_source_running,confirmed,payouts/internal/routing/router/payout_internal_routes.go:12-190
identity:payouts-basic-auth:irctc,route:payouts/PATCH /v1/payouts/update_credit_transfer_payout,authenticates,,,real_source_running,confirmed,payouts/internal/routing/router/payout_internal_routes.go:12-190
identity:payouts-basic-auth:irctc,route:payouts/PATCH /v1/payouts/update_payouts_with_fts,authenticates,,,real_source_running,confirmed,payouts/internal/routing/router/payout_internal_routes.go:12-190
identity:payouts-basic-auth:irctc,route:payouts/POST /v1/payouts/balance_update_event,authenticates,,,real_source_running,confirmed,payouts/internal/routing/router/payout_internal_routes.go:12-190
identity:payouts-basic-auth:irctc,route:payouts/POST /v1/payouts/banking_account_statement/payout_update,authenticates,,,real_source_running,confirmed,payouts/internal/routing/router/payout_internal_routes.go:12-190
identity:payouts-basic-auth:irctc,route:payouts/POST /v1/payouts/batch/process,authenticates,,,real_source_running,confirmed,payouts/internal/routing/router/payout_internal_routes.go:12-190
identity:payouts-basic-auth:irctc,route:payouts/POST /v1/payouts/bene_bank_status_update,authenticates,,,real_source_running,confirmed,payouts/internal/routing/router/payout_internal_routes.go:12-190
identity:payouts-basic-auth:irctc,route:payouts/POST /v1/payouts/consistency_checker,authenticates,,,real_source_running,confirmed,payouts/internal/routing/router/payout_internal_routes.go:12-190
identity:payouts-basic-auth:irctc,route:payouts/POST /v1/payouts/duplicate_payout_evaluate,authenticates,,,real_source_running,confirmed,payouts/internal/routing/router/payout_internal_routes.go:12-190
identity:payouts-basic-auth:irctc,route:payouts/POST /v1/payouts/elasticsearch/backfill_index,authenticates,,,real_source_running,confirmed,payouts/internal/routing/router/payout_internal_routes.go:12-190
identity:payouts-basic-auth:irctc,route:payouts/POST /v1/payouts/free_payout_migration,authenticates,,,real_source_running,confirmed,payouts/internal/routing/router/payout_internal_routes.go:12-190
identity:payouts-basic-auth:irctc,route:payouts/POST /v1/payouts/manual_action,authenticates,,,real_source_running,confirmed,payouts/internal/routing/router/payout_internal_routes.go:12-190
identity:payouts-basic-auth:irctc,route:payouts/POST /v1/payouts/on_hold/process,authenticates,,,real_source_running,confirmed,payouts/internal/routing/router/payout_internal_routes.go:12-190
identity:payouts-basic-auth:irctc,route:payouts/POST /v1/payouts/payout_internal,authenticates,,,real_source_running,confirmed,payouts/internal/routing/router/payout_internal_routes.go:12-190
identity:payouts-basic-auth:irctc,route:payouts/POST /v1/payouts/payouts_internal/:payout_id/approve,authenticates,,,real_source_running,confirmed,payouts/internal/routing/router/payout_internal_routes.go:12-190
identity:payouts-basic-auth:irctc,route:payouts/POST /v1/payouts/payouts_internal/:payout_id/reject,authenticates,,,real_source_running,confirmed,payouts/internal/routing/router/payout_internal_routes.go:12-190
identity:payouts-basic-auth:irctc,route:payouts/POST /v1/payouts/retry,authenticates,,,real_source_running,confirmed,payouts/internal/routing/router/payout_internal_routes.go:12-190
identity:payouts-basic-auth:irctc,route:payouts/POST /v1/payouts/retry/source_update,authenticates,,,real_source_running,confirmed,payouts/internal/routing/router/payout_internal_routes.go:12-190
identity:payouts-basic-auth:irctc,route:payouts/POST /v1/payouts/rzp_fees_payout,authenticates,,,real_source_running,confirmed,payouts/internal/routing/router/payout_internal_routes.go:12-190
identity:payouts-basic-auth:irctc,route:payouts/POST /v1/payouts/scheduled/process,authenticates,,,real_source_running,confirmed,payouts/internal/routing/router/payout_internal_routes.go:12-190
identity:payouts-basic-auth:irctc,route:payouts/POST /v1/payouts/set_pricing_rule_info,authenticates,,,real_source_running,confirmed,payouts/internal/routing/router/payout_internal_routes.go:12-190
identity:payouts-basic-auth:irctc,route:payouts/POST /v1/payouts/shield/evaluate,authenticates,,,real_source_running,confirmed,payouts/internal/routing/router/payout_internal_routes.go:12-190
identity:payouts-basic-auth:irctc,route:payouts/POST /v1/payouts/transfer_status_webhook,authenticates,,,real_source_running,confirmed,payouts/internal/routing/router/payout_internal_routes.go:12-190
identity:payouts-basic-auth:irctc,route:payouts/POST /v1/payouts/update_payouts_details_with_fts,authenticates,,,real_source_running,confirmed,payouts/internal/routing/router/payout_internal_routes.go:12-190
identity:payouts-basic-auth:merchantconfiguration,route:payouts/POST /v1/admin/merchant-configuration,authenticates,,,real_source_running,confirmed,payouts/internal/routing/router/merchant_configuration_routes.go:10-28
identity:payouts-basic-auth:merchantconfiguration,route:payouts/PUT /v1/admin/merchant-configuration,authenticates,,,real_source_running,confirmed,payouts/internal/routing/router/merchant_configuration_routes.go:10-28
identity:payouts-basic-auth:settlements,route:payouts/GET /v1/inflight_reservations,authenticates,,,real_source_running,confirmed,payouts/internal/routing/router/payout_internal_routes.go:197-211
identity:payouts-basic-auth:settlements,route:payouts/GET /v1/payouts/analytics,authenticates,,,real_source_running,confirmed,payouts/internal/routing/router/payout_internal_routes.go:12-190
identity:payouts-basic-auth:settlements,route:payouts/GET /v1/payouts/fetch_multiple,authenticates,,,real_source_running,confirmed,payouts/internal/routing/router/payout_internal_routes.go:12-190
identity:payouts-basic-auth:settlements,route:payouts/GET /v1/payouts/mapped_vpa/:upi_number,authenticates,,,real_source_running,confirmed,payouts/internal/routing/router/payout_internal_routes.go:12-190
identity:payouts-basic-auth:settlements,route:payouts/GET /v1/payouts/payouts_internal/:payout_id,authenticates,,,real_source_running,confirmed,payouts/internal/routing/router/payout_internal_routes.go:12-190
identity:payouts-basic-auth:settlements,route:payouts/GET /v1/payouts/xperience_get_payout/:id,authenticates,,,real_source_running,confirmed,payouts/internal/routing/router/payout_internal_routes.go:12-190
identity:payouts-basic-auth:settlements,route:payouts/PATCH /v1/payouts/update_credit_transfer_payout,authenticates,,,real_source_running,confirmed,payouts/internal/routing/router/payout_internal_routes.go:12-190
identity:payouts-basic-auth:settlements,route:payouts/PATCH /v1/payouts/update_payouts_with_fts,authenticates,,,real_source_running,confirmed,payouts/internal/routing/router/payout_internal_routes.go:12-190
identity:payouts-basic-auth:settlements,route:payouts/POST /v1/payouts/balance_update_event,authenticates,,,real_source_running,confirmed,payouts/internal/routing/router/payout_internal_routes.go:12-190
identity:payouts-basic-auth:settlements,route:payouts/POST /v1/payouts/banking_account_statement/payout_update,authenticates,,,real_source_running,confirmed,payouts/internal/routing/router/payout_internal_routes.go:12-190
identity:payouts-basic-auth:settlements,route:payouts/POST /v1/payouts/batch/process,authenticates,,,real_source_running,confirmed,payouts/internal/routing/router/payout_internal_routes.go:12-190
identity:payouts-basic-auth:settlements,route:payouts/POST /v1/payouts/bene_bank_status_update,authenticates,,,real_source_running,confirmed,payouts/internal/routing/router/payout_internal_routes.go:12-190
identity:payouts-basic-auth:settlements,route:payouts/POST /v1/payouts/consistency_checker,authenticates,,,real_source_running,confirmed,payouts/internal/routing/router/payout_internal_routes.go:12-190
identity:payouts-basic-auth:settlements,route:payouts/POST /v1/payouts/duplicate_payout_evaluate,authenticates,,,real_source_running,confirmed,payouts/internal/routing/router/payout_internal_routes.go:12-190
identity:payouts-basic-auth:settlements,route:payouts/POST /v1/payouts/elasticsearch/backfill_index,authenticates,,,real_source_running,confirmed,payouts/internal/routing/router/payout_internal_routes.go:12-190
identity:payouts-basic-auth:settlements,route:payouts/POST /v1/payouts/free_payout_migration,authenticates,,,real_source_running,confirmed,payouts/internal/routing/router/payout_internal_routes.go:12-190
identity:payouts-basic-auth:settlements,route:payouts/POST /v1/payouts/manual_action,authenticates,,,real_source_running,confirmed,payouts/internal/routing/router/payout_internal_routes.go:12-190
identity:payouts-basic-auth:settlements,route:payouts/POST /v1/payouts/on_hold/process,authenticates,,,real_source_running,confirmed,payouts/internal/routing/router/payout_internal_routes.go:12-190
identity:payouts-basic-auth:settlements,route:payouts/POST /v1/payouts/payout_internal,authenticates,,,real_source_running,confirmed,payouts/internal/routing/router/payout_internal_routes.go:12-190
identity:payouts-basic-auth:settlements,route:payouts/POST /v1/payouts/payouts_internal/:payout_id/approve,authenticates,,,real_source_running,confirmed,payouts/internal/routing/router/payout_internal_routes.go:12-190
identity:payouts-basic-auth:settlements,route:payouts/POST /v1/payouts/payouts_internal/:payout_id/reject,authenticates,,,real_source_running,confirmed,payouts/internal/routing/router/payout_internal_routes.go:12-190
identity:payouts-basic-auth:settlements,route:payouts/POST /v1/payouts/retry,authenticates,,,real_source_running,confirmed,payouts/internal/routing/router/payout_internal_routes.go:12-190
identity:payouts-basic-auth:settlements,route:payouts/POST /v1/payouts/retry/source_update,authenticates,,,real_source_running,confirmed,payouts/internal/routing/router/payout_internal_routes.go:12-190
identity:payouts-basic-auth:settlements,route:payouts/POST /v1/payouts/rzp_fees_payout,authenticates,,,real_source_running,confirmed,payouts/internal/routing/router/payout_internal_routes.go:12-190
identity:payouts-basic-auth:settlements,route:payouts/POST /v1/payouts/scheduled/process,authenticates,,,real_source_running,confirmed,payouts/internal/routing/router/payout_internal_routes.go:12-190
identity:payouts-basic-auth:settlements,route:payouts/POST /v1/payouts/set_pricing_rule_info,authenticates,,,real_source_running,confirmed,payouts/internal/routing/router/payout_internal_routes.go:12-190
identity:payouts-basic-auth:settlements,route:payouts/POST /v1/payouts/shield/evaluate,authenticates,,,real_source_running,confirmed,payouts/internal/routing/router/payout_internal_routes.go:12-190
identity:payouts-basic-auth:settlements,route:payouts/POST /v1/payouts/transfer_status_webhook,authenticates,,,real_source_running,confirmed,payouts/internal/routing/router/payout_internal_routes.go:12-190
identity:payouts-basic-auth:settlements,route:payouts/POST /v1/payouts/update_payouts_details_with_fts,authenticates,,,real_source_running,confirmed,payouts/internal/routing/router/payout_internal_routes.go:12-190
identity:payouts-basic-auth:vendorpayments,route:payouts/GET /v1/inflight_reservations,authenticates,,,real_source_running,confirmed,payouts/internal/routing/router/payout_internal_routes.go:197-211
identity:payouts-basic-auth:vendorpayments,route:payouts/GET /v1/payouts/analytics,authenticates,,,real_source_running,confirmed,payouts/internal/routing/router/payout_internal_routes.go:12-190
identity:payouts-basic-auth:vendorpayments,route:payouts/GET /v1/payouts/fetch_multiple,authenticates,,,real_source_running,confirmed,payouts/internal/routing/router/payout_internal_routes.go:12-190
identity:payouts-basic-auth:vendorpayments,route:payouts/GET /v1/payouts/mapped_vpa/:upi_number,authenticates,,,real_source_running,confirmed,payouts/internal/routing/router/payout_internal_routes.go:12-190
identity:payouts-basic-auth:vendorpayments,route:payouts/GET /v1/payouts/payouts_internal/:payout_id,authenticates,,,real_source_running,confirmed,payouts/internal/routing/router/payout_internal_routes.go:12-190
identity:payouts-basic-auth:vendorpayments,route:payouts/GET /v1/payouts/xperience_get_payout/:id,authenticates,,,real_source_running,confirmed,payouts/internal/routing/router/payout_internal_routes.go:12-190
identity:payouts-basic-auth:vendorpayments,route:payouts/PATCH /v1/payouts/update_credit_transfer_payout,authenticates,,,real_source_running,confirmed,payouts/internal/routing/router/payout_internal_routes.go:12-190
identity:payouts-basic-auth:vendorpayments,route:payouts/PATCH /v1/payouts/update_payouts_with_fts,authenticates,,,real_source_running,confirmed,payouts/internal/routing/router/payout_internal_routes.go:12-190
identity:payouts-basic-auth:vendorpayments,route:payouts/POST /v1/payouts/balance_update_event,authenticates,,,real_source_running,confirmed,payouts/internal/routing/router/payout_internal_routes.go:12-190
identity:payouts-basic-auth:vendorpayments,route:payouts/POST /v1/payouts/banking_account_statement/payout_update,authenticates,,,real_source_running,confirmed,payouts/internal/routing/router/payout_internal_routes.go:12-190
identity:payouts-basic-auth:vendorpayments,route:payouts/POST /v1/payouts/batch/process,authenticates,,,real_source_running,confirmed,payouts/internal/routing/router/payout_internal_routes.go:12-190
identity:payouts-basic-auth:vendorpayments,route:payouts/POST /v1/payouts/bene_bank_status_update,authenticates,,,real_source_running,confirmed,payouts/internal/routing/router/payout_internal_routes.go:12-190
identity:payouts-basic-auth:vendorpayments,route:payouts/POST /v1/payouts/consistency_checker,authenticates,,,real_source_running,confirmed,payouts/internal/routing/router/payout_internal_routes.go:12-190
identity:payouts-basic-auth:vendorpayments,route:payouts/POST /v1/payouts/duplicate_payout_evaluate,authenticates,,,real_source_running,confirmed,payouts/internal/routing/router/payout_internal_routes.go:12-190
identity:payouts-basic-auth:vendorpayments,route:payouts/POST /v1/payouts/elasticsearch/backfill_index,authenticates,,,real_source_running,confirmed,payouts/internal/routing/router/payout_internal_routes.go:12-190
identity:payouts-basic-auth:vendorpayments,route:payouts/POST /v1/payouts/free_payout_migration,authenticates,,,real_source_running,confirmed,payouts/internal/routing/router/payout_internal_routes.go:12-190
identity:payouts-basic-auth:vendorpayments,route:payouts/POST /v1/payouts/manual_action,authenticates,,,real_source_running,confirmed,payouts/internal/routing/router/payout_internal_routes.go:12-190
identity:payouts-basic-auth:vendorpayments,route:payouts/POST /v1/payouts/on_hold/process,authenticates,,,real_source_running,confirmed,payouts/internal/routing/router/payout_internal_routes.go:12-190
identity:payouts-basic-auth:vendorpayments,route:payouts/POST /v1/payouts/payout_internal,authenticates,,,real_source_running,confirmed,payouts/internal/routing/router/payout_internal_routes.go:12-190
identity:payouts-basic-auth:vendorpayments,route:payouts/POST /v1/payouts/payouts_internal/:payout_id/approve,authenticates,,,real_source_running,confirmed,payouts/internal/routing/router/payout_internal_routes.go:12-190
identity:payouts-basic-auth:vendorpayments,route:payouts/POST /v1/payouts/payouts_internal/:payout_id/reject,authenticates,,,real_source_running,confirmed,payouts/internal/routing/router/payout_internal_routes.go:12-190
identity:payouts-basic-auth:vendorpayments,route:payouts/POST /v1/payouts/retry,authenticates,,,real_source_running,confirmed,payouts/internal/routing/router/payout_internal_routes.go:12-190
identity:payouts-basic-auth:vendorpayments,route:payouts/POST /v1/payouts/retry/source_update,authenticates,,,real_source_running,confirmed,payouts/internal/routing/router/payout_internal_routes.go:12-190
identity:payouts-basic-auth:vendorpayments,route:payouts/POST /v1/payouts/rzp_fees_payout,authenticates,,,real_source_running,confirmed,payouts/internal/routing/router/payout_internal_routes.go:12-190
identity:payouts-basic-auth:vendorpayments,route:payouts/POST /v1/payouts/scheduled/process,authenticates,,,real_source_running,confirmed,payouts/internal/routing/router/payout_internal_routes.go:12-190
identity:payouts-basic-auth:vendorpayments,route:payouts/POST /v1/payouts/set_pricing_rule_info,authenticates,,,real_source_running,confirmed,payouts/internal/routing/router/payout_internal_routes.go:12-190
identity:payouts-basic-auth:vendorpayments,route:payouts/POST /v1/payouts/shield/evaluate,authenticates,,,real_source_running,confirmed,payouts/internal/routing/router/payout_internal_routes.go:12-190
identity:payouts-basic-auth:vendorpayments,route:payouts/POST /v1/payouts/transfer_status_webhook,authenticates,,,real_source_running,confirmed,payouts/internal/routing/router/payout_internal_routes.go:12-190
identity:payouts-basic-auth:vendorpayments,route:payouts/POST /v1/payouts/update_payouts_details_with_fts,authenticates,,,real_source_running,confirmed,payouts/internal/routing/router/payout_internal_routes.go:12-190
identity:payouts-basic-auth:workflow,route:payouts/GET /v1/fund_accounts/validations/:id,authenticates,,,real_source_running,confirmed,payouts/internal/routing/router/fund_account_validation_routes.go:14-35
identity:payouts-basic-auth:workflow,route:payouts/GET /v1/inflight_reservations,authenticates,,,real_source_running,confirmed,payouts/internal/routing/router/payout_internal_routes.go:197-211
identity:payouts-basic-auth:workflow,route:payouts/GET /v1/payouts,authenticates,,,real_source_running,confirmed,payouts/internal/routing/router/payout_routes.go:17-103
identity:payouts-basic-auth:workflow,route:payouts/GET /v1/payouts/:id,authenticates,,,real_source_running,confirmed,payouts/internal/routing/router/payout_routes.go:17-103
identity:payouts-basic-auth:workflow,route:payouts/GET /v1/payouts/_meta/summary,authenticates,,,real_source_running,confirmed,payouts/internal/routing/router/payout_routes.go:17-103
identity:payouts-basic-auth:workflow,route:payouts/GET /v1/payouts/analytics,authenticates,,,real_source_running,confirmed,payouts/internal/routing/router/payout_internal_routes.go:12-190
identity:payouts-basic-auth:workflow,route:payouts/GET /v1/payouts/fetch_multiple,authenticates,,,real_source_running,confirmed,payouts/internal/routing/router/payout_internal_routes.go:12-190
identity:payouts-basic-auth:workflow,route:payouts/GET /v1/payouts/free_payout/:balance_id,authenticates,,,real_source_running,confirmed,payouts/internal/routing/router/payout_routes.go:17-103
identity:payouts-basic-auth:workflow,route:payouts/GET /v1/payouts/mapped_vpa/:upi_number,authenticates,,,real_source_running,confirmed,payouts/internal/routing/router/payout_internal_routes.go:12-190
identity:payouts-basic-auth:workflow,route:payouts/GET /v1/payouts/payouts_internal/:payout_id,authenticates,,,real_source_running,confirmed,payouts/internal/routing/router/payout_internal_routes.go:12-190
identity:payouts-basic-auth:workflow,route:payouts/GET /v1/payouts/payouts_status_reason_map,authenticates,,,real_source_running,confirmed,payouts/internal/routing/router/payout_routes.go:17-103
identity:payouts-basic-auth:workflow,route:payouts/GET /v1/payouts/schedule/timeslots,authenticates,,,real_source_running,confirmed,payouts/internal/routing/router/payout_routes.go:115-133
identity:payouts-basic-auth:workflow,route:payouts/GET /v1/payouts/status_details/:id,authenticates,,,real_source_running,confirmed,payouts/internal/routing/router/payout_status_details.go:11-26
identity:payouts-basic-auth:workflow,route:payouts/GET /v1/payouts/xperience_get_payout/:id,authenticates,,,real_source_running,confirmed,payouts/internal/routing/router/payout_internal_routes.go:12-190
identity:payouts-basic-auth:workflow,route:payouts/PATCH /v1/payouts/attachments,authenticates,,,real_source_running,confirmed,payouts/internal/routing/router/payout_internal_routes_with_passport.go:13-35
identity:payouts-basic-auth:workflow,route:payouts/PATCH /v1/payouts/update_credit_transfer_payout,authenticates,,,real_source_running,confirmed,payouts/internal/routing/router/payout_internal_routes.go:12-190
identity:payouts-basic-auth:workflow,route:payouts/PATCH /v1/payouts/update_payouts_with_fts,authenticates,,,real_source_running,confirmed,payouts/internal/routing/router/payout_internal_routes.go:12-190
identity:payouts-basic-auth:workflow,route:payouts/PATCH /v1/workflow/state/:id,authenticates,,,real_source_running,confirmed,payouts/internal/routing/router/workflow_routes.go:12-32
identity:payouts-basic-auth:workflow,route:payouts/POST /v1/banking_account_statement/process/batch,authenticates,,,real_source_running,confirmed,payouts/internal/routing/router/bas_internal_routes.go:11-26
identity:payouts-basic-auth:workflow,route:payouts/POST /v1/fund_accounts/validations,authenticates,,,real_source_running,confirmed,payouts/internal/routing/router/fund_account_validation_routes.go:14-35
identity:payouts-basic-auth:workflow,route:payouts/POST /v1/fund_accounts/validations/update/fts,authenticates,,,real_source_running,confirmed,payouts/internal/routing/router/fund_account_validation_internal_routes.go:12-32
identity:payouts-basic-auth:workflow,route:payouts/POST /v1/fund_accounts/validations/update/vpa,authenticates,,,real_source_running,confirmed,payouts/internal/routing/router/fund_account_validation_internal_routes.go:12-32
identity:payouts-basic-auth:workflow,route:payouts/POST /v1/payouts,authenticates,,,real_source_running,confirmed,payouts/internal/routing/router/payout_routes.go:17-103
identity:payouts-basic-auth:workflow,route:payouts/POST /v1/payouts/balance_update_event,authenticates,,,real_source_running,confirmed,payouts/internal/routing/router/payout_internal_routes.go:12-190
identity:payouts-basic-auth:workflow,route:payouts/POST /v1/payouts/banking_account_statement/payout_update,authenticates,,,real_source_running,confirmed,payouts/internal/routing/router/payout_internal_routes.go:12-190
identity:payouts-basic-auth:workflow,route:payouts/POST /v1/payouts/batch/process,authenticates,,,real_source_running,confirmed,payouts/internal/routing/router/payout_internal_routes.go:12-190
identity:payouts-basic-auth:workflow,route:payouts/POST /v1/payouts/bene_bank_status_update,authenticates,,,real_source_running,confirmed,payouts/internal/routing/router/payout_internal_routes.go:12-190
identity:payouts-basic-auth:workflow,route:payouts/POST /v1/payouts/bulk,authenticates,,,real_source_running,confirmed,payouts/internal/routing/router/payout_internal_routes_with_passport.go:13-35
identity:payouts-basic-auth:workflow,route:payouts/POST /v1/payouts/cancel_payout/:payout_id,authenticates,,,real_source_running,confirmed,payouts/internal/routing/router/payout_routes.go:17-103
identity:payouts-basic-auth:workflow,route:payouts/POST /v1/payouts/consistency_checker,authenticates,,,real_source_running,confirmed,payouts/internal/routing/router/payout_internal_routes.go:12-190
identity:payouts-basic-auth:workflow,route:payouts/POST /v1/payouts/duplicate_payout_evaluate,authenticates,,,real_source_running,confirmed,payouts/internal/routing/router/payout_internal_routes.go:12-190
identity:payouts-basic-auth:workflow,route:payouts/POST /v1/payouts/elasticsearch/backfill_index,authenticates,,,real_source_running,confirmed,payouts/internal/routing/router/payout_internal_routes.go:12-190
identity:payouts-basic-auth:workflow,route:payouts/POST /v1/payouts/free_payout_migration,authenticates,,,real_source_running,confirmed,payouts/internal/routing/router/payout_internal_routes.go:12-190
identity:payouts-basic-auth:workflow,route:payouts/POST /v1/payouts/internal_contact_payout,authenticates,,,real_source_running,confirmed,payouts/internal/routing/router/payout_routes.go:17-103
identity:payouts-basic-auth:workflow,route:payouts/POST /v1/payouts/manual_action,authenticates,,,real_source_running,confirmed,payouts/internal/routing/router/payout_internal_routes.go:12-190
identity:payouts-basic-auth:workflow,route:payouts/POST /v1/payouts/on_hold/process,authenticates,,,real_source_running,confirmed,payouts/internal/routing/router/payout_internal_routes.go:12-190
identity:payouts-basic-auth:workflow,route:payouts/POST /v1/payouts/payout_internal,authenticates,,,real_source_running,confirmed,payouts/internal/routing/router/payout_internal_routes.go:12-190
identity:payouts-basic-auth:workflow,route:payouts/POST /v1/payouts/payouts_internal,authenticates,,,real_source_running,confirmed,payouts/internal/routing/router/payout_routes.go:17-103
identity:payouts-basic-auth:workflow,route:payouts/POST /v1/payouts/payouts_internal/:payout_id/approve,authenticates,,,real_source_running,confirmed,payouts/internal/routing/router/payout_internal_routes.go:12-190
identity:payouts-basic-auth:workflow,route:payouts/POST /v1/payouts/payouts_internal/:payout_id/reject,authenticates,,,real_source_running,confirmed,payouts/internal/routing/router/payout_internal_routes.go:12-190
identity:payouts-basic-auth:workflow,route:payouts/POST /v1/payouts/retry,authenticates,,,real_source_running,confirmed,payouts/internal/routing/router/payout_internal_routes.go:12-190
identity:payouts-basic-auth:workflow,route:payouts/POST /v1/payouts/retry/source_update,authenticates,,,real_source_running,confirmed,payouts/internal/routing/router/payout_internal_routes.go:12-190
identity:payouts-basic-auth:workflow,route:payouts/POST /v1/payouts/rzp_fees_payout,authenticates,,,real_source_running,confirmed,payouts/internal/routing/router/payout_internal_routes.go:12-190
identity:payouts-basic-auth:workflow,route:payouts/POST /v1/payouts/scheduled/process,authenticates,,,real_source_running,confirmed,payouts/internal/routing/router/payout_internal_routes.go:12-190
identity:payouts-basic-auth:workflow,route:payouts/POST /v1/payouts/set_pricing_rule_info,authenticates,,,real_source_running,confirmed,payouts/internal/routing/router/payout_internal_routes.go:12-190
identity:payouts-basic-auth:workflow,route:payouts/POST /v1/payouts/shield/evaluate,authenticates,,,real_source_running,confirmed,payouts/internal/routing/router/payout_internal_routes.go:12-190
identity:payouts-basic-auth:workflow,route:payouts/POST /v1/payouts/transfer_status_webhook,authenticates,,,real_source_running,confirmed,payouts/internal/routing/router/payout_internal_routes.go:12-190
identity:payouts-basic-auth:workflow,route:payouts/POST /v1/payouts/translate_account_number_to_balance_id,authenticates,,,real_source_running,confirmed,payouts/internal/routing/router/payout_routes.go:17-103
identity:payouts-basic-auth:workflow,route:payouts/POST /v1/payouts/update_payouts_details_with_fts,authenticates,,,real_source_running,confirmed,payouts/internal/routing/router/payout_internal_routes.go:12-190
identity:payouts-basic-auth:workflow,route:payouts/POST /v1/workflow/state,authenticates,,,real_source_running,confirmed,payouts/internal/routing/router/workflow_routes.go:12-32
identity:payouts-basic-auth:xbalances,route:payouts/GET /v1/internal/banking_account/:balance_id,authenticates,,,real_source_running,confirmed,payouts/internal/routing/router/xbalances_internal_routes.go:13-44
identity:payouts-basic-auth:xbalances,route:payouts/GET /v1/internal/non_terminal_payouts/:balance_id,authenticates,,,real_source_running,confirmed,payouts/internal/routing/router/xbalances_internal_routes.go:13-44
identity:payouts-basic-auth:xperience,route:payouts/GET /v1/inflight_reservations,authenticates,,,real_source_running,confirmed,payouts/internal/routing/router/payout_internal_routes.go:197-211
identity:payouts-basic-auth:xperience,route:payouts/GET /v1/payouts/analytics,authenticates,,,real_source_running,confirmed,payouts/internal/routing/router/payout_internal_routes.go:12-190
identity:payouts-basic-auth:xperience,route:payouts/GET /v1/payouts/fetch_multiple,authenticates,,,real_source_running,confirmed,payouts/internal/routing/router/payout_internal_routes.go:12-190
identity:payouts-basic-auth:xperience,route:payouts/GET /v1/payouts/mapped_vpa/:upi_number,authenticates,,,real_source_running,confirmed,payouts/internal/routing/router/payout_internal_routes.go:12-190
identity:payouts-basic-auth:xperience,route:payouts/GET /v1/payouts/payouts_internal/:payout_id,authenticates,,,real_source_running,confirmed,payouts/internal/routing/router/payout_internal_routes.go:12-190
identity:payouts-basic-auth:xperience,route:payouts/GET /v1/payouts/status_details/:id,authenticates,,,real_source_running,confirmed,payouts/internal/routing/router/payout_status_details.go:11-26
identity:payouts-basic-auth:xperience,route:payouts/GET /v1/payouts/xperience_get_payout/:id,authenticates,,,real_source_running,confirmed,payouts/internal/routing/router/payout_internal_routes.go:12-190
identity:payouts-basic-auth:xperience,route:payouts/PATCH /v1/payouts/update_credit_transfer_payout,authenticates,,,real_source_running,confirmed,payouts/internal/routing/router/payout_internal_routes.go:12-190
identity:payouts-basic-auth:xperience,route:payouts/PATCH /v1/payouts/update_payouts_with_fts,authenticates,,,real_source_running,confirmed,payouts/internal/routing/router/payout_internal_routes.go:12-190
identity:payouts-basic-auth:xperience,route:payouts/POST /v1/payouts/balance_update_event,authenticates,,,real_source_running,confirmed,payouts/internal/routing/router/payout_internal_routes.go:12-190
identity:payouts-basic-auth:xperience,route:payouts/POST /v1/payouts/banking_account_statement/payout_update,authenticates,,,real_source_running,confirmed,payouts/internal/routing/router/payout_internal_routes.go:12-190
identity:payouts-basic-auth:xperience,route:payouts/POST /v1/payouts/batch/process,authenticates,,,real_source_running,confirmed,payouts/internal/routing/router/payout_internal_routes.go:12-190
identity:payouts-basic-auth:xperience,route:payouts/POST /v1/payouts/bene_bank_status_update,authenticates,,,real_source_running,confirmed,payouts/internal/routing/router/payout_internal_routes.go:12-190
identity:payouts-basic-auth:xperience,route:payouts/POST /v1/payouts/consistency_checker,authenticates,,,real_source_running,confirmed,payouts/internal/routing/router/payout_internal_routes.go:12-190
identity:payouts-basic-auth:xperience,route:payouts/POST /v1/payouts/duplicate_payout_evaluate,authenticates,,,real_source_running,confirmed,payouts/internal/routing/router/payout_internal_routes.go:12-190
identity:payouts-basic-auth:xperience,route:payouts/POST /v1/payouts/elasticsearch/backfill_index,authenticates,,,real_source_running,confirmed,payouts/internal/routing/router/payout_internal_routes.go:12-190
identity:payouts-basic-auth:xperience,route:payouts/POST /v1/payouts/free_payout_migration,authenticates,,,real_source_running,confirmed,payouts/internal/routing/router/payout_internal_routes.go:12-190
identity:payouts-basic-auth:xperience,route:payouts/POST /v1/payouts/manual_action,authenticates,,,real_source_running,confirmed,payouts/internal/routing/router/payout_internal_routes.go:12-190
identity:payouts-basic-auth:xperience,route:payouts/POST /v1/payouts/on_hold/process,authenticates,,,real_source_running,confirmed,payouts/internal/routing/router/payout_internal_routes.go:12-190
identity:payouts-basic-auth:xperience,route:payouts/POST /v1/payouts/payout_internal,authenticates,,,real_source_running,confirmed,payouts/internal/routing/router/payout_internal_routes.go:12-190
identity:payouts-basic-auth:xperience,route:payouts/POST /v1/payouts/payouts_internal/:payout_id/approve,authenticates,,,real_source_running,confirmed,payouts/internal/routing/router/payout_internal_routes.go:12-190
identity:payouts-basic-auth:xperience,route:payouts/POST /v1/payouts/payouts_internal/:payout_id/reject,authenticates,,,real_source_running,confirmed,payouts/internal/routing/router/payout_internal_routes.go:12-190
identity:payouts-basic-auth:xperience,route:payouts/POST /v1/payouts/retry,authenticates,,,real_source_running,confirmed,payouts/internal/routing/router/payout_internal_routes.go:12-190
identity:payouts-basic-auth:xperience,route:payouts/POST /v1/payouts/retry/source_update,authenticates,,,real_source_running,confirmed,payouts/internal/routing/router/payout_internal_routes.go:12-190
identity:payouts-basic-auth:xperience,route:payouts/POST /v1/payouts/rzp_fees_payout,authenticates,,,real_source_running,confirmed,payouts/internal/routing/router/payout_internal_routes.go:12-190
identity:payouts-basic-auth:xperience,route:payouts/POST /v1/payouts/scheduled/process,authenticates,,,real_source_running,confirmed,payouts/internal/routing/router/payout_internal_routes.go:12-190
identity:payouts-basic-auth:xperience,route:payouts/POST /v1/payouts/set_pricing_rule_info,authenticates,,,real_source_running,confirmed,payouts/internal/routing/router/payout_internal_routes.go:12-190
identity:payouts-basic-auth:xperience,route:payouts/POST /v1/payouts/shield/evaluate,authenticates,,,real_source_running,confirmed,payouts/internal/routing/router/payout_internal_routes.go:12-190
identity:payouts-basic-auth:xperience,route:payouts/POST /v1/payouts/transfer_status_webhook,authenticates,,,real_source_running,confirmed,payouts/internal/routing/router/payout_internal_routes.go:12-190
identity:payouts-basic-auth:xperience,route:payouts/POST /v1/payouts/update_payouts_details_with_fts,authenticates,,,real_source_running,confirmed,payouts/internal/routing/router/payout_internal_routes.go:12-190
identity:ps-cred-api,route:payouts/POST /v1/payouts/batch/process,authenticates,middleware.BasicAuth / PassportAuthentication,,real_source_running,confirmed,payouts/internal/routing/router/payout_internal_routes.go:111-116
identity:ps-cred-api,route:payouts/POST /v1/payouts/bulk,authenticates,middleware.BasicAuth / PassportAuthentication,,real_source_running,confirmed,payouts/internal/routing/router/payout_internal_routes_with_passport.go:13-35
identity:ps-cred-api,route:payouts/POST /v1/payouts/bulk/validate,authenticates,middleware.BasicAuth / PassportAuthentication,,real_source_running,confirmed,payouts/internal/routing/router/payout_bulk_routes.go:13-29
identity:ps-cred-api,route:payouts/POST /v1/payouts/payouts_internal/{payout_id}/approve,authenticates,middleware.BasicAuth / PassportAuthentication,,real_source_running,confirmed,"payouts/internal/routing/router/payout_internal_routes.go:14-18,69-74"
identity:ps-cred-api,route:payouts/POST /v1/payouts/payouts_internal/{payout_id}/reject,authenticates,middleware.BasicAuth / PassportAuthentication,,real_source_running,confirmed,payouts/internal/routing/router/payout_internal_routes.go:75-80
identity:ps-cred-fastcron,route:payouts/POST /v1/cron/process_batch_submitted_payouts,authenticates,middleware.BasicAuth / PassportAuthentication,,real_source_running,confirmed,"payouts/internal/routing/router/cron_routes.go:12-16,40-49"
identity:ps-cred-workflow,route:payouts/POST /v1/payouts/batch/process,authenticates,middleware.BasicAuth / PassportAuthentication,,real_source_running,confirmed,payouts/internal/routing/router/payout_internal_routes.go:111-116
identity:ps-cred-workflow,route:payouts/POST /v1/payouts/bulk,authenticates,middleware.BasicAuth / PassportAuthentication,,real_source_running,confirmed,payouts/internal/routing/router/payout_internal_routes_with_passport.go:13-35
identity:ps-cred-workflow,route:payouts/POST /v1/payouts/payouts_internal/{payout_id}/approve,authenticates,middleware.BasicAuth / PassportAuthentication,,real_source_running,confirmed,"payouts/internal/routing/router/payout_internal_routes.go:14-18,69-74"
identity:ps-cred-workflow,route:payouts/POST /v1/payouts/payouts_internal/{payout_id}/reject,authenticates,middleware.BasicAuth / PassportAuthentication,,real_source_running,confirmed,payouts/internal/routing/router/payout_internal_routes.go:75-80
identity:service-basic-auth:api-to-ps,route:payouts/POST /v1/payouts/manual_action,authenticates,middleware.BasicAuth / PassportAuthentication,,real_source_running,confirmed,payouts/internal/routing/router/payout_internal_routes.go:20-25
identity:service-basic-auth:batch,route:api-monolith/POST payouts/bulk,authenticates,Route::$internalApps allow-list,,graph_only,confirmed,api/app/Http/Route.php:12922;api/app/Http/BasicAuth/BasicAuth.php:1661-1687
identity:service-basic-auth:batch,route:api-monolith/POST payouts/bulk_approve,authenticates,Route::$internalApps allow-list,,graph_only,confirmed,api/app/Http/Route.php:12922;api/app/Http/BasicAuth/BasicAuth.php:1661-1687
identity:service-basic-auth:payouts-service,route:api-monolith/PATCH wf-service/state/{id}/callback,authenticates,Route::$internalApps allow-list,,graph_only,confirmed,api/app/Http/Route.php:12922;api/app/Http/BasicAuth/BasicAuth.php:1661-1687
identity:service-basic-auth:payouts-service,route:api-monolith/POST internal/workflow/config,authenticates,Route::$internalApps allow-list,,graph_only,confirmed,api/app/Http/Route.php:12922;api/app/Http/BasicAuth/BasicAuth.php:1661-1687
identity:service-basic-auth:payouts-service,route:api-monolith/POST wf-service/state/callback,authenticates,Route::$internalApps allow-list,,graph_only,confirmed,api/app/Http/Route.php:12922;api/app/Http/BasicAuth/BasicAuth.php:1661-1687
identity:service-basic-auth:workflows,route:api-monolith/PATCH wf-service/state/{id}/callback,authenticates,Route::$internalApps allow-list,,graph_only,confirmed,api/app/Http/Route.php:12922;api/app/Http/BasicAuth/BasicAuth.php:1661-1687
identity:service-basic-auth:workflows,route:api-monolith/POST payouts_internal/{id}/approve,authenticates,Route::$internalApps allow-list,,graph_only,confirmed,api/app/Http/Route.php:12922;api/app/Http/BasicAuth/BasicAuth.php:1661-1687
identity:service-basic-auth:workflows,route:api-monolith/POST payouts_internal/{id}/reject,authenticates,Route::$internalApps allow-list,,graph_only,confirmed,api/app/Http/Route.php:12922;api/app/Http/BasicAuth/BasicAuth.php:1661-1687
identity:service-basic-auth:workflows,route:api-monolith/POST wf-service/state/callback,authenticates,Route::$internalApps allow-list,,graph_only,confirmed,api/app/Http/Route.php:12922;api/app/Http/BasicAuth/BasicAuth.php:1661-1687
identity:service-basic-auth:workflows,route:payouts/PATCH /v1/workflow/state/{id},authenticates,middleware.BasicAuth / PassportAuthentication,,real_source_running,confirmed,payouts/internal/routing/router/workflow_routes.go:25-30
identity:service-basic-auth:workflows,route:payouts/POST /v1/workflow/state,authenticates,middleware.BasicAuth / PassportAuthentication,,real_source_running,confirmed,payouts/internal/routing/router/workflow_routes.go:12-24
identity:service-basic-auth:workflows,route:xperience/POST /v1/bulk-payouts/callbacks/workflow-action,authenticates,"Basic auth, xperience WorkflowsAuth",,graph_only,confirmed,xperience/internal/interceptors/authz_interceptor.go:223-232
identity:service-basic-auth:workflows,route:xperience/POST /v1/bulk-payouts/callbacks/workflow-state,authenticates,"Basic auth, xperience WorkflowsAuth",,graph_only,confirmed,xperience/internal/interceptors/authz_interceptor.go:223-232
identity:workflows-inbound-basic,route:workflows/ActionAPI.Create,authenticates,"hooks.Auth RequestRouted hook, shared 12-credential allow-list",,graph_only,confirmed,workflows/internal/boot/hooks/auth.go:26-82
identity:workflows-inbound-basic,route:workflows/ActionAPI.CreateDirectOnWorkflow,authenticates,"hooks.Auth RequestRouted hook, shared 12-credential allow-list",,graph_only,confirmed,workflows/internal/boot/hooks/auth.go:26-82
identity:workflows-inbound-basic,route:workflows/ActionAPI.CreateWithEntityId,authenticates,"hooks.Auth RequestRouted hook, shared 12-credential allow-list",,graph_only,confirmed,workflows/internal/boot/hooks/auth.go:26-82
identity:workflows-inbound-basic,route:workflows/ActionAPI.List,authenticates,"hooks.Auth RequestRouted hook, shared 12-credential allow-list",,graph_only,confirmed,workflows/internal/boot/hooks/auth.go:26-82
identity:workflows-inbound-basic,route:workflows/CommentAPI.Create,authenticates,"hooks.Auth RequestRouted hook, shared 12-credential allow-list",,graph_only,confirmed,workflows/internal/boot/hooks/auth.go:26-82
identity:workflows-inbound-basic,route:workflows/ConfigAPI.Create,authenticates,"hooks.Auth RequestRouted hook, shared 12-credential allow-list",,graph_only,confirmed,workflows/internal/boot/hooks/auth.go:26-82
identity:workflows-inbound-basic,route:workflows/ConfigAPI.CreateV2,authenticates,"hooks.Auth RequestRouted hook, shared 12-credential allow-list",,graph_only,confirmed,workflows/internal/boot/hooks/auth.go:26-82
identity:workflows-inbound-basic,route:workflows/ConfigAPI.DeleteV2,authenticates,"hooks.Auth RequestRouted hook, shared 12-credential allow-list",,graph_only,confirmed,workflows/internal/boot/hooks/auth.go:26-82
identity:workflows-inbound-basic,route:workflows/ConfigAPI.Get,authenticates,"hooks.Auth RequestRouted hook, shared 12-credential allow-list",,graph_only,confirmed,workflows/internal/boot/hooks/auth.go:26-82
identity:workflows-inbound-basic,route:workflows/ConfigAPI.List,authenticates,"hooks.Auth RequestRouted hook, shared 12-credential allow-list",,graph_only,confirmed,workflows/internal/boot/hooks/auth.go:26-82
identity:workflows-inbound-basic,route:workflows/ConfigAPI.UpdateV2,authenticates,"hooks.Auth RequestRouted hook, shared 12-credential allow-list",,graph_only,confirmed,workflows/internal/boot/hooks/auth.go:26-82
identity:workflows-inbound-basic,route:workflows/HealthCheckAPI.Check,authenticates,"hooks.Auth RequestRouted hook, shared 12-credential allow-list",,graph_only,confirmed,workflows/internal/boot/hooks/auth.go:26-82
identity:workflows-inbound-basic,route:workflows/WorkflowAPI.AddAssignee,authenticates,"hooks.Auth RequestRouted hook, shared 12-credential allow-list",,graph_only,confirmed,workflows/internal/boot/hooks/auth.go:26-82
identity:workflows-inbound-basic,route:workflows/WorkflowAPI.AdminAction,authenticates,"hooks.Auth RequestRouted hook, shared 12-credential allow-list",,graph_only,confirmed,workflows/internal/boot/hooks/auth.go:26-82
identity:workflows-inbound-basic,route:workflows/WorkflowAPI.Create,authenticates,"hooks.Auth RequestRouted hook, shared 12-credential allow-list",,graph_only,confirmed,workflows/internal/boot/hooks/auth.go:26-82
identity:workflows-inbound-basic,route:workflows/WorkflowAPI.Get,authenticates,"hooks.Auth RequestRouted hook, shared 12-credential allow-list",,graph_only,confirmed,workflows/internal/boot/hooks/auth.go:26-82
identity:workflows-inbound-basic,route:workflows/WorkflowAPI.List,authenticates,"hooks.Auth RequestRouted hook, shared 12-credential allow-list",,graph_only,confirmed,workflows/internal/boot/hooks/auth.go:26-82
identity:workflows-inbound-basic,route:workflows/WorkflowAPI.ListByIds,authenticates,"hooks.Auth RequestRouted hook, shared 12-credential allow-list",,graph_only,confirmed,workflows/internal/boot/hooks/auth.go:26-82
identity:workflows-inbound-basic,route:workflows/WorkflowAPI.ListPending,authenticates,"hooks.Auth RequestRouted hook, shared 12-credential allow-list",,graph_only,confirmed,workflows/internal/boot/hooks/auth.go:26-82
identity:workflows-inbound-basic,route:workflows/WorkflowAPI.RemoveAssignee,authenticates,"hooks.Auth RequestRouted hook, shared 12-credential allow-list",,graph_only,confirmed,workflows/internal/boot/hooks/auth.go:26-82
identity:workflows-inbound-basic,route:workflows/WorkflowAPI.Terminate,authenticates,"hooks.Auth RequestRouted hook, shared 12-credential allow-list",,graph_only,confirmed,workflows/internal/boot/hooks/auth.go:26-82
identity:xperience-inbound-basic,route:xperience/GET /v1/bulk-payouts/_meta/summary,authenticates,routes.InternalAuth plane + InternalAppRouteMap[api],,graph_only,confirmed,xperience/internal/interceptors/authz_interceptor.go:223-252;xperience/internal/routes/routes.go:458-475
identity:xperience-inbound-basic,route:xperience/GET /v1/bulk-payouts/fetch/all,authenticates,routes.InternalAuth plane + InternalAppRouteMap[api],,graph_only,confirmed,xperience/internal/interceptors/authz_interceptor.go:223-252;xperience/internal/routes/routes.go:458-475
identity:xperience-inbound-basic,route:xperience/GET /v1/bulk-payouts/fetch/me,authenticates,routes.InternalAuth plane + InternalAppRouteMap[api],,graph_only,confirmed,xperience/internal/interceptors/authz_interceptor.go:223-252;xperience/internal/routes/routes.go:458-475
identity:xperience-inbound-basic,route:xperience/GET /v1/bulk-payouts/fetch/my-approvals,authenticates,routes.InternalAuth plane + InternalAppRouteMap[api],,graph_only,confirmed,xperience/internal/interceptors/authz_interceptor.go:223-252;xperience/internal/routes/routes.go:458-475
identity:xperience-inbound-basic,route:xperience/GET /v1/bulk-payouts/pending,authenticates,routes.InternalAuth plane + InternalAppRouteMap[api],,graph_only,confirmed,xperience/internal/interceptors/authz_interceptor.go:223-252;xperience/internal/routes/routes.go:458-475
identity:xperience-inbound-basic,route:xperience/GET /v1/bulk-payouts/workflow/summary,authenticates,routes.InternalAuth plane + InternalAppRouteMap[api],,graph_only,confirmed,xperience/internal/interceptors/authz_interceptor.go:223-252;xperience/internal/routes/routes.go:458-475
identity:xperience-inbound-basic,route:xperience/GET /v1/bulk-payouts/{id},authenticates,routes.InternalAuth plane + InternalAppRouteMap[api],,graph_only,confirmed,xperience/internal/interceptors/authz_interceptor.go:223-252;xperience/internal/routes/routes.go:458-475
identity:xperience-inbound-basic,route:xperience/GET /v1/bulk-payouts/{id}/rows,authenticates,routes.InternalAuth plane + InternalAppRouteMap[api],,graph_only,confirmed,xperience/internal/interceptors/authz_interceptor.go:223-252;xperience/internal/routes/routes.go:458-475
identity:xperience-inbound-basic,route:xperience/POST /v1/bulk-payouts,authenticates,routes.InternalAuth plane + InternalAppRouteMap[api],,graph_only,confirmed,xperience/internal/interceptors/authz_interceptor.go:223-252;xperience/internal/routes/routes.go:458-475
identity:xperience-inbound-basic,route:xperience/POST /v1/bulk-payouts/approve,authenticates,routes.InternalAuth plane + InternalAppRouteMap[api],,graph_only,confirmed,xperience/internal/interceptors/authz_interceptor.go:223-252;xperience/internal/routes/routes.go:458-475
identity:xperience-inbound-basic,route:xperience/POST /v1/bulk-payouts/reject,authenticates,routes.InternalAuth plane + InternalAppRouteMap[api],,graph_only,confirmed,xperience/internal/interceptors/authz_interceptor.go:223-252;xperience/internal/routes/routes.go:458-475
identity:xperience-inbound-basic,route:xperience/POST /v1/bulk-payouts/reject/owner,authenticates,routes.InternalAuth plane + InternalAppRouteMap[api],,graph_only,confirmed,xperience/internal/interceptors/authz_interceptor.go:223-252;xperience/internal/routes/routes.go:458-475
identity:xperience-inbound-basic,route:xperience/POST /v1/bulk-payouts/validate,authenticates,routes.InternalAuth plane + InternalAppRouteMap[api],,graph_only,confirmed,xperience/internal/interceptors/authz_interceptor.go:223-252;xperience/internal/routes/routes.go:458-475
identity:xperience-inbound-basic,route:xperience/POST /v1/bulk-payouts/{id}/process,authenticates,routes.InternalAuth plane + InternalAppRouteMap[api],,graph_only,confirmed,xperience/internal/interceptors/authz_interceptor.go:223-252;xperience/internal/routes/routes.go:458-475
journey:accounting/async_state,family:accounting,implements,,,,confirmed,
journey:accounting/async_state,sub:dcs-stub,depends_on,substitute exercised by this journey,,,confirmed,
journey:accounting/async_state,sub:kong-lite,depends_on,substitute exercised by this journey,,,confirmed,
journey:accounting/async_state,sub:monolith-stub,depends_on,substitute exercised by this journey,,,confirmed,
journey:accounting/async_state,sub:mozart-sim,depends_on,substitute exercised by this journey,,,confirmed,
journey:accounting/async_state,sub:splitz-stub,depends_on,substitute exercised by this journey,,,confirmed,
journey:accounting/cancel_or_reverse,family:accounting,implements,,,,confirmed,
journey:accounting/cancel_or_reverse,sub:dcs-stub,depends_on,substitute exercised by this journey,,,confirmed,
journey:accounting/cancel_or_reverse,sub:kong-lite,depends_on,substitute exercised by this journey,,,confirmed,
journey:accounting/cancel_or_reverse,sub:monolith-stub,depends_on,substitute exercised by this journey,,,confirmed,
journey:accounting/cancel_or_reverse,sub:mozart-sim,depends_on,substitute exercised by this journey,,,confirmed,
journey:accounting/cancel_or_reverse,sub:splitz-stub,depends_on,substitute exercised by this journey,,,confirmed,
journey:accounting/failure,family:accounting,implements,,,,confirmed,
journey:accounting/failure,sub:dcs-stub,depends_on,substitute exercised by this journey,,,confirmed,
journey:accounting/failure,sub:kong-lite,depends_on,substitute exercised by this journey,,,confirmed,
journey:accounting/failure,sub:monolith-stub,depends_on,substitute exercised by this journey,,,confirmed,
journey:accounting/failure,sub:mozart-sim,depends_on,substitute exercised by this journey,,,confirmed,
journey:accounting/failure,sub:splitz-stub,depends_on,substitute exercised by this journey,,,confirmed,
journey:accounting/idempotency,family:accounting,implements,,,,confirmed,
journey:accounting/idempotency,sub:dcs-stub,depends_on,substitute exercised by this journey,,,confirmed,
journey:accounting/idempotency,sub:kong-lite,depends_on,substitute exercised by this journey,,,confirmed,
journey:accounting/idempotency,sub:monolith-stub,depends_on,substitute exercised by this journey,,,confirmed,
journey:accounting/idempotency,sub:mozart-sim,depends_on,substitute exercised by this journey,,,confirmed,
journey:accounting/idempotency,sub:splitz-stub,depends_on,substitute exercised by this journey,,,confirmed,
journey:accounting/success,family:accounting,implements,,,,confirmed,
journey:accounting/success,sub:dcs-stub,depends_on,substitute exercised by this journey,,,confirmed,
journey:accounting/success,sub:kong-lite,depends_on,substitute exercised by this journey,,,confirmed,
journey:accounting/success,sub:monolith-stub,depends_on,substitute exercised by this journey,,,confirmed,
journey:accounting/success,sub:mozart-sim,depends_on,substitute exercised by this journey,,,confirmed,
journey:accounting/success,sub:splitz-stub,depends_on,substitute exercised by this journey,,,confirmed,
journey:approval-workflow/async_state,family:approval-workflow,implements,,,,confirmed,
journey:approval-workflow/async_state,sub:dcs-stub,depends_on,substitute exercised by this journey,,,confirmed,
journey:approval-workflow/async_state,sub:kong-lite,depends_on,substitute exercised by this journey,,,confirmed,
journey:approval-workflow/async_state,sub:monolith-stub,depends_on,substitute exercised by this journey,,,confirmed,
journey:approval-workflow/async_state,sub:mozart-sim,depends_on,substitute exercised by this journey,,,confirmed,
journey:approval-workflow/async_state,sub:splitz-stub,depends_on,substitute exercised by this journey,,,confirmed,
journey:approval-workflow/async_state,sub:workflow-engine,depends_on,substitute exercised by this journey,,,confirmed,
journey:approval-workflow/cancel_or_reverse,family:approval-workflow,implements,,,,confirmed,
journey:approval-workflow/cancel_or_reverse,sub:dcs-stub,depends_on,substitute exercised by this journey,,,confirmed,
journey:approval-workflow/cancel_or_reverse,sub:kong-lite,depends_on,substitute exercised by this journey,,,confirmed,
journey:approval-workflow/cancel_or_reverse,sub:monolith-stub,depends_on,substitute exercised by this journey,,,confirmed,
journey:approval-workflow/cancel_or_reverse,sub:mozart-sim,depends_on,substitute exercised by this journey,,,confirmed,
journey:approval-workflow/cancel_or_reverse,sub:splitz-stub,depends_on,substitute exercised by this journey,,,confirmed,
journey:approval-workflow/cancel_or_reverse,sub:workflow-engine,depends_on,substitute exercised by this journey,,,confirmed,
journey:approval-workflow/concurrency,family:approval-workflow,implements,,,,confirmed,
journey:approval-workflow/concurrency,sub:dcs-stub,depends_on,substitute exercised by this journey,,,confirmed,
journey:approval-workflow/concurrency,sub:kong-lite,depends_on,substitute exercised by this journey,,,confirmed,
journey:approval-workflow/concurrency,sub:monolith-stub,depends_on,substitute exercised by this journey,,,confirmed,
journey:approval-workflow/concurrency,sub:mozart-sim,depends_on,substitute exercised by this journey,,,confirmed,
journey:approval-workflow/concurrency,sub:splitz-stub,depends_on,substitute exercised by this journey,,,confirmed,
journey:approval-workflow/concurrency,sub:workflow-engine,depends_on,substitute exercised by this journey,,,confirmed,
journey:approval-workflow/failure,family:approval-workflow,implements,,,,confirmed,
journey:approval-workflow/failure,sub:dcs-stub,depends_on,substitute exercised by this journey,,,confirmed,
journey:approval-workflow/failure,sub:kong-lite,depends_on,substitute exercised by this journey,,,confirmed,
journey:approval-workflow/failure,sub:monolith-stub,depends_on,substitute exercised by this journey,,,confirmed,
journey:approval-workflow/failure,sub:mozart-sim,depends_on,substitute exercised by this journey,,,confirmed,
journey:approval-workflow/failure,sub:splitz-stub,depends_on,substitute exercised by this journey,,,confirmed,
journey:approval-workflow/failure,sub:workflow-engine,depends_on,substitute exercised by this journey,,,confirmed,
journey:approval-workflow/idempotency,family:approval-workflow,implements,,,,confirmed,
journey:approval-workflow/idempotency,sub:dcs-stub,depends_on,substitute exercised by this journey,,,confirmed,
journey:approval-workflow/idempotency,sub:kong-lite,depends_on,substitute exercised by this journey,,,confirmed,
journey:approval-workflow/idempotency,sub:monolith-stub,depends_on,substitute exercised by this journey,,,confirmed,
journey:approval-workflow/idempotency,sub:mozart-sim,depends_on,substitute exercised by this journey,,,confirmed,
journey:approval-workflow/idempotency,sub:splitz-stub,depends_on,substitute exercised by this journey,,,confirmed,
journey:approval-workflow/idempotency,sub:workflow-engine,depends_on,substitute exercised by this journey,,,confirmed,
journey:approval-workflow/maker_checker,family:approval-workflow,implements,,,,confirmed,
journey:approval-workflow/maker_checker,sub:dcs-stub,depends_on,substitute exercised by this journey,,,confirmed,
journey:approval-workflow/maker_checker,sub:kong-lite,depends_on,substitute exercised by this journey,,,confirmed,
journey:approval-workflow/maker_checker,sub:monolith-stub,depends_on,substitute exercised by this journey,,,confirmed,
journey:approval-workflow/maker_checker,sub:mozart-sim,depends_on,substitute exercised by this journey,,,confirmed,
journey:approval-workflow/maker_checker,sub:splitz-stub,depends_on,substitute exercised by this journey,,,confirmed,
journey:approval-workflow/maker_checker,sub:workflow-engine,depends_on,substitute exercised by this journey,,,confirmed,
journey:approval-workflow/n_of_m,family:approval-workflow,implements,,,,confirmed,
journey:approval-workflow/n_of_m,sub:dcs-stub,depends_on,substitute exercised by this journey,,,confirmed,
journey:approval-workflow/n_of_m,sub:kong-lite,depends_on,substitute exercised by this journey,,,confirmed,
journey:approval-workflow/n_of_m,sub:monolith-stub,depends_on,substitute exercised by this journey,,,confirmed,
journey:approval-workflow/n_of_m,sub:mozart-sim,depends_on,substitute exercised by this journey,,,confirmed,
journey:approval-workflow/n_of_m,sub:splitz-stub,depends_on,substitute exercised by this journey,,,confirmed,
journey:approval-workflow/n_of_m,sub:workflow-engine,depends_on,substitute exercised by this journey,,,confirmed,
journey:approval-workflow/success,family:approval-workflow,implements,,,,confirmed,
journey:approval-workflow/success,sub:dcs-stub,depends_on,substitute exercised by this journey,,,confirmed,
journey:approval-workflow/success,sub:kong-lite,depends_on,substitute exercised by this journey,,,confirmed,
journey:approval-workflow/success,sub:monolith-stub,depends_on,substitute exercised by this journey,,,confirmed,
journey:approval-workflow/success,sub:mozart-sim,depends_on,substitute exercised by this journey,,,confirmed,
journey:approval-workflow/success,sub:splitz-stub,depends_on,substitute exercised by this journey,,,confirmed,
journey:approval-workflow/success,sub:workflow-engine,depends_on,substitute exercised by this journey,,,confirmed,
journey:async-workers/async_state,family:async-workers,implements,,,,confirmed,
journey:async-workers/async_state,sub:dcs-stub,depends_on,substitute exercised by this journey,,,confirmed,
journey:async-workers/async_state,sub:kong-lite,depends_on,substitute exercised by this journey,,,confirmed,
journey:async-workers/async_state,sub:monolith-stub,depends_on,substitute exercised by this journey,,,confirmed,
journey:async-workers/async_state,sub:mozart-sim,depends_on,substitute exercised by this journey,,,confirmed,
journey:async-workers/async_state,sub:splitz-stub,depends_on,substitute exercised by this journey,,,confirmed,
journey:async-workers/failure,family:async-workers,implements,,,,confirmed,
journey:async-workers/failure,sub:dcs-stub,depends_on,substitute exercised by this journey,,,confirmed,
journey:async-workers/failure,sub:kong-lite,depends_on,substitute exercised by this journey,,,confirmed,
journey:async-workers/failure,sub:monolith-stub,depends_on,substitute exercised by this journey,,,confirmed,
journey:async-workers/failure,sub:mozart-sim,depends_on,substitute exercised by this journey,,,confirmed,
journey:async-workers/failure,sub:splitz-stub,depends_on,substitute exercised by this journey,,,confirmed,
journey:async-workers/idempotency,family:async-workers,implements,,,,confirmed,
journey:async-workers/idempotency,sub:dcs-stub,depends_on,substitute exercised by this journey,,,confirmed,
journey:async-workers/idempotency,sub:kong-lite,depends_on,substitute exercised by this journey,,,confirmed,
journey:async-workers/idempotency,sub:monolith-stub,depends_on,substitute exercised by this journey,,,confirmed,
journey:async-workers/idempotency,sub:mozart-sim,depends_on,substitute exercised by this journey,,,confirmed,
journey:async-workers/idempotency,sub:splitz-stub,depends_on,substitute exercised by this journey,,,confirmed,
journey:async-workers/success,family:async-workers,implements,,,,confirmed,
journey:async-workers/success,sub:dcs-stub,depends_on,substitute exercised by this journey,,,confirmed,
journey:async-workers/success,sub:kong-lite,depends_on,substitute exercised by this journey,,,confirmed,
journey:async-workers/success,sub:monolith-stub,depends_on,substitute exercised by this journey,,,confirmed,
journey:async-workers/success,sub:mozart-sim,depends_on,substitute exercised by this journey,,,confirmed,
journey:async-workers/success,sub:splitz-stub,depends_on,substitute exercised by this journey,,,confirmed,
journey:beneficiary-fund-accounts/async_state,family:beneficiary-fund-accounts,implements,,,,confirmed,
journey:beneficiary-fund-accounts/async_state,sub:dcs-stub,depends_on,substitute exercised by this journey,,,confirmed,
journey:beneficiary-fund-accounts/async_state,sub:kong-lite,depends_on,substitute exercised by this journey,,,confirmed,
journey:beneficiary-fund-accounts/async_state,sub:monolith-stub,depends_on,substitute exercised by this journey,,,confirmed,
journey:beneficiary-fund-accounts/async_state,sub:mozart-sim,depends_on,substitute exercised by this journey,,,confirmed,
journey:beneficiary-fund-accounts/async_state,sub:splitz-stub,depends_on,substitute exercised by this journey,,,confirmed,
journey:beneficiary-fund-accounts/cfa_api,family:beneficiary-fund-accounts,implements,,,,confirmed,
journey:beneficiary-fund-accounts/cfa_api,sub:dcs-stub,depends_on,substitute exercised by this journey,,,confirmed,
journey:beneficiary-fund-accounts/cfa_api,sub:kong-lite,depends_on,substitute exercised by this journey,,,confirmed,
journey:beneficiary-fund-accounts/cfa_api,sub:monolith-stub,depends_on,substitute exercised by this journey,,,confirmed,
journey:beneficiary-fund-accounts/cfa_api,sub:mozart-sim,depends_on,substitute exercised by this journey,,,confirmed,
journey:beneficiary-fund-accounts/cfa_api,sub:splitz-stub,depends_on,substitute exercised by this journey,,,confirmed,
journey:beneficiary-fund-accounts/failure,family:beneficiary-fund-accounts,implements,,,,confirmed,
journey:beneficiary-fund-accounts/failure,sub:dcs-stub,depends_on,substitute exercised by this journey,,,confirmed,
journey:beneficiary-fund-accounts/failure,sub:kong-lite,depends_on,substitute exercised by this journey,,,confirmed,
journey:beneficiary-fund-accounts/failure,sub:monolith-stub,depends_on,substitute exercised by this journey,,,confirmed,
journey:beneficiary-fund-accounts/failure,sub:mozart-sim,depends_on,substitute exercised by this journey,,,confirmed,
journey:beneficiary-fund-accounts/failure,sub:splitz-stub,depends_on,substitute exercised by this journey,,,confirmed,
journey:beneficiary-fund-accounts/idempotency,family:beneficiary-fund-accounts,implements,,,,confirmed,
journey:beneficiary-fund-accounts/idempotency,sub:dcs-stub,depends_on,substitute exercised by this journey,,,confirmed,
journey:beneficiary-fund-accounts/idempotency,sub:kong-lite,depends_on,substitute exercised by this journey,,,confirmed,
journey:beneficiary-fund-accounts/idempotency,sub:monolith-stub,depends_on,substitute exercised by this journey,,,confirmed,
journey:beneficiary-fund-accounts/idempotency,sub:mozart-sim,depends_on,substitute exercised by this journey,,,confirmed,
journey:beneficiary-fund-accounts/idempotency,sub:splitz-stub,depends_on,substitute exercised by this journey,,,confirmed,
journey:beneficiary-fund-accounts/success,family:beneficiary-fund-accounts,implements,,,,confirmed,
journey:beneficiary-fund-accounts/success,sub:dcs-stub,depends_on,substitute exercised by this journey,,,confirmed,
journey:beneficiary-fund-accounts/success,sub:kong-lite,depends_on,substitute exercised by this journey,,,confirmed,
journey:beneficiary-fund-accounts/success,sub:monolith-stub,depends_on,substitute exercised by this journey,,,confirmed,
journey:beneficiary-fund-accounts/success,sub:mozart-sim,depends_on,substitute exercised by this journey,,,confirmed,
journey:beneficiary-fund-accounts/success,sub:splitz-stub,depends_on,substitute exercised by this journey,,,confirmed,
journey:beneficiary-fund-accounts/tenant_isolation,family:beneficiary-fund-accounts,implements,,,,confirmed,
journey:beneficiary-fund-accounts/tenant_isolation,sub:dcs-stub,depends_on,substitute exercised by this journey,,,confirmed,
journey:beneficiary-fund-accounts/tenant_isolation,sub:kong-lite,depends_on,substitute exercised by this journey,,,confirmed,
journey:beneficiary-fund-accounts/tenant_isolation,sub:monolith-stub,depends_on,substitute exercised by this journey,,,confirmed,
journey:beneficiary-fund-accounts/tenant_isolation,sub:mozart-sim,depends_on,substitute exercised by this journey,,,confirmed,
journey:beneficiary-fund-accounts/tenant_isolation,sub:splitz-stub,depends_on,substitute exercised by this journey,,,confirmed,
journey:bulk-payouts/async_state,family:bulk-payouts,implements,,,,confirmed,
journey:bulk-payouts/async_state,sub:batch-sim,depends_on,substitute exercised by this journey,,,confirmed,
journey:bulk-payouts/async_state,sub:dcs-stub,depends_on,substitute exercised by this journey,,,confirmed,
journey:bulk-payouts/async_state,sub:kong-lite,depends_on,substitute exercised by this journey,,,confirmed,
journey:bulk-payouts/async_state,sub:monolith-stub,depends_on,substitute exercised by this journey,,,confirmed,
journey:bulk-payouts/async_state,sub:mozart-sim,depends_on,substitute exercised by this journey,,,confirmed,
journey:bulk-payouts/async_state,sub:splitz-stub,depends_on,substitute exercised by this journey,,,confirmed,
journey:bulk-payouts/cancel_or_reverse,family:bulk-payouts,implements,,,,confirmed,
journey:bulk-payouts/cancel_or_reverse,sub:batch-sim,depends_on,substitute exercised by this journey,,,confirmed,
journey:bulk-payouts/cancel_or_reverse,sub:dcs-stub,depends_on,substitute exercised by this journey,,,confirmed,
journey:bulk-payouts/cancel_or_reverse,sub:kong-lite,depends_on,substitute exercised by this journey,,,confirmed,
journey:bulk-payouts/cancel_or_reverse,sub:monolith-stub,depends_on,substitute exercised by this journey,,,confirmed,
journey:bulk-payouts/cancel_or_reverse,sub:mozart-sim,depends_on,substitute exercised by this journey,,,confirmed,
journey:bulk-payouts/cancel_or_reverse,sub:splitz-stub,depends_on,substitute exercised by this journey,,,confirmed,
journey:bulk-payouts/failure,family:bulk-payouts,implements,,,,confirmed,
journey:bulk-payouts/failure,sub:batch-sim,depends_on,substitute exercised by this journey,,,confirmed,
journey:bulk-payouts/failure,sub:dcs-stub,depends_on,substitute exercised by this journey,,,confirmed,
journey:bulk-payouts/failure,sub:kong-lite,depends_on,substitute exercised by this journey,,,confirmed,
journey:bulk-payouts/failure,sub:monolith-stub,depends_on,substitute exercised by this journey,,,confirmed,
journey:bulk-payouts/failure,sub:mozart-sim,depends_on,substitute exercised by this journey,,,confirmed,
journey:bulk-payouts/failure,sub:splitz-stub,depends_on,substitute exercised by this journey,,,confirmed,
journey:bulk-payouts/idempotency,family:bulk-payouts,implements,,,,confirmed,
journey:bulk-payouts/idempotency,sub:batch-sim,depends_on,substitute exercised by this journey,,,confirmed,
journey:bulk-payouts/idempotency,sub:dcs-stub,depends_on,substitute exercised by this journey,,,confirmed,
journey:bulk-payouts/idempotency,sub:kong-lite,depends_on,substitute exercised by this journey,,,confirmed,
journey:bulk-payouts/idempotency,sub:monolith-stub,depends_on,substitute exercised by this journey,,,confirmed,
journey:bulk-payouts/idempotency,sub:mozart-sim,depends_on,substitute exercised by this journey,,,confirmed,
journey:bulk-payouts/idempotency,sub:splitz-stub,depends_on,substitute exercised by this journey,,,confirmed,
journey:bulk-payouts/success,family:bulk-payouts,implements,,,,confirmed,
journey:bulk-payouts/success,sub:batch-sim,depends_on,substitute exercised by this journey,,,confirmed,
journey:bulk-payouts/success,sub:dcs-stub,depends_on,substitute exercised by this journey,,,confirmed,
journey:bulk-payouts/success,sub:kong-lite,depends_on,substitute exercised by this journey,,,confirmed,
journey:bulk-payouts/success,sub:monolith-stub,depends_on,substitute exercised by this journey,,,confirmed,
journey:bulk-payouts/success,sub:mozart-sim,depends_on,substitute exercised by this journey,,,confirmed,
journey:bulk-payouts/success,sub:splitz-stub,depends_on,substitute exercised by this journey,,,confirmed,
journey:direct-payouts/async_state,family:direct-payouts,implements,,,,confirmed,
journey:direct-payouts/async_state,sub:bankingaccounts-stub,depends_on,substitute exercised by this journey,,,confirmed,
journey:direct-payouts/async_state,sub:dcs-stub,depends_on,substitute exercised by this journey,,,confirmed,
journey:direct-payouts/async_state,sub:kong-lite,depends_on,substitute exercised by this journey,,,confirmed,
journey:direct-payouts/async_state,sub:monolith-stub,depends_on,substitute exercised by this journey,,,confirmed,
journey:direct-payouts/async_state,sub:mozart-sim,depends_on,substitute exercised by this journey,,,confirmed,
journey:direct-payouts/async_state,sub:splitz-stub,depends_on,substitute exercised by this journey,,,confirmed,
journey:direct-payouts/async_state,sub:xas-sim,depends_on,substitute exercised by this journey,,,confirmed,
journey:direct-payouts/cancel_or_reverse,family:direct-payouts,implements,,,,confirmed,
journey:direct-payouts/cancel_or_reverse,sub:bankingaccounts-stub,depends_on,substitute exercised by this journey,,,confirmed,
journey:direct-payouts/cancel_or_reverse,sub:dcs-stub,depends_on,substitute exercised by this journey,,,confirmed,
journey:direct-payouts/cancel_or_reverse,sub:kong-lite,depends_on,substitute exercised by this journey,,,confirmed,
journey:direct-payouts/cancel_or_reverse,sub:monolith-stub,depends_on,substitute exercised by this journey,,,confirmed,
journey:direct-payouts/cancel_or_reverse,sub:mozart-sim,depends_on,substitute exercised by this journey,,,confirmed,
journey:direct-payouts/cancel_or_reverse,sub:splitz-stub,depends_on,substitute exercised by this journey,,,confirmed,
journey:direct-payouts/cancel_or_reverse,sub:xas-sim,depends_on,substitute exercised by this journey,,,confirmed,
journey:direct-payouts/duplicate,family:direct-payouts,implements,,,,confirmed,
journey:direct-payouts/duplicate,sub:bankingaccounts-stub,depends_on,substitute exercised by this journey,,,confirmed,
journey:direct-payouts/duplicate,sub:dcs-stub,depends_on,substitute exercised by this journey,,,confirmed,
journey:direct-payouts/duplicate,sub:kong-lite,depends_on,substitute exercised by this journey,,,confirmed,
journey:direct-payouts/duplicate,sub:monolith-stub,depends_on,substitute exercised by this journey,,,confirmed,
journey:direct-payouts/duplicate,sub:mozart-sim,depends_on,substitute exercised by this journey,,,confirmed,
journey:direct-payouts/duplicate,sub:splitz-stub,depends_on,substitute exercised by this journey,,,confirmed,
journey:direct-payouts/duplicate,sub:xas-sim,depends_on,substitute exercised by this journey,,,confirmed,
journey:direct-payouts/failure,family:direct-payouts,implements,,,,confirmed,
journey:direct-payouts/failure,sub:bankingaccounts-stub,depends_on,substitute exercised by this journey,,,confirmed,
journey:direct-payouts/failure,sub:dcs-stub,depends_on,substitute exercised by this journey,,,confirmed,
journey:direct-payouts/failure,sub:kong-lite,depends_on,substitute exercised by this journey,,,confirmed,
journey:direct-payouts/failure,sub:monolith-stub,depends_on,substitute exercised by this journey,,,confirmed,
journey:direct-payouts/failure,sub:mozart-sim,depends_on,substitute exercised by this journey,,,confirmed,
journey:direct-payouts/failure,sub:splitz-stub,depends_on,substitute exercised by this journey,,,confirmed,
journey:direct-payouts/failure,sub:xas-sim,depends_on,substitute exercised by this journey,,,confirmed,
journey:direct-payouts/failure_pending,family:direct-payouts,implements,,,,confirmed,
journey:direct-payouts/failure_pending,sub:bankingaccounts-stub,depends_on,substitute exercised by this journey,,,confirmed,
journey:direct-payouts/failure_pending,sub:dcs-stub,depends_on,substitute exercised by this journey,,,confirmed,
journey:direct-payouts/failure_pending,sub:kong-lite,depends_on,substitute exercised by this journey,,,confirmed,
journey:direct-payouts/failure_pending,sub:monolith-stub,depends_on,substitute exercised by this journey,,,confirmed,
journey:direct-payouts/failure_pending,sub:mozart-sim,depends_on,substitute exercised by this journey,,,confirmed,
journey:direct-payouts/failure_pending,sub:splitz-stub,depends_on,substitute exercised by this journey,,,confirmed,
journey:direct-payouts/failure_pending,sub:xas-sim,depends_on,substitute exercised by this journey,,,confirmed,
journey:direct-payouts/idempotency,family:direct-payouts,implements,,,,confirmed,
journey:direct-payouts/idempotency,sub:bankingaccounts-stub,depends_on,substitute exercised by this journey,,,confirmed,
journey:direct-payouts/idempotency,sub:dcs-stub,depends_on,substitute exercised by this journey,,,confirmed,
journey:direct-payouts/idempotency,sub:kong-lite,depends_on,substitute exercised by this journey,,,confirmed,
journey:direct-payouts/idempotency,sub:monolith-stub,depends_on,substitute exercised by this journey,,,confirmed,
journey:direct-payouts/idempotency,sub:mozart-sim,depends_on,substitute exercised by this journey,,,confirmed,
journey:direct-payouts/idempotency,sub:splitz-stub,depends_on,substitute exercised by this journey,,,confirmed,
journey:direct-payouts/idempotency,sub:xas-sim,depends_on,substitute exercised by this journey,,,confirmed,
journey:direct-payouts/pending,family:direct-payouts,implements,,,,confirmed,
journey:direct-payouts/pending,sub:bankingaccounts-stub,depends_on,substitute exercised by this journey,,,confirmed,
journey:direct-payouts/pending,sub:dcs-stub,depends_on,substitute exercised by this journey,,,confirmed,
journey:direct-payouts/pending,sub:kong-lite,depends_on,substitute exercised by this journey,,,confirmed,
journey:direct-payouts/pending,sub:monolith-stub,depends_on,substitute exercised by this journey,,,confirmed,
journey:direct-payouts/pending,sub:mozart-sim,depends_on,substitute exercised by this journey,,,confirmed,
journey:direct-payouts/pending,sub:splitz-stub,depends_on,substitute exercised by this journey,,,confirmed,
journey:direct-payouts/pending,sub:xas-sim,depends_on,substitute exercised by this journey,,,confirmed,
journey:direct-payouts/statement_first,family:direct-payouts,implements,,,,confirmed,
journey:direct-payouts/statement_first,sub:bankingaccounts-stub,depends_on,substitute exercised by this journey,,,confirmed,
journey:direct-payouts/statement_first,sub:dcs-stub,depends_on,substitute exercised by this journey,,,confirmed,
journey:direct-payouts/statement_first,sub:kong-lite,depends_on,substitute exercised by this journey,,,confirmed,
journey:direct-payouts/statement_first,sub:monolith-stub,depends_on,substitute exercised by this journey,,,confirmed,
journey:direct-payouts/statement_first,sub:mozart-sim,depends_on,substitute exercised by this journey,,,confirmed,
journey:direct-payouts/statement_first,sub:splitz-stub,depends_on,substitute exercised by this journey,,,confirmed,
journey:direct-payouts/statement_first,sub:xas-sim,depends_on,substitute exercised by this journey,,,confirmed,
journey:direct-payouts/success,family:direct-payouts,implements,,,,confirmed,
journey:direct-payouts/success,sub:bankingaccounts-stub,depends_on,substitute exercised by this journey,,,confirmed,
journey:direct-payouts/success,sub:dcs-stub,depends_on,substitute exercised by this journey,,,confirmed,
journey:direct-payouts/success,sub:kong-lite,depends_on,substitute exercised by this journey,,,confirmed,
journey:direct-payouts/success,sub:monolith-stub,depends_on,substitute exercised by this journey,,,confirmed,
journey:direct-payouts/success,sub:mozart-sim,depends_on,substitute exercised by this journey,,,confirmed,
journey:direct-payouts/success,sub:splitz-stub,depends_on,substitute exercised by this journey,,,confirmed,
journey:direct-payouts/success,sub:xas-sim,depends_on,substitute exercised by this journey,,,confirmed,
journey:failure-reversal-cancellation/async_state,family:failure-reversal-cancellation,implements,,,,confirmed,
journey:failure-reversal-cancellation/async_state,sub:dcs-stub,depends_on,substitute exercised by this journey,,,confirmed,
journey:failure-reversal-cancellation/async_state,sub:kong-lite,depends_on,substitute exercised by this journey,,,confirmed,
journey:failure-reversal-cancellation/async_state,sub:monolith-stub,depends_on,substitute exercised by this journey,,,confirmed,
journey:failure-reversal-cancellation/async_state,sub:mozart-sim,depends_on,substitute exercised by this journey,,,confirmed,
journey:failure-reversal-cancellation/async_state,sub:splitz-stub,depends_on,substitute exercised by this journey,,,confirmed,
journey:failure-reversal-cancellation/async_state,sub:workflow-engine,depends_on,substitute exercised by this journey,,,confirmed,
journey:failure-reversal-cancellation/cancel_or_reverse,family:failure-reversal-cancellation,implements,,,,confirmed,
journey:failure-reversal-cancellation/cancel_or_reverse,sub:dcs-stub,depends_on,substitute exercised by this journey,,,confirmed,
journey:failure-reversal-cancellation/cancel_or_reverse,sub:kong-lite,depends_on,substitute exercised by this journey,,,confirmed,
journey:failure-reversal-cancellation/cancel_or_reverse,sub:monolith-stub,depends_on,substitute exercised by this journey,,,confirmed,
journey:failure-reversal-cancellation/cancel_or_reverse,sub:mozart-sim,depends_on,substitute exercised by this journey,,,confirmed,
journey:failure-reversal-cancellation/cancel_or_reverse,sub:splitz-stub,depends_on,substitute exercised by this journey,,,confirmed,
journey:failure-reversal-cancellation/cancel_or_reverse,sub:workflow-engine,depends_on,substitute exercised by this journey,,,confirmed,
journey:failure-reversal-cancellation/failure,family:failure-reversal-cancellation,implements,,,,confirmed,
journey:failure-reversal-cancellation/failure,sub:dcs-stub,depends_on,substitute exercised by this journey,,,confirmed,
journey:failure-reversal-cancellation/failure,sub:kong-lite,depends_on,substitute exercised by this journey,,,confirmed,
journey:failure-reversal-cancellation/failure,sub:monolith-stub,depends_on,substitute exercised by this journey,,,confirmed,
journey:failure-reversal-cancellation/failure,sub:mozart-sim,depends_on,substitute exercised by this journey,,,confirmed,
journey:failure-reversal-cancellation/failure,sub:splitz-stub,depends_on,substitute exercised by this journey,,,confirmed,
journey:failure-reversal-cancellation/failure,sub:workflow-engine,depends_on,substitute exercised by this journey,,,confirmed,
journey:failure-reversal-cancellation/idempotency,family:failure-reversal-cancellation,implements,,,,confirmed,
journey:failure-reversal-cancellation/idempotency,sub:dcs-stub,depends_on,substitute exercised by this journey,,,confirmed,
journey:failure-reversal-cancellation/idempotency,sub:kong-lite,depends_on,substitute exercised by this journey,,,confirmed,
journey:failure-reversal-cancellation/idempotency,sub:monolith-stub,depends_on,substitute exercised by this journey,,,confirmed,
journey:failure-reversal-cancellation/idempotency,sub:mozart-sim,depends_on,substitute exercised by this journey,,,confirmed,
journey:failure-reversal-cancellation/idempotency,sub:splitz-stub,depends_on,substitute exercised by this journey,,,confirmed,
journey:failure-reversal-cancellation/idempotency,sub:workflow-engine,depends_on,substitute exercised by this journey,,,confirmed,
journey:failure-reversal-cancellation/pending,family:failure-reversal-cancellation,implements,,,,confirmed,
journey:failure-reversal-cancellation/pending,sub:dcs-stub,depends_on,substitute exercised by this journey,,,confirmed,
journey:failure-reversal-cancellation/pending,sub:kong-lite,depends_on,substitute exercised by this journey,,,confirmed,
journey:failure-reversal-cancellation/pending,sub:monolith-stub,depends_on,substitute exercised by this journey,,,confirmed,
journey:failure-reversal-cancellation/pending,sub:mozart-sim,depends_on,substitute exercised by this journey,,,confirmed,
journey:failure-reversal-cancellation/pending,sub:splitz-stub,depends_on,substitute exercised by this journey,,,confirmed,
journey:failure-reversal-cancellation/pending,sub:workflow-engine,depends_on,substitute exercised by this journey,,,confirmed,
journey:failure-reversal-cancellation/success,family:failure-reversal-cancellation,implements,,,,confirmed,
journey:failure-reversal-cancellation/success,sub:dcs-stub,depends_on,substitute exercised by this journey,,,confirmed,
journey:failure-reversal-cancellation/success,sub:kong-lite,depends_on,substitute exercised by this journey,,,confirmed,
journey:failure-reversal-cancellation/success,sub:monolith-stub,depends_on,substitute exercised by this journey,,,confirmed,
journey:failure-reversal-cancellation/success,sub:mozart-sim,depends_on,substitute exercised by this journey,,,confirmed,
journey:failure-reversal-cancellation/success,sub:splitz-stub,depends_on,substitute exercised by this journey,,,confirmed,
journey:failure-reversal-cancellation/success,sub:workflow-engine,depends_on,substitute exercised by this journey,,,confirmed,
journey:failure-reversal-cancellation/webhook,family:failure-reversal-cancellation,implements,,,,confirmed,
journey:failure-reversal-cancellation/webhook,sub:dcs-stub,depends_on,substitute exercised by this journey,,,confirmed,
journey:failure-reversal-cancellation/webhook,sub:kong-lite,depends_on,substitute exercised by this journey,,,confirmed,
journey:failure-reversal-cancellation/webhook,sub:monolith-stub,depends_on,substitute exercised by this journey,,,confirmed,
journey:failure-reversal-cancellation/webhook,sub:mozart-sim,depends_on,substitute exercised by this journey,,,confirmed,
journey:failure-reversal-cancellation/webhook,sub:splitz-stub,depends_on,substitute exercised by this journey,,,confirmed,
journey:failure-reversal-cancellation/webhook,sub:workflow-engine,depends_on,substitute exercised by this journey,,,confirmed,
journey:fetch-list/async_state,family:fetch-list,implements,,,,confirmed,
journey:fetch-list/async_state,sub:dcs-stub,depends_on,substitute exercised by this journey,,,confirmed,
journey:fetch-list/async_state,sub:kong-lite,depends_on,substitute exercised by this journey,,,confirmed,
journey:fetch-list/async_state,sub:monolith-stub,depends_on,substitute exercised by this journey,,,confirmed,
journey:fetch-list/async_state,sub:mozart-sim,depends_on,substitute exercised by this journey,,,confirmed,
journey:fetch-list/async_state,sub:splitz-stub,depends_on,substitute exercised by this journey,,,confirmed,
journey:fetch-list/failure,family:fetch-list,implements,,,,confirmed,
journey:fetch-list/failure,sub:dcs-stub,depends_on,substitute exercised by this journey,,,confirmed,
journey:fetch-list/failure,sub:kong-lite,depends_on,substitute exercised by this journey,,,confirmed,
journey:fetch-list/failure,sub:monolith-stub,depends_on,substitute exercised by this journey,,,confirmed,
journey:fetch-list/failure,sub:mozart-sim,depends_on,substitute exercised by this journey,,,confirmed,
journey:fetch-list/failure,sub:splitz-stub,depends_on,substitute exercised by this journey,,,confirmed,
journey:fetch-list/idempotency,family:fetch-list,implements,,,,confirmed,
journey:fetch-list/idempotency,sub:dcs-stub,depends_on,substitute exercised by this journey,,,confirmed,
journey:fetch-list/idempotency,sub:kong-lite,depends_on,substitute exercised by this journey,,,confirmed,
journey:fetch-list/idempotency,sub:monolith-stub,depends_on,substitute exercised by this journey,,,confirmed,
journey:fetch-list/idempotency,sub:mozart-sim,depends_on,substitute exercised by this journey,,,confirmed,
journey:fetch-list/idempotency,sub:splitz-stub,depends_on,substitute exercised by this journey,,,confirmed,
journey:fetch-list/success,family:fetch-list,implements,,,,confirmed,
journey:fetch-list/success,sub:dcs-stub,depends_on,substitute exercised by this journey,,,confirmed,
journey:fetch-list/success,sub:kong-lite,depends_on,substitute exercised by this journey,,,confirmed,
journey:fetch-list/success,sub:monolith-stub,depends_on,substitute exercised by this journey,,,confirmed,
journey:fetch-list/success,sub:mozart-sim,depends_on,substitute exercised by this journey,,,confirmed,
journey:fetch-list/success,sub:splitz-stub,depends_on,substitute exercised by this journey,,,confirmed,
journey:idempotency-retries/async_state,family:idempotency-retries,implements,,,,confirmed,
journey:idempotency-retries/async_state,sub:dcs-stub,depends_on,substitute exercised by this journey,,,confirmed,
journey:idempotency-retries/async_state,sub:kong-lite,depends_on,substitute exercised by this journey,,,confirmed,
journey:idempotency-retries/async_state,sub:monolith-stub,depends_on,substitute exercised by this journey,,,confirmed,
journey:idempotency-retries/async_state,sub:mozart-sim,depends_on,substitute exercised by this journey,,,confirmed,
journey:idempotency-retries/async_state,sub:splitz-stub,depends_on,substitute exercised by this journey,,,confirmed,
journey:idempotency-retries/duplicate,family:idempotency-retries,implements,,,,confirmed,
journey:idempotency-retries/duplicate,sub:dcs-stub,depends_on,substitute exercised by this journey,,,confirmed,
journey:idempotency-retries/duplicate,sub:kong-lite,depends_on,substitute exercised by this journey,,,confirmed,
journey:idempotency-retries/duplicate,sub:monolith-stub,depends_on,substitute exercised by this journey,,,confirmed,
journey:idempotency-retries/duplicate,sub:mozart-sim,depends_on,substitute exercised by this journey,,,confirmed,
journey:idempotency-retries/duplicate,sub:splitz-stub,depends_on,substitute exercised by this journey,,,confirmed,
journey:idempotency-retries/failure,family:idempotency-retries,implements,,,,confirmed,
journey:idempotency-retries/failure,sub:dcs-stub,depends_on,substitute exercised by this journey,,,confirmed,
journey:idempotency-retries/failure,sub:kong-lite,depends_on,substitute exercised by this journey,,,confirmed,
journey:idempotency-retries/failure,sub:monolith-stub,depends_on,substitute exercised by this journey,,,confirmed,
journey:idempotency-retries/failure,sub:mozart-sim,depends_on,substitute exercised by this journey,,,confirmed,
journey:idempotency-retries/failure,sub:splitz-stub,depends_on,substitute exercised by this journey,,,confirmed,
journey:idempotency-retries/idempotency,family:idempotency-retries,implements,,,,confirmed,
journey:idempotency-retries/idempotency,sub:dcs-stub,depends_on,substitute exercised by this journey,,,confirmed,
journey:idempotency-retries/idempotency,sub:kong-lite,depends_on,substitute exercised by this journey,,,confirmed,
journey:idempotency-retries/idempotency,sub:monolith-stub,depends_on,substitute exercised by this journey,,,confirmed,
journey:idempotency-retries/idempotency,sub:mozart-sim,depends_on,substitute exercised by this journey,,,confirmed,
journey:idempotency-retries/idempotency,sub:splitz-stub,depends_on,substitute exercised by this journey,,,confirmed,
journey:idempotency-retries/retry,family:idempotency-retries,implements,,,,confirmed,
journey:idempotency-retries/retry,sub:dcs-stub,depends_on,substitute exercised by this journey,,,confirmed,
journey:idempotency-retries/retry,sub:kong-lite,depends_on,substitute exercised by this journey,,,confirmed,
journey:idempotency-retries/retry,sub:monolith-stub,depends_on,substitute exercised by this journey,,,confirmed,
journey:idempotency-retries/retry,sub:mozart-sim,depends_on,substitute exercised by this journey,,,confirmed,
journey:idempotency-retries/retry,sub:splitz-stub,depends_on,substitute exercised by this journey,,,confirmed,
journey:idempotency-retries/success,family:idempotency-retries,implements,,,,confirmed,
journey:idempotency-retries/success,sub:dcs-stub,depends_on,substitute exercised by this journey,,,confirmed,
journey:idempotency-retries/success,sub:kong-lite,depends_on,substitute exercised by this journey,,,confirmed,
journey:idempotency-retries/success,sub:monolith-stub,depends_on,substitute exercised by this journey,,,confirmed,
journey:idempotency-retries/success,sub:mozart-sim,depends_on,substitute exercised by this journey,,,confirmed,
journey:idempotency-retries/success,sub:splitz-stub,depends_on,substitute exercised by this journey,,,confirmed,
journey:on-hold/async_state,family:on-hold,implements,,,,confirmed,
journey:on-hold/async_state,sub:dcs-stub,depends_on,substitute exercised by this journey,,,confirmed,
journey:on-hold/async_state,sub:kong-lite,depends_on,substitute exercised by this journey,,,confirmed,
journey:on-hold/async_state,sub:monolith-stub,depends_on,substitute exercised by this journey,,,confirmed,
journey:on-hold/async_state,sub:mozart-sim,depends_on,substitute exercised by this journey,,,confirmed,
journey:on-hold/async_state,sub:splitz-stub,depends_on,substitute exercised by this journey,,,confirmed,
journey:on-hold/cancel_or_reverse,family:on-hold,implements,,,,confirmed,
journey:on-hold/cancel_or_reverse,sub:dcs-stub,depends_on,substitute exercised by this journey,,,confirmed,
journey:on-hold/cancel_or_reverse,sub:kong-lite,depends_on,substitute exercised by this journey,,,confirmed,
journey:on-hold/cancel_or_reverse,sub:monolith-stub,depends_on,substitute exercised by this journey,,,confirmed,
journey:on-hold/cancel_or_reverse,sub:mozart-sim,depends_on,substitute exercised by this journey,,,confirmed,
journey:on-hold/cancel_or_reverse,sub:splitz-stub,depends_on,substitute exercised by this journey,,,confirmed,
journey:on-hold/failure,family:on-hold,implements,,,,confirmed,
journey:on-hold/failure,sub:dcs-stub,depends_on,substitute exercised by this journey,,,confirmed,
journey:on-hold/failure,sub:kong-lite,depends_on,substitute exercised by this journey,,,confirmed,
journey:on-hold/failure,sub:monolith-stub,depends_on,substitute exercised by this journey,,,confirmed,
journey:on-hold/failure,sub:mozart-sim,depends_on,substitute exercised by this journey,,,confirmed,
journey:on-hold/failure,sub:splitz-stub,depends_on,substitute exercised by this journey,,,confirmed,
journey:on-hold/idempotency,family:on-hold,implements,,,,confirmed,
journey:on-hold/idempotency,sub:dcs-stub,depends_on,substitute exercised by this journey,,,confirmed,
journey:on-hold/idempotency,sub:kong-lite,depends_on,substitute exercised by this journey,,,confirmed,
journey:on-hold/idempotency,sub:monolith-stub,depends_on,substitute exercised by this journey,,,confirmed,
journey:on-hold/idempotency,sub:mozart-sim,depends_on,substitute exercised by this journey,,,confirmed,
journey:on-hold/idempotency,sub:splitz-stub,depends_on,substitute exercised by this journey,,,confirmed,
journey:on-hold/success,family:on-hold,implements,,,,confirmed,
journey:on-hold/success,sub:dcs-stub,depends_on,substitute exercised by this journey,,,confirmed,
journey:on-hold/success,sub:kong-lite,depends_on,substitute exercised by this journey,,,confirmed,
journey:on-hold/success,sub:monolith-stub,depends_on,substitute exercised by this journey,,,confirmed,
journey:on-hold/success,sub:mozart-sim,depends_on,substitute exercised by this journey,,,confirmed,
journey:on-hold/success,sub:splitz-stub,depends_on,substitute exercised by this journey,,,confirmed,
journey:pricing-free-payouts/accounting,family:pricing-free-payouts,implements,,,,confirmed,
journey:pricing-free-payouts/accounting,sub:dcs-stub,depends_on,substitute exercised by this journey,,,confirmed,
journey:pricing-free-payouts/accounting,sub:kong-lite,depends_on,substitute exercised by this journey,,,confirmed,
journey:pricing-free-payouts/accounting,sub:monolith-stub,depends_on,substitute exercised by this journey,,,confirmed,
journey:pricing-free-payouts/accounting,sub:mozart-sim,depends_on,substitute exercised by this journey,,,confirmed,
journey:pricing-free-payouts/accounting,sub:pricing-stub,depends_on,substitute exercised by this journey,,,confirmed,
journey:pricing-free-payouts/accounting,sub:splitz-stub,depends_on,substitute exercised by this journey,,,confirmed,
journey:pricing-free-payouts/async_state,family:pricing-free-payouts,implements,,,,confirmed,
journey:pricing-free-payouts/async_state,sub:dcs-stub,depends_on,substitute exercised by this journey,,,confirmed,
journey:pricing-free-payouts/async_state,sub:kong-lite,depends_on,substitute exercised by this journey,,,confirmed,
journey:pricing-free-payouts/async_state,sub:monolith-stub,depends_on,substitute exercised by this journey,,,confirmed,
journey:pricing-free-payouts/async_state,sub:mozart-sim,depends_on,substitute exercised by this journey,,,confirmed,
journey:pricing-free-payouts/async_state,sub:pricing-stub,depends_on,substitute exercised by this journey,,,confirmed,
journey:pricing-free-payouts/async_state,sub:splitz-stub,depends_on,substitute exercised by this journey,,,confirmed,
journey:pricing-free-payouts/cancel_or_reverse,family:pricing-free-payouts,implements,,,,confirmed,
journey:pricing-free-payouts/cancel_or_reverse,sub:dcs-stub,depends_on,substitute exercised by this journey,,,confirmed,
journey:pricing-free-payouts/cancel_or_reverse,sub:kong-lite,depends_on,substitute exercised by this journey,,,confirmed,
journey:pricing-free-payouts/cancel_or_reverse,sub:monolith-stub,depends_on,substitute exercised by this journey,,,confirmed,
journey:pricing-free-payouts/cancel_or_reverse,sub:mozart-sim,depends_on,substitute exercised by this journey,,,confirmed,
journey:pricing-free-payouts/cancel_or_reverse,sub:pricing-stub,depends_on,substitute exercised by this journey,,,confirmed,
journey:pricing-free-payouts/cancel_or_reverse,sub:splitz-stub,depends_on,substitute exercised by this journey,,,confirmed,
journey:pricing-free-payouts/failure,family:pricing-free-payouts,implements,,,,confirmed,
journey:pricing-free-payouts/failure,sub:dcs-stub,depends_on,substitute exercised by this journey,,,confirmed,
journey:pricing-free-payouts/failure,sub:kong-lite,depends_on,substitute exercised by this journey,,,confirmed,
journey:pricing-free-payouts/failure,sub:monolith-stub,depends_on,substitute exercised by this journey,,,confirmed,
journey:pricing-free-payouts/failure,sub:mozart-sim,depends_on,substitute exercised by this journey,,,confirmed,
journey:pricing-free-payouts/failure,sub:pricing-stub,depends_on,substitute exercised by this journey,,,confirmed,
journey:pricing-free-payouts/failure,sub:splitz-stub,depends_on,substitute exercised by this journey,,,confirmed,
journey:pricing-free-payouts/free_payout,family:pricing-free-payouts,implements,,,,confirmed,
journey:pricing-free-payouts/free_payout,sub:dcs-stub,depends_on,substitute exercised by this journey,,,confirmed,
journey:pricing-free-payouts/free_payout,sub:kong-lite,depends_on,substitute exercised by this journey,,,confirmed,
journey:pricing-free-payouts/free_payout,sub:monolith-stub,depends_on,substitute exercised by this journey,,,confirmed,
journey:pricing-free-payouts/free_payout,sub:mozart-sim,depends_on,substitute exercised by this journey,,,confirmed,
journey:pricing-free-payouts/free_payout,sub:pricing-stub,depends_on,substitute exercised by this journey,,,confirmed,
journey:pricing-free-payouts/free_payout,sub:splitz-stub,depends_on,substitute exercised by this journey,,,confirmed,
journey:pricing-free-payouts/idempotency,family:pricing-free-payouts,implements,,,,confirmed,
journey:pricing-free-payouts/idempotency,sub:dcs-stub,depends_on,substitute exercised by this journey,,,confirmed,
journey:pricing-free-payouts/idempotency,sub:kong-lite,depends_on,substitute exercised by this journey,,,confirmed,
journey:pricing-free-payouts/idempotency,sub:monolith-stub,depends_on,substitute exercised by this journey,,,confirmed,
journey:pricing-free-payouts/idempotency,sub:mozart-sim,depends_on,substitute exercised by this journey,,,confirmed,
journey:pricing-free-payouts/idempotency,sub:pricing-stub,depends_on,substitute exercised by this journey,,,confirmed,
journey:pricing-free-payouts/idempotency,sub:splitz-stub,depends_on,substitute exercised by this journey,,,confirmed,
journey:pricing-free-payouts/success,family:pricing-free-payouts,implements,,,,confirmed,
journey:pricing-free-payouts/success,sub:dcs-stub,depends_on,substitute exercised by this journey,,,confirmed,
journey:pricing-free-payouts/success,sub:kong-lite,depends_on,substitute exercised by this journey,,,confirmed,
journey:pricing-free-payouts/success,sub:monolith-stub,depends_on,substitute exercised by this journey,,,confirmed,
journey:pricing-free-payouts/success,sub:mozart-sim,depends_on,substitute exercised by this journey,,,confirmed,
journey:pricing-free-payouts/success,sub:pricing-stub,depends_on,substitute exercised by this journey,,,confirmed,
journey:pricing-free-payouts/success,sub:splitz-stub,depends_on,substitute exercised by this journey,,,confirmed,
journey:queued-low-balance/async_state,family:queued-low-balance,implements,,,,confirmed,
journey:queued-low-balance/async_state,sub:dcs-stub,depends_on,substitute exercised by this journey,,,confirmed,
journey:queued-low-balance/async_state,sub:kong-lite,depends_on,substitute exercised by this journey,,,confirmed,
journey:queued-low-balance/async_state,sub:monolith-stub,depends_on,substitute exercised by this journey,,,confirmed,
journey:queued-low-balance/async_state,sub:mozart-sim,depends_on,substitute exercised by this journey,,,confirmed,
journey:queued-low-balance/async_state,sub:splitz-stub,depends_on,substitute exercised by this journey,,,confirmed,
journey:queued-low-balance/cancel_or_reverse,family:queued-low-balance,implements,,,,confirmed,
journey:queued-low-balance/cancel_or_reverse,sub:dcs-stub,depends_on,substitute exercised by this journey,,,confirmed,
journey:queued-low-balance/cancel_or_reverse,sub:kong-lite,depends_on,substitute exercised by this journey,,,confirmed,
journey:queued-low-balance/cancel_or_reverse,sub:monolith-stub,depends_on,substitute exercised by this journey,,,confirmed,
journey:queued-low-balance/cancel_or_reverse,sub:mozart-sim,depends_on,substitute exercised by this journey,,,confirmed,
journey:queued-low-balance/cancel_or_reverse,sub:splitz-stub,depends_on,substitute exercised by this journey,,,confirmed,
journey:queued-low-balance/failure,family:queued-low-balance,implements,,,,confirmed,
journey:queued-low-balance/failure,sub:dcs-stub,depends_on,substitute exercised by this journey,,,confirmed,
journey:queued-low-balance/failure,sub:kong-lite,depends_on,substitute exercised by this journey,,,confirmed,
journey:queued-low-balance/failure,sub:monolith-stub,depends_on,substitute exercised by this journey,,,confirmed,
journey:queued-low-balance/failure,sub:mozart-sim,depends_on,substitute exercised by this journey,,,confirmed,
journey:queued-low-balance/failure,sub:splitz-stub,depends_on,substitute exercised by this journey,,,confirmed,
journey:queued-low-balance/idempotency,family:queued-low-balance,implements,,,,confirmed,
journey:queued-low-balance/idempotency,sub:dcs-stub,depends_on,substitute exercised by this journey,,,confirmed,
journey:queued-low-balance/idempotency,sub:kong-lite,depends_on,substitute exercised by this journey,,,confirmed,
journey:queued-low-balance/idempotency,sub:monolith-stub,depends_on,substitute exercised by this journey,,,confirmed,
journey:queued-low-balance/idempotency,sub:mozart-sim,depends_on,substitute exercised by this journey,,,confirmed,
journey:queued-low-balance/idempotency,sub:splitz-stub,depends_on,substitute exercised by this journey,,,confirmed,
journey:queued-low-balance/success,family:queued-low-balance,implements,,,,confirmed,
journey:queued-low-balance/success,sub:dcs-stub,depends_on,substitute exercised by this journey,,,confirmed,
journey:queued-low-balance/success,sub:kong-lite,depends_on,substitute exercised by this journey,,,confirmed,
journey:queued-low-balance/success,sub:monolith-stub,depends_on,substitute exercised by this journey,,,confirmed,
journey:queued-low-balance/success,sub:mozart-sim,depends_on,substitute exercised by this journey,,,confirmed,
journey:queued-low-balance/success,sub:splitz-stub,depends_on,substitute exercised by this journey,,,confirmed,
journey:scheduled-payouts/async_state,family:scheduled-payouts,implements,,,,confirmed,
journey:scheduled-payouts/async_state,sub:dcs-stub,depends_on,substitute exercised by this journey,,,confirmed,
journey:scheduled-payouts/async_state,sub:kong-lite,depends_on,substitute exercised by this journey,,,confirmed,
journey:scheduled-payouts/async_state,sub:monolith-stub,depends_on,substitute exercised by this journey,,,confirmed,
journey:scheduled-payouts/async_state,sub:mozart-sim,depends_on,substitute exercised by this journey,,,confirmed,
journey:scheduled-payouts/async_state,sub:splitz-stub,depends_on,substitute exercised by this journey,,,confirmed,
journey:scheduled-payouts/cancel_or_reverse,family:scheduled-payouts,implements,,,,confirmed,
journey:scheduled-payouts/cancel_or_reverse,sub:dcs-stub,depends_on,substitute exercised by this journey,,,confirmed,
journey:scheduled-payouts/cancel_or_reverse,sub:kong-lite,depends_on,substitute exercised by this journey,,,confirmed,
journey:scheduled-payouts/cancel_or_reverse,sub:monolith-stub,depends_on,substitute exercised by this journey,,,confirmed,
journey:scheduled-payouts/cancel_or_reverse,sub:mozart-sim,depends_on,substitute exercised by this journey,,,confirmed,
journey:scheduled-payouts/cancel_or_reverse,sub:splitz-stub,depends_on,substitute exercised by this journey,,,confirmed,
journey:scheduled-payouts/cancel_via_dashboard,family:scheduled-payouts,implements,,,,confirmed,
journey:scheduled-payouts/cancel_via_dashboard,sub:dcs-stub,depends_on,substitute exercised by this journey,,,confirmed,
journey:scheduled-payouts/cancel_via_dashboard,sub:kong-lite,depends_on,substitute exercised by this journey,,,confirmed,
journey:scheduled-payouts/cancel_via_dashboard,sub:monolith-stub,depends_on,substitute exercised by this journey,,,confirmed,
journey:scheduled-payouts/cancel_via_dashboard,sub:mozart-sim,depends_on,substitute exercised by this journey,,,confirmed,
journey:scheduled-payouts/cancel_via_dashboard,sub:splitz-stub,depends_on,substitute exercised by this journey,,,confirmed,
journey:scheduled-payouts/failure,family:scheduled-payouts,implements,,,,confirmed,
journey:scheduled-payouts/failure,sub:dcs-stub,depends_on,substitute exercised by this journey,,,confirmed,
journey:scheduled-payouts/failure,sub:kong-lite,depends_on,substitute exercised by this journey,,,confirmed,
journey:scheduled-payouts/failure,sub:monolith-stub,depends_on,substitute exercised by this journey,,,confirmed,
journey:scheduled-payouts/failure,sub:mozart-sim,depends_on,substitute exercised by this journey,,,confirmed,
journey:scheduled-payouts/failure,sub:splitz-stub,depends_on,substitute exercised by this journey,,,confirmed,
journey:scheduled-payouts/idempotency,family:scheduled-payouts,implements,,,,confirmed,
journey:scheduled-payouts/idempotency,sub:dcs-stub,depends_on,substitute exercised by this journey,,,confirmed,
journey:scheduled-payouts/idempotency,sub:kong-lite,depends_on,substitute exercised by this journey,,,confirmed,
journey:scheduled-payouts/idempotency,sub:monolith-stub,depends_on,substitute exercised by this journey,,,confirmed,
journey:scheduled-payouts/idempotency,sub:mozart-sim,depends_on,substitute exercised by this journey,,,confirmed,
journey:scheduled-payouts/idempotency,sub:splitz-stub,depends_on,substitute exercised by this journey,,,confirmed,
journey:scheduled-payouts/success,family:scheduled-payouts,implements,,,,confirmed,
journey:scheduled-payouts/success,sub:dcs-stub,depends_on,substitute exercised by this journey,,,confirmed,
journey:scheduled-payouts/success,sub:kong-lite,depends_on,substitute exercised by this journey,,,confirmed,
journey:scheduled-payouts/success,sub:monolith-stub,depends_on,substitute exercised by this journey,,,confirmed,
journey:scheduled-payouts/success,sub:mozart-sim,depends_on,substitute exercised by this journey,,,confirmed,
journey:scheduled-payouts/success,sub:splitz-stub,depends_on,substitute exercised by this journey,,,confirmed,
journey:shared-payouts/accounting,family:shared-payouts,implements,,,,confirmed,
journey:shared-payouts/accounting,sub:dcs-stub,depends_on,substitute exercised by this journey,,,confirmed,
journey:shared-payouts/accounting,sub:kong-lite,depends_on,substitute exercised by this journey,,,confirmed,
journey:shared-payouts/accounting,sub:monolith-stub,depends_on,substitute exercised by this journey,,,confirmed,
journey:shared-payouts/accounting,sub:mozart-sim,depends_on,substitute exercised by this journey,,,confirmed,
journey:shared-payouts/accounting,sub:splitz-stub,depends_on,substitute exercised by this journey,,,confirmed,
journey:shared-payouts/async_state,family:shared-payouts,implements,,,,confirmed,
journey:shared-payouts/async_state,sub:dcs-stub,depends_on,substitute exercised by this journey,,,confirmed,
journey:shared-payouts/async_state,sub:kong-lite,depends_on,substitute exercised by this journey,,,confirmed,
journey:shared-payouts/async_state,sub:monolith-stub,depends_on,substitute exercised by this journey,,,confirmed,
journey:shared-payouts/async_state,sub:mozart-sim,depends_on,substitute exercised by this journey,,,confirmed,
journey:shared-payouts/async_state,sub:splitz-stub,depends_on,substitute exercised by this journey,,,confirmed,
journey:shared-payouts/cancel_or_reverse,family:shared-payouts,implements,,,,confirmed,
journey:shared-payouts/cancel_or_reverse,sub:dcs-stub,depends_on,substitute exercised by this journey,,,confirmed,
journey:shared-payouts/cancel_or_reverse,sub:kong-lite,depends_on,substitute exercised by this journey,,,confirmed,
journey:shared-payouts/cancel_or_reverse,sub:monolith-stub,depends_on,substitute exercised by this journey,,,confirmed,
journey:shared-payouts/cancel_or_reverse,sub:mozart-sim,depends_on,substitute exercised by this journey,,,confirmed,
journey:shared-payouts/cancel_or_reverse,sub:splitz-stub,depends_on,substitute exercised by this journey,,,confirmed,
journey:shared-payouts/concurrency,family:shared-payouts,implements,,,,confirmed,
journey:shared-payouts/concurrency,sub:dcs-stub,depends_on,substitute exercised by this journey,,,confirmed,
journey:shared-payouts/concurrency,sub:kong-lite,depends_on,substitute exercised by this journey,,,confirmed,
journey:shared-payouts/concurrency,sub:monolith-stub,depends_on,substitute exercised by this journey,,,confirmed,
journey:shared-payouts/concurrency,sub:mozart-sim,depends_on,substitute exercised by this journey,,,confirmed,
journey:shared-payouts/concurrency,sub:splitz-stub,depends_on,substitute exercised by this journey,,,confirmed,
journey:shared-payouts/duplicate,family:shared-payouts,implements,,,,confirmed,
journey:shared-payouts/duplicate,sub:dcs-stub,depends_on,substitute exercised by this journey,,,confirmed,
journey:shared-payouts/duplicate,sub:kong-lite,depends_on,substitute exercised by this journey,,,confirmed,
journey:shared-payouts/duplicate,sub:monolith-stub,depends_on,substitute exercised by this journey,,,confirmed,
journey:shared-payouts/duplicate,sub:mozart-sim,depends_on,substitute exercised by this journey,,,confirmed,
journey:shared-payouts/duplicate,sub:splitz-stub,depends_on,substitute exercised by this journey,,,confirmed,
journey:shared-payouts/failure,family:shared-payouts,implements,,,,confirmed,
journey:shared-payouts/failure,sub:dcs-stub,depends_on,substitute exercised by this journey,,,confirmed,
journey:shared-payouts/failure,sub:kong-lite,depends_on,substitute exercised by this journey,,,confirmed,
journey:shared-payouts/failure,sub:monolith-stub,depends_on,substitute exercised by this journey,,,confirmed,
journey:shared-payouts/failure,sub:mozart-sim,depends_on,substitute exercised by this journey,,,confirmed,
journey:shared-payouts/failure,sub:splitz-stub,depends_on,substitute exercised by this journey,,,confirmed,
journey:shared-payouts/idempotency,family:shared-payouts,implements,,,,confirmed,
journey:shared-payouts/idempotency,sub:dcs-stub,depends_on,substitute exercised by this journey,,,confirmed,
journey:shared-payouts/idempotency,sub:kong-lite,depends_on,substitute exercised by this journey,,,confirmed,
journey:shared-payouts/idempotency,sub:monolith-stub,depends_on,substitute exercised by this journey,,,confirmed,
journey:shared-payouts/idempotency,sub:mozart-sim,depends_on,substitute exercised by this journey,,,confirmed,
journey:shared-payouts/idempotency,sub:splitz-stub,depends_on,substitute exercised by this journey,,,confirmed,
journey:shared-payouts/pending,family:shared-payouts,implements,,,,confirmed,
journey:shared-payouts/pending,sub:dcs-stub,depends_on,substitute exercised by this journey,,,confirmed,
journey:shared-payouts/pending,sub:kong-lite,depends_on,substitute exercised by this journey,,,confirmed,
journey:shared-payouts/pending,sub:monolith-stub,depends_on,substitute exercised by this journey,,,confirmed,
journey:shared-payouts/pending,sub:mozart-sim,depends_on,substitute exercised by this journey,,,confirmed,
journey:shared-payouts/pending,sub:splitz-stub,depends_on,substitute exercised by this journey,,,confirmed,
journey:shared-payouts/restart,family:shared-payouts,implements,,,,confirmed,
journey:shared-payouts/restart,sub:dcs-stub,depends_on,substitute exercised by this journey,,,confirmed,
journey:shared-payouts/restart,sub:kong-lite,depends_on,substitute exercised by this journey,,,confirmed,
journey:shared-payouts/restart,sub:monolith-stub,depends_on,substitute exercised by this journey,,,confirmed,
journey:shared-payouts/restart,sub:mozart-sim,depends_on,substitute exercised by this journey,,,confirmed,
journey:shared-payouts/restart,sub:splitz-stub,depends_on,substitute exercised by this journey,,,confirmed,
journey:shared-payouts/success,family:shared-payouts,implements,,,,confirmed,
journey:shared-payouts/success,sub:dcs-stub,depends_on,substitute exercised by this journey,,,confirmed,
journey:shared-payouts/success,sub:kong-lite,depends_on,substitute exercised by this journey,,,confirmed,
journey:shared-payouts/success,sub:monolith-stub,depends_on,substitute exercised by this journey,,,confirmed,
journey:shared-payouts/success,sub:mozart-sim,depends_on,substitute exercised by this journey,,,confirmed,
journey:shared-payouts/success,sub:splitz-stub,depends_on,substitute exercised by this journey,,,confirmed,
journey:source-updates/async_state,family:source-updates,implements,,,,confirmed,
journey:source-updates/async_state,sub:dcs-stub,depends_on,substitute exercised by this journey,,,confirmed,
journey:source-updates/async_state,sub:kong-lite,depends_on,substitute exercised by this journey,,,confirmed,
journey:source-updates/async_state,sub:monolith-stub,depends_on,substitute exercised by this journey,,,confirmed,
journey:source-updates/async_state,sub:mozart-sim,depends_on,substitute exercised by this journey,,,confirmed,
journey:source-updates/async_state,sub:splitz-stub,depends_on,substitute exercised by this journey,,,confirmed,
journey:source-updates/failure,family:source-updates,implements,,,,confirmed,
journey:source-updates/failure,sub:dcs-stub,depends_on,substitute exercised by this journey,,,confirmed,
journey:source-updates/failure,sub:kong-lite,depends_on,substitute exercised by this journey,,,confirmed,
journey:source-updates/failure,sub:monolith-stub,depends_on,substitute exercised by this journey,,,confirmed,
journey:source-updates/failure,sub:mozart-sim,depends_on,substitute exercised by this journey,,,confirmed,
journey:source-updates/failure,sub:splitz-stub,depends_on,substitute exercised by this journey,,,confirmed,
journey:source-updates/idempotency,family:source-updates,implements,,,,confirmed,
journey:source-updates/idempotency,sub:dcs-stub,depends_on,substitute exercised by this journey,,,confirmed,
journey:source-updates/idempotency,sub:kong-lite,depends_on,substitute exercised by this journey,,,confirmed,
journey:source-updates/idempotency,sub:monolith-stub,depends_on,substitute exercised by this journey,,,confirmed,
journey:source-updates/idempotency,sub:mozart-sim,depends_on,substitute exercised by this journey,,,confirmed,
journey:source-updates/idempotency,sub:splitz-stub,depends_on,substitute exercised by this journey,,,confirmed,
journey:source-updates/success,family:source-updates,implements,,,,confirmed,
journey:source-updates/success,sub:dcs-stub,depends_on,substitute exercised by this journey,,,confirmed,
journey:source-updates/success,sub:kong-lite,depends_on,substitute exercised by this journey,,,confirmed,
journey:source-updates/success,sub:monolith-stub,depends_on,substitute exercised by this journey,,,confirmed,
journey:source-updates/success,sub:mozart-sim,depends_on,substitute exercised by this journey,,,confirmed,
journey:source-updates/success,sub:splitz-stub,depends_on,substitute exercised by this journey,,,confirmed,
journey:webhooks/async_state,family:webhooks,implements,,,,confirmed,
journey:webhooks/async_state,sub:dcs-stub,depends_on,substitute exercised by this journey,,,confirmed,
journey:webhooks/async_state,sub:kong-lite,depends_on,substitute exercised by this journey,,,confirmed,
journey:webhooks/async_state,sub:merchant-webhook-sink,depends_on,substitute exercised by this journey,,,confirmed,
journey:webhooks/async_state,sub:monolith-stub,depends_on,substitute exercised by this journey,,,confirmed,
journey:webhooks/async_state,sub:mozart-sim,depends_on,substitute exercised by this journey,,,confirmed,
journey:webhooks/async_state,sub:splitz-stub,depends_on,substitute exercised by this journey,,,confirmed,
journey:webhooks/async_state,sub:stork-capture,depends_on,substitute exercised by this journey,,,confirmed,
journey:webhooks/duplicate,family:webhooks,implements,,,,confirmed,
journey:webhooks/duplicate,sub:dcs-stub,depends_on,substitute exercised by this journey,,,confirmed,
journey:webhooks/duplicate,sub:kong-lite,depends_on,substitute exercised by this journey,,,confirmed,
journey:webhooks/duplicate,sub:merchant-webhook-sink,depends_on,substitute exercised by this journey,,,confirmed,
journey:webhooks/duplicate,sub:monolith-stub,depends_on,substitute exercised by this journey,,,confirmed,
journey:webhooks/duplicate,sub:mozart-sim,depends_on,substitute exercised by this journey,,,confirmed,
journey:webhooks/duplicate,sub:splitz-stub,depends_on,substitute exercised by this journey,,,confirmed,
journey:webhooks/duplicate,sub:stork-capture,depends_on,substitute exercised by this journey,,,confirmed,
journey:webhooks/failure,family:webhooks,implements,,,,confirmed,
journey:webhooks/failure,sub:dcs-stub,depends_on,substitute exercised by this journey,,,confirmed,
journey:webhooks/failure,sub:kong-lite,depends_on,substitute exercised by this journey,,,confirmed,
journey:webhooks/failure,sub:merchant-webhook-sink,depends_on,substitute exercised by this journey,,,confirmed,
journey:webhooks/failure,sub:monolith-stub,depends_on,substitute exercised by this journey,,,confirmed,
journey:webhooks/failure,sub:mozart-sim,depends_on,substitute exercised by this journey,,,confirmed,
journey:webhooks/failure,sub:splitz-stub,depends_on,substitute exercised by this journey,,,confirmed,
journey:webhooks/failure,sub:stork-capture,depends_on,substitute exercised by this journey,,,confirmed,
journey:webhooks/idempotency,family:webhooks,implements,,,,confirmed,
journey:webhooks/idempotency,sub:dcs-stub,depends_on,substitute exercised by this journey,,,confirmed,
journey:webhooks/idempotency,sub:kong-lite,depends_on,substitute exercised by this journey,,,confirmed,
journey:webhooks/idempotency,sub:merchant-webhook-sink,depends_on,substitute exercised by this journey,,,confirmed,
journey:webhooks/idempotency,sub:monolith-stub,depends_on,substitute exercised by this journey,,,confirmed,
journey:webhooks/idempotency,sub:mozart-sim,depends_on,substitute exercised by this journey,,,confirmed,
journey:webhooks/idempotency,sub:splitz-stub,depends_on,substitute exercised by this journey,,,confirmed,
journey:webhooks/idempotency,sub:stork-capture,depends_on,substitute exercised by this journey,,,confirmed,
journey:webhooks/success,family:webhooks,implements,,,,confirmed,
journey:webhooks/success,sub:dcs-stub,depends_on,substitute exercised by this journey,,,confirmed,
journey:webhooks/success,sub:kong-lite,depends_on,substitute exercised by this journey,,,confirmed,
journey:webhooks/success,sub:merchant-webhook-sink,depends_on,substitute exercised by this journey,,,confirmed,
journey:webhooks/success,sub:monolith-stub,depends_on,substitute exercised by this journey,,,confirmed,
journey:webhooks/success,sub:mozart-sim,depends_on,substitute exercised by this journey,,,confirmed,
journey:webhooks/success,sub:splitz-stub,depends_on,substitute exercised by this journey,,,confirmed,
journey:webhooks/success,sub:stork-capture,depends_on,substitute exercised by this journey,,,confirmed,
journey:webhooks/webhook,family:webhooks,implements,,,,confirmed,
journey:webhooks/webhook,sub:dcs-stub,depends_on,substitute exercised by this journey,,,confirmed,
journey:webhooks/webhook,sub:kong-lite,depends_on,substitute exercised by this journey,,,confirmed,
journey:webhooks/webhook,sub:merchant-webhook-sink,depends_on,substitute exercised by this journey,,,confirmed,
journey:webhooks/webhook,sub:monolith-stub,depends_on,substitute exercised by this journey,,,confirmed,
journey:webhooks/webhook,sub:mozart-sim,depends_on,substitute exercised by this journey,,,confirmed,
journey:webhooks/webhook,sub:splitz-stub,depends_on,substitute exercised by this journey,,,confirmed,
journey:webhooks/webhook,sub:stork-capture,depends_on,substitute exercised by this journey,,,confirmed,
queue:prod-x-account-statement-source-event,event:xas/source_event,produces,,,real_source_running,confirmed,
queue:x-account-statements-account-activation-event,event:xas/account_activation,produces,,,real_source_mapped_not_running,confirmed,
queue:x-balances-account-activation-event,event:x-balances/account_activation,produces,,,real_source_mapped_not_running,confirmed,
queue:x-balances-balance-refresh-live,event:x-balances/balance_refresh,produces,,,real_source_running,confirmed,
queue:x-balances-payout-event,event:x-balances/payout_event,produces,,,behavioural_placeholder,confirmed,
repo:ledger-sdk,svc:ledger-api,calls,"Go SDK: CreateJournal, FetchJournalByTransactor, CreateAccountsOnEvent, FetchAccountByEntitiesAndMerchantID ... (used by payouts, x-balances, virtual-account)",,real_source_running,confirmed,ledger-sdk/handler.go:11-60;payouts/pkg/ledger/client.go:109-135
repo:payouts,svc:payouts-api,owns,,,,,
repo:payouts,svc:payouts-kafka-consumer,owns,,,,,
repo:payouts,svc:payouts-migrate,owns,,,,,
repo:payouts,svc:payouts-worker,owns,,,,,
route:api-monolith/ANY service/batch/{path?},role:admin-permission-set,gated_by,permission BATCH_API_CALL,,graph_only,confirmed,api/app/Http/Route.php:11057;api/app/Http/Middleware/AdminAccess.php:285
route:api-monolith/ANY service/batch/{path?},svc:api-monolith,implements,BatchController@sendRequest,,,confirmed,api/app/Http/Route.php:3557
route:api-monolith/DELETE workflow/config,role:workflow-role-set,gated_by,permission SELF_SERVE_WORKFLOW_CONFIG,,graph_only,confirmed,"api/app/Http/Route.php:12507;api/app/Http/Middleware/UserAccess.php:358,413,518"
route:api-monolith/DELETE workflow/config,svc:api-monolith,implements,WorkflowConfigController@delete,,,confirmed,api/app/Http/Route.php:2127
route:api-monolith/GET batches/{id},svc:api-monolith,implements,BatchController@fetchBatch,,,confirmed,api/app/Http/Route.php:314
route:api-monolith/GET payouts,role:workflow-role-set,gated_by,permission VIEW_PAYOUT,,graph_only,confirmed,"api/app/Http/Route.php:12088;api/app/Http/Middleware/UserAccess.php:358,413,518"
route:api-monolith/GET payouts,svc:api-monolith,implements,PayoutController@getPayouts,,,confirmed,api/app/Http/Route.php:2354
route:api-monolith/GET payouts/_meta/wf_config,svc:api-monolith,implements,PayoutController@getWorkflowConfig,,,confirmed,api/app/Http/Route.php:2383
route:api-monolith/GET payouts/all,role:workflow-role-set,gated_by,permission VIEW_ALL_PAYOUTS,,graph_only,confirmed,"api/app/Http/Route.php:12089;api/app/Http/Middleware/UserAccess.php:358,413,518"
route:api-monolith/GET payouts/all,svc:api-monolith,implements,PayoutController@getPayoutsAll,,,confirmed,api/app/Http/Route.php:2355
route:api-monolith/GET payouts/{id},role:workflow-role-set,gated_by,permission VIEW_PAYOUT,,graph_only,confirmed,"api/app/Http/Route.php:12081;api/app/Http/Middleware/UserAccess.php:358,413,518"
route:api-monolith/GET payouts/{id},svc:api-monolith,implements,PayoutController@getPayout,,,confirmed,api/app/Http/Route.php:2351
route:api-monolith/GET wf-service/configs/{id},svc:api-monolith,implements,WorkflowServiceController@getConfig,,,confirmed,api/app/Http/Route.php:2446
route:api-monolith/GET wf-service/workflows,svc:api-monolith,implements,WorkflowServiceController@listWorkflows,,,confirmed,api/app/Http/Route.php:2450
route:api-monolith/GET workflow/config,role:workflow-role-set,gated_by,permission SELF_SERVE_WORKFLOW_CONFIG,,graph_only,confirmed,"api/app/Http/Route.php:12506;api/app/Http/Middleware/UserAccess.php:358,413,518"
route:api-monolith/GET workflow/config,svc:api-monolith,implements,WorkflowConfigController@list,,,confirmed,api/app/Http/Route.php:2125
route:api-monolith/PATCH fund_transfer_attempts,role:admin-permission-set,gated_by,permission SETTLEMENT_BULK_UPDATE,,graph_only,confirmed,api/app/Http/Route.php:10866;api/app/Http/Middleware/AdminAccess.php:285
route:api-monolith/PATCH fund_transfer_attempts,svc:api-monolith,implements,FundTransferAttemptController@bulkUpdate,,,confirmed,api/app/Http/Route.php:816
route:api-monolith/PATCH payouts/manual/status_update/batch,role:admin-permission-set,gated_by,permission PAYOUT_STATUS_UPDATE_MANUALLY,,graph_only,confirmed,api/app/Http/Route.php:11592;api/app/Http/Middleware/AdminAccess.php:285
route:api-monolith/PATCH payouts/manual/status_update/batch,svc:api-monolith,implements,PayoutController@updatePayoutStatusManuallyInBatch,,,confirmed,api/app/Http/Route.php:4571
route:api-monolith/PATCH payouts/{id}/manual/status,role:admin-permission-set,gated_by,permission PAYOUT_STATUS_UPDATE_MANUALLY,,graph_only,confirmed,api/app/Http/Route.php:11591;api/app/Http/Middleware/AdminAccess.php:285
route:api-monolith/PATCH payouts/{id}/manual/status,svc:api-monolith,implements,PayoutController@updatePayoutStatusManually,,,confirmed,api/app/Http/Route.php:4570
route:api-monolith/PATCH wf-service/configs,svc:api-monolith,implements,WorkflowServiceController@updateConfig,,,confirmed,api/app/Http/Route.php:2445
route:api-monolith/PATCH wf-service/state/{id}/callback,svc:api-monolith,implements,WorkflowServiceController@updateWorkflowStateMap,,,confirmed,api/app/Http/Route.php:2449
route:api-monolith/PATCH workflow/config,role:workflow-role-set,gated_by,permission SELF_SERVE_WORKFLOW_CONFIG,,graph_only,confirmed,"api/app/Http/Route.php:12505;api/app/Http/Middleware/UserAccess.php:358,413,518"
route:api-monolith/PATCH workflow/config,svc:api-monolith,implements,WorkflowConfigController@update,,,confirmed,api/app/Http/Route.php:2123
route:api-monolith/POST /v1/banking_account_statement/batch/process,route:payouts/POST /v1/banking_account_statement/process/batch,calls,,,graph_only,probable,
route:api-monolith/POST /v1/banking_account_statement/payout_update,route:payouts/POST /v1/payouts/banking_account_statement/payout_update,calls,forward verbatim (Basic API),,high_fidelity_replacement,confirmed,
route:api-monolith/POST admin/batches,svc:api-monolith,implements,BatchController@createBatch,,,confirmed,api/app/Http/Route.php:304
route:api-monolith/POST admin/payouts/cancel,role:admin-permission-set,gated_by,permission REJECT_PAYOUT_BULK,,graph_only,confirmed,api/app/Http/Route.php:10400;api/app/Http/Middleware/AdminAccess.php:285
route:api-monolith/POST admin/payouts/cancel,svc:api-monolith,implements,PayoutController@bulkCancelPayouts,,,confirmed,api/app/Http/Route.php:2342
route:api-monolith/POST admin/payouts/workflow_retry,role:admin-permission-set,gated_by,permission RETRY_PAYOUT_WORKFLOW_BULK,,graph_only,confirmed,api/app/Http/Route.php:10401;api/app/Http/Middleware/AdminAccess.php:285
route:api-monolith/POST admin/payouts/workflow_retry,svc:api-monolith,implements,PayoutController@bulkRetryPayoutWorkflow,,,confirmed,api/app/Http/Route.php:2419
route:api-monolith/POST banking_account_statement/source/update,role:admin-permission-set,gated_by,permission MANUALLY_LINK_RBL_ACCOUNT_STATEMENT,,graph_only,confirmed,api/app/Http/Route.php:11626;api/app/Http/Middleware/AdminAccess.php:285
route:api-monolith/POST banking_account_statement/source/update,svc:api-monolith,implements,BankingAccountStatementController@sourceUpdate,,,confirmed,api/app/Http/Route.php:4227
route:api-monolith/POST batches,role:workflow-role-set,gated_by,permission CREATE_BATCH,,graph_only,confirmed,"api/app/Http/Route.php:12040;api/app/Http/Middleware/UserAccess.php:358,413,518"
route:api-monolith/POST batches,svc:api-monolith,implements,BatchController@createBatch,,,confirmed,api/app/Http/Route.php:303
route:api-monolith/POST batches/validate,svc:api-monolith,implements,BatchController@validateFile,,,confirmed,api/app/Http/Route.php:307
route:api-monolith/POST composite_payout_with_otp,role:workflow-role-set,gated_by,permission CREATE_PAYOUT,,graph_only,confirmed,"api/app/Http/Route.php:12055;api/app/Http/Middleware/UserAccess.php:358,413,518"
route:api-monolith/POST composite_payout_with_otp,svc:api-monolith,implements,PayoutController@postCompositePayoutWithOtp,,,confirmed,api/app/Http/Route.php:2321
route:api-monolith/POST fund_accounts/validations,role:workflow-role-set,gated_by,permission FUND_ACCOUNT_VALIDATION,,graph_only,confirmed,"api/app/Http/Route.php:12238;api/app/Http/Middleware/UserAccess.php:358,413,518"
route:api-monolith/POST fund_accounts/validations,svc:api-monolith,implements,FundAccountValidationController@create,,,confirmed,api/app/Http/Route.php:3965
route:api-monolith/POST internal/workflow/config,svc:api-monolith,implements,WorkflowConfigController@createInternal,,,confirmed,api/app/Http/Route.php:2142
route:api-monolith/POST payouts,role:workflow-role-set,gated_by,permission CREATE_PAYOUT,,graph_only,confirmed,"api/app/Http/Route.php:12051;api/app/Http/Middleware/UserAccess.php:358,413,518"
route:api-monolith/POST payouts,svc:api-monolith,implements,PayoutController@postFundAccountPayout,,,confirmed,api/app/Http/Route.php:2311
route:api-monolith/POST payouts/2fa/create,role:workflow-role-set,gated_by,permission CREATE_PAYOUT,,graph_only,confirmed,"api/app/Http/Route.php:12056;api/app/Http/Middleware/UserAccess.php:358,413,518"
route:api-monolith/POST payouts/2fa/create,svc:api-monolith,implements,PayoutController@postFundAccountPayout2fa,,,confirmed,api/app/Http/Route.php:2323
route:api-monolith/POST payouts/approve/bulk,role:workflow-role-set,gated_by,permission APPROVE_PAYOUT,,graph_only,confirmed,"api/app/Http/Route.php:12076;api/app/Http/Middleware/UserAccess.php:358,413,518"
route:api-monolith/POST payouts/approve/bulk,svc:api-monolith,implements,PayoutController@bulkApproveFundAccountPayouts,,,confirmed,api/app/Http/Route.php:2328
route:api-monolith/POST payouts/batch/validate,role:workflow-role-set,gated_by,permission CREATE_PAYOUT_BULK,,graph_only,confirmed,"api/app/Http/Route.php:12433;api/app/Http/Middleware/UserAccess.php:358,413,518"
route:api-monolith/POST payouts/batch/validate,svc:api-monolith,implements,PayoutsBatchController@validate,,,confirmed,api/app/Http/Route.php:2404
route:api-monolith/POST payouts/batch/{id}/process,role:workflow-role-set,gated_by,permission CREATE_PAYOUT_BULK,,graph_only,confirmed,"api/app/Http/Route.php:12431;api/app/Http/Middleware/UserAccess.php:358,413,518"
route:api-monolith/POST payouts/batch/{id}/process,svc:api-monolith,implements,PayoutsBatchController@process,,,confirmed,api/app/Http/Route.php:2406
route:api-monolith/POST payouts/bulk,role:workflow-role-set,gated_by,permission CREATE_PAYOUT_BULK,,graph_only,confirmed,"api/app/Http/Route.php:12072;api/app/Http/Middleware/UserAccess.php:358,413,518"
route:api-monolith/POST payouts/bulk,route:payouts/POST /v1/payouts/bulk,calls,Services/PayoutService/BulkPayout::createBulkPayoutViaMicroservice -- POST {PAYOUTS_URL}/v1/payouts/bulk with X-Passport-JWT-V1 (minted by the monolith) plus batch's own x-batch-id / X-Entity-Id / x-creator-id / x-creator-type forwarded VERBATIM,identity:service-basic-auth:api-to-ps,behavioural_placeholder,confirmed,"api/app/Services/PayoutService/BulkPayout.php:16,50-84;api/app/Models/Payout/Service.php:3051-3125"
route:api-monolith/POST payouts/bulk,route:payouts/POST /v1/payouts/bulk/validate,calls,"BulkPayout::validateBulkPayoutViaMicroservice -- POST {PAYOUTS_URL}/v1/payouts/bulk/validate, passport only",identity:service-basic-auth:api-to-ps,behavioural_placeholder,confirmed,"api/app/Services/PayoutService/BulkPayout.php:14,27-44"
route:api-monolith/POST payouts/bulk,svc:api-monolith,implements,PayoutController@createPayoutBulk,,,confirmed,api/app/Http/Route.php:2318
route:api-monolith/POST payouts/bulk_approve,role:workflow-role-set,gated_by,permission APPROVE_PAYOUT_BULK,,graph_only,confirmed,"api/app/Http/Route.php:12074;api/app/Http/Middleware/UserAccess.php:358,413,518"
route:api-monolith/POST payouts/bulk_approve,svc:api-monolith,calls,"Payout/Service::approveBulkPayout -- processed ENTIRELY on the monolith (max 15 rows, x-batch-id mandatory, per-row approvePayoutsFromBatchService / rejectPayoutFromBatchService). NO forwarding to the payouts service exists on this path.",,behavioural_placeholder,confirmed,"api/app/Models/Payout/Service.php:3539-3620,3652-3680"
route:api-monolith/POST payouts/bulk_approve,svc:api-monolith,implements,PayoutController@approvePayoutBulk,,,confirmed,api/app/Http/Route.php:2319
route:api-monolith/POST payouts/fee_recovery,role:admin-permission-set,gated_by,permission PROCESS_FEE_RECOVERY,,graph_only,confirmed,api/app/Http/Route.php:11488;api/app/Http/Middleware/AdminAccess.php:285
route:api-monolith/POST payouts/fee_recovery,svc:api-monolith,implements,PayoutController@feeRecoveryPayout,,,confirmed,api/app/Http/Route.php:2772
route:api-monolith/POST payouts/manual_action,role:admin-permission-set,gated_by,permission PAYOUT_MANUAL_ACTION,,graph_only,confirmed,api/app/Http/Route.php:11409;api/app/Http/Middleware/AdminAccess.php:285
route:api-monolith/POST payouts/manual_action,svc:api-monolith,implements,PayoutController@payoutManualActions,,,confirmed,api/app/Http/Route.php:2345
route:api-monolith/POST payouts/reject/bulk,role:workflow-role-set,gated_by,permission REJECT_PAYOUT_BULK,,graph_only,confirmed,"api/app/Http/Route.php:12077;api/app/Http/Middleware/UserAccess.php:358,413,518"
route:api-monolith/POST payouts/reject/bulk,svc:api-monolith,implements,PayoutController@bulkRejectFundAccountPayouts,,,confirmed,api/app/Http/Route.php:2329
route:api-monolith/POST payouts/{id}/approve,role:workflow-role-set,gated_by,permission APPROVE_PAYOUT,,graph_only,confirmed,"api/app/Http/Route.php:12078;api/app/Http/Middleware/UserAccess.php:358,413,518"
route:api-monolith/POST payouts/{id}/approve,svc:api-monolith,implements,PayoutController@postApproveFundAccountPayout,,,confirmed,api/app/Http/Route.php:2330
route:api-monolith/POST payouts/{id}/cancel,role:workflow-role-set,gated_by,permission CANCEL_PAYOUT,,graph_only,confirmed,"api/app/Http/Route.php:12094;api/app/Http/Middleware/UserAccess.php:358,413,518"
route:api-monolith/POST payouts/{id}/cancel,svc:api-monolith,implements,PayoutController@cancelPayout,,,confirmed,api/app/Http/Route.php:2769
route:api-monolith/POST payouts/{id}/reject,role:workflow-role-set,gated_by,permission REJECT_PAYOUT,,graph_only,confirmed,"api/app/Http/Route.php:12080;api/app/Http/Middleware/UserAccess.php:358,413,518"
route:api-monolith/POST payouts/{id}/reject,svc:api-monolith,implements,PayoutController@postRejectFundAccountPayout,,,confirmed,api/app/Http/Route.php:2332
route:api-monolith/POST payouts/{id}/retry,role:admin-permission-set,gated_by,permission RETRY_SETTLEMENT,,graph_only,confirmed,api/app/Http/Route.php:10669;api/app/Http/Middleware/AdminAccess.php:285
route:api-monolith/POST payouts/{id}/retry,svc:api-monolith,implements,PayoutController@retryPayout,,,confirmed,api/app/Http/Route.php:2357
route:api-monolith/POST payouts_batch,role:workflow-role-set,gated_by,permission CREATE_PAYOUT,,graph_only,confirmed,"api/app/Http/Route.php:12053;api/app/Http/Middleware/UserAccess.php:358,413,518"
route:api-monolith/POST payouts_batch,svc:api-monolith,implements,PayoutsBatchController@create,,,confirmed,api/app/Http/Route.php:2316
route:api-monolith/POST payouts_internal/{id}/approve,svc:api-monolith,implements,PayoutController@postApproveFundAccountPayoutInternal,,,confirmed,api/app/Http/Route.php:2420
route:api-monolith/POST payouts_internal/{id}/reject,svc:api-monolith,implements,PayoutController@postRejectFundAccountPayoutInternal,,,confirmed,api/app/Http/Route.php:2421
route:api-monolith/POST payouts_with_otp,role:workflow-role-set,gated_by,permission CREATE_PAYOUT,,graph_only,confirmed,"api/app/Http/Route.php:12054;api/app/Http/Middleware/UserAccess.php:358,413,518"
route:api-monolith/POST payouts_with_otp,svc:api-monolith,implements,PayoutController@postFundAccountPayoutWithOtp,,,confirmed,api/app/Http/Route.php:2320
route:api-monolith/POST wf-service/action,svc:api-monolith,implements,WorkflowServiceController@createAction,,,confirmed,api/app/Http/Route.php:2452
route:api-monolith/POST wf-service/configs,role:admin-permission-set,gated_by,permission WFS_CONFIG_CREATE,,graph_only,confirmed,api/app/Http/Route.php:11517;api/app/Http/Middleware/AdminAccess.php:285
route:api-monolith/POST wf-service/configs,svc:api-monolith,implements,WorkflowServiceController@createConfig,,,confirmed,api/app/Http/Route.php:2444
route:api-monolith/POST wf-service/state/callback,svc:api-monolith,implements,WorkflowServiceController@createWorkflowStateMap,,,confirmed,api/app/Http/Route.php:2448
route:api-monolith/POST workflow/config,role:workflow-role-set,gated_by,permission SELF_SERVE_WORKFLOW_CONFIG,,graph_only,confirmed,"api/app/Http/Route.php:12504;api/app/Http/Middleware/UserAccess.php:358,413,518"
route:api-monolith/POST workflow/config,svc:api-monolith,implements,WorkflowConfigController@create,,,confirmed,api/app/Http/Route.php:2121
route:api-monolith/POST xperience/bulk-payouts/approve,role:workflow-role-set,gated_by,permission APPROVE_PAYOUT,,graph_only,confirmed,"api/app/Http/Route.php:12522;api/app/Http/Middleware/UserAccess.php:358,413,518"
route:api-monolith/POST xperience/bulk-payouts/approve,svc:api-monolith,implements,XperienceController@approveBulkPayouts,,,confirmed,api/app/Http/Route.php:2154
route:batch/GET /batch-entry,svc:batch,implements,BatchEntryController.search,,,confirmed,batch/src/main/java/com/razorpay/batch/api/BatchEntryController.java:37-45
route:batch/GET /batch/{id},svc:batch,implements,BatchController.getById,,,confirmed,batch/src/main/java/com/razorpay/batch/api/BatchController.java:103-112
route:batch/GET /direct/batch,svc:batch,implements,ApiController,,,confirmed,batch/src/main/java/com/razorpay/batch/api/ApiController.java:69-79
route:batch/GET /health_check,svc:batch,implements,HealthCheckController,,,confirmed,batch/src/main/java/com/razorpay/batch/api/HealthCheckController.java:24-41
route:batch/POST /batch,svc:batch,implements,BatchController.create,,,confirmed,batch/src/main/java/com/razorpay/batch/api/BatchController.java:48-59
route:batch/POST /batch/{batchId}/{action},svc:batch,implements,BatchController lifecycle action,,,confirmed,batch/src/main/java/com/razorpay/batch/api/BatchController.java:191-215
route:batch/POST /direct/validate,svc:batch,implements,ApiController.validate,,,confirmed,batch/src/main/java/com/razorpay/batch/api/ApiController.java:93-108
route:batch/PUT /batch,svc:batch,implements,BatchController.process,,,confirmed,batch/src/main/java/com/razorpay/batch/api/BatchController.java:61-72
route:cfa/GET /v1/fund_accounts,flag:cfa-config/enable_cfa_db_tidb,gated_by,,,real_source_running,confirmed,
route:cfa/POST /v1/contacts,state:contact-type/customer,implements,,,real_source_running,confirmed,
route:cfa/POST /v1/contacts,state:contact-type/employee,implements,,,real_source_running,confirmed,
route:cfa/POST /v1/contacts,state:contact-type/rzp_capital_collections,implements,,,real_source_running,confirmed,
route:cfa/POST /v1/contacts,state:contact-type/rzp_charge_collections,implements,,,real_source_running,confirmed,
route:cfa/POST /v1/contacts,state:contact-type/rzp_fees,implements,,,real_source_running,confirmed,
route:cfa/POST /v1/contacts,state:contact-type/rzp_tax_pay,implements,,,real_source_running,confirmed,
route:cfa/POST /v1/contacts,state:contact-type/rzp_xpayroll,implements,,,real_source_running,confirmed,
route:cfa/POST /v1/contacts,state:contact-type/self,implements,,,real_source_running,confirmed,
route:cfa/POST /v1/contacts,state:contact-type/vendor,implements,,,real_source_running,confirmed,
route:cfa/POST /v1/fund_accounts,flag:dcs/skip_ifsc_lookup,gated_by,,,high_fidelity_replacement,confirmed,
route:cfa/POST /v1/fund_accounts,flag:splitz/cfa_service_control_experiment,gated_by,,,graph_only,confirmed,
route:cfa/POST /v1/fund_accounts,state:fund-account-type/bank_account,implements,,,real_source_running,confirmed,
route:cfa/POST /v1/fund_accounts,state:fund-account-type/card,implements,,,real_source_running,confirmed,
route:cfa/POST /v1/fund_accounts,state:fund-account-type/mobile,implements,,,graph_only,confirmed,
route:cfa/POST /v1/fund_accounts,state:fund-account-type/vpa,implements,,,real_source_running,confirmed,
route:cfa/POST /v1/fund_accounts,state:fund-account-type/wallet_account,implements,,,real_source_running,confirmed,
route:edge-kong/GET /v1/contacts,svc:api-monolith,calls,Kong upstream,,,confirmed,terraform-kong/prod/api/api.tf:139-178
route:edge-kong/GET /v1/contacts,svc:edge-kong,implements,terraform-kong route definition,,,confirmed,terraform-kong/prod/api/api.tf:139-178
route:edge-kong/GET /v1/fund_accounts,svc:api-monolith,calls,Kong upstream,,,confirmed,terraform-kong/prod/api/api.tf:671-685
route:edge-kong/GET /v1/fund_accounts,svc:edge-kong,implements,terraform-kong route definition,,,confirmed,terraform-kong/prod/api/api.tf:671-685
route:edge-kong/GET /v1/payouts (cutover devstack),svc:edge-kong,implements,terraform-kong route definition,,,confirmed,terraform-kong/base/payouts-proxy-cutover/config.tf:1
route:edge-kong/GET /v1/payouts (cutover devstack),svc:payouts-api,calls,Kong upstream,,,confirmed,terraform-kong/base/payouts-proxy-cutover/config.tf:1
route:edge-kong/GET /v1/payouts/schedule/timeslots,svc:edge-kong,implements,terraform-kong route definition,,,confirmed,terraform-kong/templates/payouts-proxy-cutover/payouts-dashboard-routes.tf:1
route:edge-kong/GET /v1/payouts/schedule/timeslots,svc:payouts-api,calls,Kong upstream,,,confirmed,terraform-kong/templates/payouts-proxy-cutover/payouts-dashboard-routes.tf:1
route:edge-kong/GET /v1/payouts/{id},svc:api-monolith,calls,Kong upstream,,,confirmed,terraform-kong/prod/api/api.tf:655-661
route:edge-kong/GET /v1/payouts/{id},svc:edge-kong,implements,terraform-kong route definition,,,confirmed,terraform-kong/prod/api/api.tf:655-661
route:edge-kong/POST /v1/payouts,svc:api-monolith,calls,Kong upstream,,,confirmed,terraform-kong/prod/api/api.tf:663-669
route:edge-kong/POST /v1/payouts,svc:edge-kong,implements,terraform-kong route definition,,,confirmed,terraform-kong/prod/api/api.tf:663-669
route:edge-kong/POST /v1/payouts/{id}/approve,svc:api-monolith,calls,Kong upstream,,,confirmed,terraform-kong/prod/api/api.tf:695-717
route:edge-kong/POST /v1/payouts/{id}/approve,svc:edge-kong,implements,terraform-kong route definition,,,confirmed,terraform-kong/prod/api/api.tf:695-717
route:edge-kong/POST /v1/payouts_with_otp,svc:api-monolith,calls,Kong upstream,,,confirmed,terraform-kong/prod/api/api.tf:719-725
route:edge-kong/POST /v1/payouts_with_otp,svc:edge-kong,implements,terraform-kong route definition,,,confirmed,terraform-kong/prod/api/api.tf:719-725
route:edge-kong/POST /v1/payouts_with_otp (dashboard),svc:api-monolith,calls,Kong upstream,,,confirmed,terraform-kong/prod/api-dashboard/templates/merchant-dashboard.tf:2254-2257
route:edge-kong/POST /v1/payouts_with_otp (dashboard),svc:edge-kong,implements,terraform-kong route definition,,,confirmed,terraform-kong/prod/api-dashboard/templates/merchant-dashboard.tf:2254-2257
route:fts/PATCH /v1/attempts/:action,queue:fts_live_process_attempt_update,produces,PerformAttemptAction -> enqueue process_attempt_update,,real_source_mapped_not_running,confirmed,fts/internal/transfer/service.go:891-895
route:fts/POST /v1/transfer,flag:payouts-config/fts_request_from_ps,gated_by,"caller side: PS calls FTS directly only when enabled, else monolith create_fta",,real_source_running,confirmed,payouts/internal/app/payouts/core.go:5933
route:fts/POST /v1/transfer,queue:fts_live_initiate_transfer,produces,enqueueTransferForProcessing -> process_transfer task (task_worker_map process_transfer=initiate_transfer; bank-scoped names route to <bank>::initiate_transfer),,real_source_running,confirmed,fts/internal/transfer/service.go:258;fts/config/env.default.toml:307-308
route:fts/POST /v1/transfer,state:fts_transfer/created,transitions,CreateNewTransfer event_created,,real_source_running,confirmed,fts/internal/transfer/service.go:322
route:fts/POST /v1/transfer,table:fts/transfer_meta,writes,extraTransferMetaFromCtx (X-Origin header -> origin_service; default 'API'),,real_source_running,confirmed,fts/internal/transfer/service.go:1889-1910;fts/internal/constants/request_mode.go:16
route:ledger/POST /twirp/rzp.ledger.journal.v1.JournalAPI/Create,event:ledger/da_ext_credit,implements,ledger_config rule match (transactor_event=da_ext_credit),,real_source_running,confirmed,
route:ledger/POST /twirp/rzp.ledger.journal.v1.JournalAPI/Create,event:ledger/da_ext_credit.legacy,implements,ledger_config rule match (transactor_event=da_ext_credit AND data_movement_strategy=da_legacy_data_migration),,graph_only,confirmed,
route:ledger/POST /twirp/rzp.ledger.journal.v1.JournalAPI/Create,event:ledger/da_ext_debit,implements,ledger_config rule match (transactor_event=da_ext_debit),,real_source_running,confirmed,
route:ledger/POST /twirp/rzp.ledger.journal.v1.JournalAPI/Create,event:ledger/da_ext_debit.legacy,implements,ledger_config rule match (transactor_event=da_ext_debit AND data_movement_strategy=da_legacy_data_migration),,graph_only,confirmed,
route:ledger/POST /twirp/rzp.ledger.journal.v1.JournalAPI/Create,event:ledger/da_ext_fee_payout_processed,implements,ledger_config rule match (transactor_event=da_ext_fee_payout_processed),,real_source_mapped_not_running,confirmed,
route:ledger/POST /twirp/rzp.ledger.journal.v1.JournalAPI/Create,event:ledger/da_ext_fee_payout_reversed,implements,ledger_config rule match (transactor_event=da_ext_fee_payout_reversed),,real_source_mapped_not_running,confirmed,
route:ledger/POST /twirp/rzp.ledger.journal.v1.JournalAPI/Create,event:ledger/da_ext_payout_processed,implements,ledger_config rule match (transactor_event=da_ext_payout_processed),,real_source_mapped_not_running,confirmed,
route:ledger/POST /twirp/rzp.ledger.journal.v1.JournalAPI/Create,event:ledger/da_ext_payout_reversed,implements,ledger_config rule match (transactor_event=da_ext_payout_reversed),,real_source_mapped_not_running,confirmed,
route:ledger/POST /twirp/rzp.ledger.journal.v1.JournalAPI/Create,event:ledger/da_fee_payout_processed,implements,ledger_config rule match (transactor_event=da_fee_payout_processed),,real_source_mapped_not_running,confirmed,
route:ledger/POST /twirp/rzp.ledger.journal.v1.JournalAPI/Create,event:ledger/da_fee_payout_reversed,implements,ledger_config rule match (transactor_event=da_fee_payout_reversed),,real_source_mapped_not_running,confirmed,
route:ledger/POST /twirp/rzp.ledger.journal.v1.JournalAPI/Create,event:ledger/da_payout_processed,implements,ledger_config rule match (transactor_event=da_payout_processed),,high_fidelity_replacement,confirmed,
route:ledger/POST /twirp/rzp.ledger.journal.v1.JournalAPI/Create,event:ledger/da_payout_processed.reward,implements,ledger_config rule match (transactor_event=da_payout_processed AND fee_accounting=reward),,real_source_mapped_not_running,confirmed,
route:ledger/POST /twirp/rzp.ledger.journal.v1.JournalAPI/Create,event:ledger/da_payout_processed_recon,implements,ledger_config rule match (transactor_event=da_payout_processed_recon),,high_fidelity_replacement,confirmed,
route:ledger/POST /twirp/rzp.ledger.journal.v1.JournalAPI/Create,event:ledger/da_payout_reversed,implements,ledger_config rule match (transactor_event=da_payout_reversed),,high_fidelity_replacement,confirmed,
route:ledger/POST /twirp/rzp.ledger.journal.v1.JournalAPI/Create,event:ledger/da_payout_reversed.reward,implements,ledger_config rule match (transactor_event=da_payout_reversed AND fee_accounting=reward),,real_source_mapped_not_running,confirmed,
route:ledger/POST /twirp/rzp.ledger.journal.v1.JournalAPI/Create,event:ledger/da_payout_reversed_recon,implements,ledger_config rule match (transactor_event=da_payout_reversed_recon),,high_fidelity_replacement,confirmed,
route:ledger/POST /twirp/rzp.ledger.journal.v1.JournalAPI/Create,event:ledger/fav_failed,implements,ledger_config rule match (transactor_event=fav_failed),,real_source_running,confirmed,
route:ledger/POST /twirp/rzp.ledger.journal.v1.JournalAPI/Create,event:ledger/fav_initiated,implements,ledger_config rule match (transactor_event=fav_initiated),,real_source_running,confirmed,
route:ledger/POST /twirp/rzp.ledger.journal.v1.JournalAPI/Create,event:ledger/fav_processed,implements,ledger_config rule match (transactor_event=fav_processed),,real_source_running,confirmed,
route:ledger/POST /twirp/rzp.ledger.journal.v1.JournalAPI/Create,event:ledger/fav_reversed,implements,ledger_config rule match (transactor_event=fav_reversed),,real_source_running,confirmed,
route:ledger/POST /twirp/rzp.ledger.journal.v1.JournalAPI/Create,event:ledger/fund_loading_expired,implements,ledger_config rule match (transactor_event=fund_loading_expired AND fee_accounting=reward),,real_source_mapped_not_running,confirmed,
route:ledger/POST /twirp/rzp.ledger.journal.v1.JournalAPI/Create,event:ledger/fund_loading_processed,implements,ledger_config rule match (transactor_event=fund_loading_processed),,real_source_mapped_not_running,confirmed,
route:ledger/POST /twirp/rzp.ledger.journal.v1.JournalAPI/Create,event:ledger/fund_loading_processed.reward,implements,ledger_config rule match (transactor_event=fund_loading_processed AND fee_accounting=reward),,real_source_mapped_not_running,confirmed,
route:ledger/POST /twirp/rzp.ledger.journal.v1.JournalAPI/Create,event:ledger/inter_account_credit_processed,implements,ledger_config rule match (transactor_event=inter_account_credit_processed),,real_source_mapped_not_running,confirmed,
route:ledger/POST /twirp/rzp.ledger.journal.v1.JournalAPI/Create,event:ledger/inter_account_payout_failed,implements,ledger_config rule match (transactor_event=inter_account_payout_failed),,real_source_mapped_not_running,confirmed,
route:ledger/POST /twirp/rzp.ledger.journal.v1.JournalAPI/Create,event:ledger/inter_account_payout_initiated,implements,ledger_config rule match (transactor_event=inter_account_payout_initiated),,real_source_mapped_not_running,confirmed,
route:ledger/POST /twirp/rzp.ledger.journal.v1.JournalAPI/Create,event:ledger/inter_account_payout_processed,implements,ledger_config rule match (transactor_event=inter_account_payout_processed),,real_source_mapped_not_running,confirmed,
route:ledger/POST /twirp/rzp.ledger.journal.v1.JournalAPI/Create,event:ledger/inter_account_payout_reversed,implements,ledger_config rule match (transactor_event=inter_account_payout_reversed),,real_source_mapped_not_running,confirmed,
route:ledger/POST /twirp/rzp.ledger.journal.v1.JournalAPI/Create,event:ledger/my_payout_initiated,implements,ledger_config rule match (transactor_event=payout_initiated (Malaysia tenant variant)),,graph_only,confirmed,
route:ledger/POST /twirp/rzp.ledger.journal.v1.JournalAPI/Create,event:ledger/negative_adjustment_processed,implements,ledger_config rule match (transactor_event=negative_adjustment_processed),,real_source_mapped_not_running,confirmed,
route:ledger/POST /twirp/rzp.ledger.journal.v1.JournalAPI/Create,event:ledger/payout_failed,implements,ledger_config rule match (transactor_event=payout_failed),,real_source_running,confirmed,
route:ledger/POST /twirp/rzp.ledger.journal.v1.JournalAPI/Create,event:ledger/payout_failed.reward,implements,ledger_config rule match (transactor_event=payout_failed AND fee_accounting=reward),,real_source_mapped_not_running,confirmed,
route:ledger/POST /twirp/rzp.ledger.journal.v1.JournalAPI/Create,event:ledger/payout_initiated,implements,ledger_config rule match (transactor_event=payout_initiated),,real_source_running,confirmed,
route:ledger/POST /twirp/rzp.ledger.journal.v1.JournalAPI/Create,event:ledger/payout_initiated.legacy,implements,ledger_config rule match (transactor_event=payout_initiated AND data_movement_strategy=legacy),,graph_only,confirmed,
route:ledger/POST /twirp/rzp.ledger.journal.v1.JournalAPI/Create,event:ledger/payout_initiated.reward,implements,ledger_config rule match (transactor_event=payout_initiated AND fee_accounting=reward),,real_source_mapped_not_running,confirmed,
route:ledger/POST /twirp/rzp.ledger.journal.v1.JournalAPI/Create,event:ledger/payout_processed,implements,ledger_config rule match (transactor_event=payout_processed),,real_source_running,confirmed,
route:ledger/POST /twirp/rzp.ledger.journal.v1.JournalAPI/Create,event:ledger/payout_processed.reward,implements,ledger_config rule match (transactor_event=payout_processed AND fee_accounting=reward),,real_source_mapped_not_running,confirmed,
route:ledger/POST /twirp/rzp.ledger.journal.v1.JournalAPI/Create,event:ledger/payout_reversed,implements,ledger_config rule match (transactor_event=payout_reversed),,real_source_running,confirmed,
route:ledger/POST /twirp/rzp.ledger.journal.v1.JournalAPI/Create,event:ledger/payout_reversed.legacy,implements,ledger_config rule match (transactor_event=payout_reversed AND data_movement_strategy=legacy),,graph_only,confirmed,
route:ledger/POST /twirp/rzp.ledger.journal.v1.JournalAPI/Create,event:ledger/payout_reversed.reward,implements,ledger_config rule match (transactor_event=payout_reversed AND fee_accounting=reward),,real_source_mapped_not_running,confirmed,
route:ledger/POST /twirp/rzp.ledger.journal.v1.JournalAPI/Create,event:ledger/penny_expense_settlement,implements,ledger_config rule match (transactor_event=penny_expense_settlement),,real_source_mapped_not_running,confirmed,
route:ledger/POST /twirp/rzp.ledger.journal.v1.JournalAPI/Create,event:ledger/positive_adjustment_processed,implements,ledger_config rule match (transactor_event=positive_adjustment_processed),,real_source_mapped_not_running,confirmed,
route:ledger/POST /twirp/rzp.ledger.journal.v1.JournalAPI/Create,event:ledger/va_to_va_credit_processed,implements,ledger_config rule match (transactor_event=va_to_va_credit_processed),,real_source_mapped_not_running,confirmed,
route:ledger/POST /twirp/rzp.ledger.journal.v1.JournalAPI/Create,event:ledger/va_to_va_payout_failed,implements,ledger_config rule match (transactor_event=va_to_va_payout_failed),,real_source_running,confirmed,
route:ledger/POST /twirp/rzp.ledger.journal.v1.JournalAPI/Create,event:ledger/va_to_va_payout_initiated,implements,ledger_config rule match (transactor_event=va_to_va_payout_initiated),,real_source_running,confirmed,
route:ledger/POST /twirp/rzp.ledger.journal.v1.JournalAPI/Create,flag:splitz/merchantBalanceAsyncUpdateExperiment,gated_by,,,real_source_mapped_not_running,inferred,
route:ledger/POST /twirp/rzp.ledger.journal.v1.JournalAPI/Create,queue:prod-ledger-balance-update-live,produces,EnqueueBalanceUpdateRequest for async accounts,,real_source_running,confirmed,"ledger/internal/journal/core.go:1231,1444"
route:ledger/POST /twirp/rzp.ledger.journal.v1.JournalAPI/Create,queue:prod-ledger-entry-details-create-live,produces,pushBalanceAndLedgerEntryDetailsToSQS,,real_source_running,confirmed,ledger/internal/journal/core.go:1444
route:ledger/POST /twirp/rzp.ledger.journal.v1.JournalAPI/Create,topic:journal-created,produces,,,real_source_mapped_not_running,confirmed,
route:payouts/PATCH /v1/workflow/state/{id},svc:payouts-api,implements,WorkflowService.UpdateWorkflowStateMap,,,confirmed,payouts/internal/routing/router/workflow_routes.go:25-30
route:payouts/POST /v1/banking_account_statement/process/batch,event:ledger/da_ext_debit,produces,NotifyLedgerOnLinking (external),,real_source_running,confirmed,
route:payouts/POST /v1/banking_account_statement/process/batch,route:api-monolith/POST /v1/banking_account_statement/payout_update,calls,SendUpdatesToPayoutSource 6-field body,,high_fidelity_replacement,confirmed,payouts/pkg/api/bas_recon_payout_update.go:14-74
route:payouts/POST /v1/banking_account_statement/process/batch,table:payouts/banking_account_statement,writes,,,real_source_running,confirmed,
route:payouts/POST /v1/cron/process_batch_submitted_payouts,queue:batch_submitted_merchants,produces,"worker.Perform(NewBatchSubmittedMerchantsJob, 0) per distinct merchant",,,confirmed,payouts/internal/app/payouts/bulk_payout_helper.go:62-63
route:payouts/POST /v1/cron/process_batch_submitted_payouts,svc:payouts-api,implements,PayoutService.InitiateBatchSubmittedPayouts,,,confirmed,"payouts/internal/routing/router/cron_routes.go:12-16,40-49"
route:payouts/POST /v1/payouts/banking_account_statement/payout_update,event:ledger/da_payout_processed,produces,SendLedgerEventPostBasLinking — COMMENTED OUT (2026-02 deprecation),,graph_only,confirmed,"payouts/internal/app/payouts/core.go:7209-7217,7284,7356"
route:payouts/POST /v1/payouts/banking_account_statement/payout_update,flag:splitz/xas_source_event_utr_and_grn_match_experiment,gated_by,,,high_fidelity_replacement,confirmed,
route:payouts/POST /v1/payouts/batch/process,svc:payouts-api,implements,PayoutService.InitiateBatchSubmittedPayouts,,,confirmed,payouts/internal/routing/router/payout_internal_routes.go:111-116
route:payouts/POST /v1/payouts/bulk,svc:payouts-api,implements,BulkPayoutsProcessorService.CreateBulkPayouts,,,confirmed,payouts/internal/routing/router/payout_internal_routes_with_passport.go:13-35
route:payouts/POST /v1/payouts/bulk/validate,svc:payouts-api,implements,PayoutService.PayoutsBulkValidate,,,confirmed,payouts/internal/routing/router/payout_bulk_routes.go:13-29
route:payouts/POST /v1/payouts/manual_action,svc:payouts-api,implements,AdminClient.ManualAction,,,confirmed,payouts/internal/routing/router/payout_internal_routes.go:20-25
route:payouts/POST /v1/payouts/payouts_internal/{payout_id}/approve,svc:payouts-api,implements,PayoutService.ApprovePayout,,,confirmed,"payouts/internal/routing/router/payout_internal_routes.go:14-18,69-74"
route:payouts/POST /v1/payouts/payouts_internal/{payout_id}/reject,svc:payouts-api,implements,PayoutService.RejectPayout,,,confirmed,payouts/internal/routing/router/payout_internal_routes.go:75-80
route:payouts/POST /v1/workflow/state,svc:payouts-api,implements,WorkflowService.CreateWorkflowStateMap,,,confirmed,payouts/internal/routing/router/workflow_routes.go:12-24
route:recon/POST /workflow_file,topic:prod-recon-workflow,produces,RQ process_workflow_file -> rows with approved=yes -> push_workflow_payload_to_kafka (the workflow_payload column is pushed VERBATIM),,graph_only,confirmed,"recon/app/redis_queue_worker/jobs.py:71;recon/app/web/services/workflow_file_processing.py:49,82-105,549-551"
route:workflows/ActionAPI.Create,svc:workflows,implements,server.go:26,,,confirmed,workflows/internal/entities/action/server.go:26
route:workflows/ActionAPI.CreateDirectOnWorkflow,svc:workflows,implements,server.go:198,,,confirmed,workflows/internal/entities/action/server.go:198
route:workflows/ActionAPI.CreateWithEntityId,svc:workflows,implements,server.go:70,,,confirmed,workflows/internal/entities/action/server.go:70
route:workflows/ActionAPI.List,svc:workflows,implements,server.go:140,,,confirmed,workflows/internal/entities/action/server.go:140
route:workflows/CommentAPI.Create,svc:workflows,implements,server.go:22,,,confirmed,workflows/internal/entities/comment/server.go:22
route:workflows/ConfigAPI.Create,svc:workflows,implements,server.go:187,,,confirmed,workflows/internal/entities/config/server.go:187
route:workflows/ConfigAPI.CreateV2,svc:workflows,implements,server.go:32,,,confirmed,workflows/internal/entities/config/server.go:32
route:workflows/ConfigAPI.DeleteV2,svc:workflows,implements,server.go:151,,,confirmed,workflows/internal/entities/config/server.go:151
route:workflows/ConfigAPI.Get,svc:workflows,implements,server.go:223,,,confirmed,workflows/internal/entities/config/server.go:223
route:workflows/ConfigAPI.List,svc:workflows,implements,server.go:251,,,confirmed,workflows/internal/entities/config/server.go:251
route:workflows/ConfigAPI.UpdateV2,svc:workflows,implements,server.go:90,,,confirmed,workflows/internal/entities/config/server.go:90
route:workflows/HealthCheckAPI.Check,svc:workflows,implements,server.go:25,,,confirmed,workflows/pkg/health/server.go:25
route:workflows/WorkflowAPI.AddAssignee,svc:workflows,implements,server.go:297,,,confirmed,workflows/internal/entities/workflow/server.go:297
route:workflows/WorkflowAPI.AdminAction,svc:workflows,implements,server.go:355,,,confirmed,workflows/internal/entities/workflow/server.go:355
route:workflows/WorkflowAPI.Create,svc:workflows,implements,server.go:30,,,confirmed,workflows/internal/entities/workflow/server.go:30
route:workflows/WorkflowAPI.Get,svc:workflows,implements,server.go:101,,,confirmed,workflows/internal/entities/workflow/server.go:101
route:workflows/WorkflowAPI.List,svc:workflows,implements,server.go:238,,,confirmed,workflows/internal/entities/workflow/server.go:238
route:workflows/WorkflowAPI.ListByIds,svc:workflows,implements,server.go:129,,,confirmed,workflows/internal/entities/workflow/server.go:129
route:workflows/WorkflowAPI.ListPending,svc:workflows,implements,server.go:160,,,confirmed,workflows/internal/entities/workflow/server.go:160
route:workflows/WorkflowAPI.RemoveAssignee,svc:workflows,implements,server.go:332,,,confirmed,workflows/internal/entities/workflow/server.go:332
route:workflows/WorkflowAPI.Terminate,svc:workflows,implements,server.go:276,,,confirmed,workflows/internal/entities/workflow/server.go:276
route:x-balances/POST /v1/cron/balance/{channel}/fetch,queue:x-balances-axis-balance-update-live,produces,,,real_source_mapped_not_running,confirmed,
route:x-balances/POST /v1/cron/balance/{channel}/fetch,queue:x-balances-icici-balance-update-live,produces,,,real_source_mapped_not_running,confirmed,
route:x-balances/POST /v1/cron/balance/{channel}/fetch,queue:x-balances-idfc-balance-update-live,produces,,,real_source_mapped_not_running,confirmed,
route:x-balances/POST /v1/cron/balance/{channel}/fetch,queue:x-balances-rbl-balance-update-live,produces,,,real_source_mapped_not_running,confirmed,
route:x-balances/POST /v1/cron/balance/{channel}/fetch,queue:x-balances-slice-balance-update-live,produces,,,real_source_mapped_not_running,confirmed,
route:x-balances/POST /v1/cron/balance/{channel}/fetch,queue:x-balances-yesbank-balance-update-live,produces,,,real_source_mapped_not_running,confirmed,
route:xas/POST /v1/banking_account_statement/fetch/initiate,queue:prod-x-account-statements-fetch-sqs,produces,,,real_source_mapped_not_running,confirmed,
route:xas/POST /v1/source_event/fetch,route:api-monolith/GET /v1/payouts_internal/{id}/source_event_info,calls,,,high_fidelity_replacement,confirmed,
route:xas/POST /v1/statement/dual_write,route:api-monolith/POST /v1/banking_account_statement/payout_update,calls,,,high_fidelity_replacement,confirmed,
route:xperience/GET /v1/bulk-payouts/_meta/summary,svc:xperience,implements,xperience RPC bulk_payouts_meta_summary,,,confirmed,xperience/internal/routes/routes.go:17-34
route:xperience/GET /v1/bulk-payouts/fetch/all,svc:xperience,implements,xperience RPC bulk_payouts_fetch_all,,,confirmed,xperience/internal/routes/routes.go:17-34
route:xperience/GET /v1/bulk-payouts/fetch/me,svc:xperience,implements,xperience RPC bulk_payouts_fetch_my,,,confirmed,xperience/internal/routes/routes.go:17-34
route:xperience/GET /v1/bulk-payouts/fetch/my-approvals,svc:xperience,implements,xperience RPC bulk_payouts_fetch_my_approvals,,,confirmed,xperience/internal/routes/routes.go:17-34
route:xperience/GET /v1/bulk-payouts/pending,svc:xperience,implements,xperience RPC bulk_payouts_fetch_pending,,,confirmed,xperience/internal/routes/routes.go:17-34
route:xperience/GET /v1/bulk-payouts/workflow/summary,svc:xperience,implements,xperience RPC bulk_payouts_workflow_summary,,,confirmed,xperience/internal/routes/routes.go:17-34
route:xperience/GET /v1/bulk-payouts/{id},svc:xperience,implements,xperience RPC bulk_payout_get,,,confirmed,xperience/internal/routes/routes.go:17-34
route:xperience/GET /v1/bulk-payouts/{id}/rows,svc:xperience,implements,xperience RPC bulk_payout_get_rows,,,confirmed,xperience/internal/routes/routes.go:17-34
route:xperience/POST /v1/bulk-payouts,svc:xperience,implements,xperience RPC bulk_payout_create,,,confirmed,xperience/internal/routes/routes.go:17-34
route:xperience/POST /v1/bulk-payouts/approve,svc:xperience,implements,xperience RPC bulk_payouts_bulk_approve,,,confirmed,xperience/internal/routes/routes.go:17-34
route:xperience/POST /v1/bulk-payouts/reject,svc:xperience,implements,xperience RPC bulk_payouts_bulk_reject,,,confirmed,xperience/internal/routes/routes.go:17-34
route:xperience/POST /v1/bulk-payouts/reject/owner,svc:xperience,implements,xperience RPC bulk_payouts_owner_reject,,,confirmed,xperience/internal/routes/routes.go:17-34
route:xperience/POST /v1/bulk-payouts/validate,svc:xperience,implements,xperience RPC bulk_payout_create (validate phase),,,confirmed,xperience/internal/routes/routes.go:17-34
route:xperience/POST /v1/bulk-payouts/{id}/process,svc:xperience,implements,xperience RPC bulk_payout_process,,,confirmed,xperience/internal/routes/routes.go:17-34
state:fts_attempt/created,state:fts_attempt/failed,transitions,event_failed,,real_source_running,confirmed,fts/internal/transfer/state_machine.go:37-79
state:fts_attempt/created,state:fts_attempt/failed_internal,transitions,event_failed_internal,,real_source_running,confirmed,fts/internal/transfer/state_machine.go:37-79
state:fts_attempt/created,state:fts_attempt/initiated,transitions,event_initiated,,real_source_running,confirmed,fts/internal/transfer/state_machine.go:37-79
state:fts_attempt/failed,state:fts_attempt/retry,transitions,event_retry,,real_source_running,confirmed,fts/internal/transfer/state_machine.go:37-79
state:fts_attempt/initiated,state:fts_attempt/failed,transitions,event_failed,,real_source_running,confirmed,fts/internal/transfer/state_machine.go:37-79
state:fts_attempt/initiated,state:fts_attempt/processed,transitions,event_processed,,real_source_running,confirmed,fts/internal/transfer/state_machine.go:37-79
state:fts_attempt/new,state:fts_attempt/created,transitions,event_created,,real_source_running,confirmed,fts/internal/transfer/state_machine.go:37-79
state:fts_attempt/processed,state:fts_attempt/reversed,transitions,event_reversed,,real_source_running,confirmed,fts/internal/transfer/state_machine.go:37-79
state:fts_attempt/retry,state:fts_attempt/initiated,transitions,event_initiated,,real_source_running,confirmed,fts/internal/transfer/state_machine.go:37-79
state:fts_transfer/created,state:fts_transfer/failed,transitions,event_failed,,real_source_running,confirmed,fts/internal/transfer/state_machine.go:81-118
state:fts_transfer/created,state:fts_transfer/initiated,transitions,event_initiated,,real_source_running,confirmed,fts/internal/transfer/state_machine.go:81-118
state:fts_transfer/failed,state:fts_transfer/retry,transitions,event_retry,,real_source_running,confirmed,fts/internal/transfer/state_machine.go:81-118
state:fts_transfer/initiated,state:fts_transfer/failed,transitions,event_failed,,real_source_running,confirmed,fts/internal/transfer/state_machine.go:81-118
state:fts_transfer/initiated,state:fts_transfer/processed,transitions,event_processed,,real_source_running,confirmed,fts/internal/transfer/state_machine.go:81-118
state:fts_transfer/initiated,state:fts_transfer/retry,transitions,event_retry,,real_source_running,confirmed,fts/internal/transfer/state_machine.go:81-118
state:fts_transfer/initiated,state:fts_transfer/user_pending,transitions,event_user_pending,,real_source_running,confirmed,fts/internal/transfer/state_machine.go:81-118
state:fts_transfer/new,state:fts_transfer/created,transitions,event_created,,real_source_running,confirmed,fts/internal/transfer/state_machine.go:81-118
state:fts_transfer/processed,state:fts_transfer/reversed,transitions,event_reversed,,real_source_running,confirmed,fts/internal/transfer/state_machine.go:81-118
state:fts_transfer/retry,state:fts_transfer/failed,transitions,event_failed,,real_source_running,confirmed,fts/internal/transfer/state_machine.go:81-118
state:fts_transfer/retry,state:fts_transfer/initiated,transitions,event_initiated,,real_source_running,confirmed,fts/internal/transfer/state_machine.go:81-118
state:fts_transfer/user_pending,state:fts_transfer/failed,transitions,event_failed,,real_source_running,confirmed,fts/internal/transfer/state_machine.go:81-118
state:fts_transfer/user_pending,state:fts_transfer/initiated,transitions,event_initiated,,real_source_running,confirmed,fts/internal/transfer/state_machine.go:81-118
state:fund-account/active,state:fund-account/inactive,transitions,PATCH /v1/fund_accounts/{id} active=false,,real_source_running,confirmed,
state:ledger-account/activated,state:ledger-account/archived,transitions,AccountAPI/Archive,,real_source_running,confirmed,
state:ledger-account/activated,state:ledger-account/deactivated,transitions,AccountAPI/Deactivate,,real_source_running,confirmed,
state:ledger-account/in_review,state:ledger-account/activated,transitions,AccountAPI/Activate,,real_source_running,confirmed,
state:payout/batch_submitted,state:payout/created,transitions,event created,,real_source_running,confirmed,payouts/internal/app/payouts/state_machine.go:128
state:payout/batch_submitted,state:payout/failed,transitions,event failed,,real_source_running,confirmed,payouts/internal/app/payouts/state_machine.go:189
state:payout/batch_submitted,state:payout/ledger_response_awaited,transitions,event ledger_response_awaited,,real_source_running,confirmed,payouts/internal/app/payouts/state_machine.go:153
state:payout/batch_submitted,state:payout/on_hold,transitions,event on_hold,,real_source_running,confirmed,payouts/internal/app/payouts/state_machine.go:407
state:payout/batch_submitted,state:payout/reversed,transitions,event reversed,,real_source_running,confirmed,payouts/internal/app/payouts/state_machine.go:251
state:payout/create_request_submitted,state:payout/batch_submitted,transitions,event batch_summit,,real_source_running,confirmed,payouts/internal/app/payouts/state_machine.go:330
state:payout/create_request_submitted,state:payout/created,transitions,event created,,real_source_running,confirmed,payouts/internal/app/payouts/state_machine.go:128
state:payout/create_request_submitted,state:payout/failed,transitions,event failed,,real_source_running,confirmed,payouts/internal/app/payouts/state_machine.go:189
state:payout/create_request_submitted,state:payout/ledger_response_awaited,transitions,event ledger_response_awaited,,real_source_running,confirmed,payouts/internal/app/payouts/state_machine.go:153
state:payout/create_request_submitted,state:payout/on_hold,transitions,event on_hold,,real_source_running,confirmed,payouts/internal/app/payouts/state_machine.go:407
state:payout/create_request_submitted,state:payout/pending,transitions,event pending,,real_source_running,confirmed,payouts/internal/app/payouts/state_machine.go:280
state:payout/create_request_submitted,state:payout/queued,transitions,event queued,,real_source_running,confirmed,payouts/internal/app/payouts/state_machine.go:355
state:payout/create_request_submitted,state:payout/reversed,transitions,event reversed,,real_source_running,confirmed,payouts/internal/app/payouts/state_machine.go:251
state:payout/create_request_submitted,state:payout/scheduled,transitions,event schedule,,real_source_running,confirmed,payouts/internal/app/payouts/state_machine.go:305
state:payout/created,state:payout/failed,transitions,event failed,,real_source_running,confirmed,payouts/internal/app/payouts/state_machine.go:189
state:payout/created,state:payout/initiated,transitions,event initiated,,real_source_running,confirmed,payouts/internal/app/payouts/state_machine.go:164
state:payout/created,state:payout/reversed,transitions,event reversed,,real_source_running,confirmed,payouts/internal/app/payouts/state_machine.go:251
state:payout/failed,state:payout/reversed,transitions,event reversed,,real_source_running,confirmed,payouts/internal/app/payouts/state_machine.go:251
state:payout/initiated,state:payout/failed,transitions,event failed,,real_source_running,confirmed,payouts/internal/app/payouts/state_machine.go:189
state:payout/initiated,state:payout/initiated,transitions,event initiated,,real_source_running,confirmed,payouts/internal/app/payouts/state_machine.go:164
state:payout/initiated,state:payout/processed,transitions,event processed,,real_source_running,confirmed,payouts/internal/app/payouts/state_machine.go:226
state:payout/initiated,state:payout/reversed,transitions,event reversed,,real_source_running,confirmed,payouts/internal/app/payouts/state_machine.go:251
state:payout/ledger_response_awaited,state:payout/created,transitions,event created,,real_source_running,confirmed,payouts/internal/app/payouts/state_machine.go:128
state:payout/ledger_response_awaited,state:payout/failed,transitions,event failed,,real_source_running,confirmed,payouts/internal/app/payouts/state_machine.go:189
state:payout/ledger_response_awaited,state:payout/queued,transitions,event queued,,real_source_running,confirmed,payouts/internal/app/payouts/state_machine.go:355
state:payout/ledger_response_awaited,state:payout/reversed,transitions,event reversed,,real_source_running,confirmed,payouts/internal/app/payouts/state_machine.go:251
state:payout/on_hold,state:payout/cancelled,transitions,event cancelled,,real_source_running,confirmed,payouts/internal/app/payouts/state_machine.go:380
state:payout/on_hold,state:payout/created,transitions,event created,,real_source_running,confirmed,payouts/internal/app/payouts/state_machine.go:128
state:payout/on_hold,state:payout/failed,transitions,event failed,,real_source_running,confirmed,payouts/internal/app/payouts/state_machine.go:189
state:payout/on_hold,state:payout/ledger_response_awaited,transitions,event ledger_response_awaited,,real_source_running,confirmed,payouts/internal/app/payouts/state_machine.go:153
state:payout/on_hold,state:payout/queued,transitions,event queued,,real_source_running,confirmed,payouts/internal/app/payouts/state_machine.go:355
state:payout/on_hold,state:payout/reversed,transitions,event reversed,,real_source_running,confirmed,payouts/internal/app/payouts/state_machine.go:251
state:payout/pending,state:payout/batch_submitted,transitions,event batch_summit,,real_source_running,confirmed,payouts/internal/app/payouts/state_machine.go:330
state:payout/pending,state:payout/created,transitions,event created,,real_source_running,confirmed,payouts/internal/app/payouts/state_machine.go:128
state:payout/pending,state:payout/failed,transitions,event failed,,real_source_running,confirmed,payouts/internal/app/payouts/state_machine.go:189
state:payout/pending,state:payout/ledger_response_awaited,transitions,event ledger_response_awaited,,real_source_running,confirmed,payouts/internal/app/payouts/state_machine.go:153
state:payout/pending,state:payout/on_hold,transitions,event on_hold,,real_source_running,confirmed,payouts/internal/app/payouts/state_machine.go:407
state:payout/pending,state:payout/queued,transitions,event queued,,real_source_running,confirmed,payouts/internal/app/payouts/state_machine.go:355
state:payout/pending,state:payout/rejected,transitions,event rejected,,real_source_running,confirmed,payouts/internal/app/payouts/state_machine.go:432
state:payout/pending,state:payout/reversed,transitions,event reversed,,real_source_running,confirmed,payouts/internal/app/payouts/state_machine.go:251
state:payout/pending,state:payout/scheduled,transitions,event schedule,,real_source_running,confirmed,payouts/internal/app/payouts/state_machine.go:305
state:payout/processed,state:payout/reversed,transitions,event reversed,,real_source_running,confirmed,payouts/internal/app/payouts/state_machine.go:251
state:payout/queued,state:payout/cancelled,transitions,event cancelled,,real_source_running,confirmed,payouts/internal/app/payouts/state_machine.go:380
state:payout/queued,state:payout/created,transitions,event created,,real_source_running,confirmed,payouts/internal/app/payouts/state_machine.go:128
state:payout/queued,state:payout/failed,transitions,event failed,,real_source_running,confirmed,payouts/internal/app/payouts/state_machine.go:189
state:payout/queued,state:payout/ledger_response_awaited,transitions,event ledger_response_awaited,,real_source_running,confirmed,payouts/internal/app/payouts/state_machine.go:153
state:payout/queued,state:payout/reversed,transitions,event reversed,,real_source_running,confirmed,payouts/internal/app/payouts/state_machine.go:251
state:payout/scheduled,state:payout/batch_submitted,transitions,event batch_summit,,real_source_running,confirmed,payouts/internal/app/payouts/state_machine.go:330
state:payout/scheduled,state:payout/cancelled,transitions,event cancelled,,real_source_running,confirmed,payouts/internal/app/payouts/state_machine.go:380
state:payout/scheduled,state:payout/created,transitions,event created,,real_source_running,confirmed,payouts/internal/app/payouts/state_machine.go:128
state:payout/scheduled,state:payout/failed,transitions,event failed,,real_source_running,confirmed,payouts/internal/app/payouts/state_machine.go:189
state:payout/scheduled,state:payout/ledger_response_awaited,transitions,event ledger_response_awaited,,real_source_running,confirmed,payouts/internal/app/payouts/state_machine.go:153
state:payout/scheduled,state:payout/on_hold,transitions,event on_hold,,real_source_running,confirmed,payouts/internal/app/payouts/state_machine.go:407
state:payout/scheduled,state:payout/queued,transitions,event queued,,real_source_running,confirmed,payouts/internal/app/payouts/state_machine.go:355
state:payout/scheduled,state:payout/reversed,transitions,event reversed,,real_source_running,confirmed,payouts/internal/app/payouts/state_machine.go:251
state:reservation/live,state:reservation/awaiting_balance_refresh,transitions,OnEvent(processed) MarkAwaitingBalanceRefresh,,real_source_running,confirmed,payouts/internal/app/payouts/reservation_hook.go:83-86
state:statement-link/external,state:statement-link/payout,transitions,converted_from_external (da_ext_payout_processed re-class),,real_source_mapped_not_running,confirmed,
state:statement-link/unlinked,state:statement-link/external,transitions,no match / Unreconciled,,high_fidelity_replacement,confirmed,
state:statement-link/unlinked,state:statement-link/payout,transitions,XAS enrich (debit) / PS batch Reconciled,,high_fidelity_replacement,confirmed,
state:statement-link/unlinked,state:statement-link/payout_reversal,transitions,XAS enrich (credit) / PS batch Reversed,,high_fidelity_replacement,confirmed,
state:sub-balance-limit/created,state:sub-balance-limit/failed,transitions,,,real_source_mapped_not_running,confirmed,
state:sub-balance-limit/created,state:sub-balance-limit/processed,transitions,,,real_source_mapped_not_running,confirmed,
state:x-balances-balance/active,state:x-balances-balance/under_maintenance,transitions,admin action,,real_source_running,probable,
sub:asv-stub,ext:account-service,implements,ENV2_COMPOSE substitute,,behavioural_placeholder,confirmed,ENV2_COMPOSE/substitutes/asv-stub/CONTRACT.md;ENV2_COMPOSE/docker-compose.yml:1771-1788
sub:asv-stub,svc:asv,implements,ENV2_COMPOSE/substitutes/asv-stub/CONTRACT.md,,behavioural_placeholder,confirmed,
sub:bankingaccounts-stub,svc:banking-accounts,implements,ENV2_COMPOSE substitute,,behavioural_placeholder,confirmed,ENV2_COMPOSE/substitutes/bankingaccounts-stub/CONTRACT.md;ENV2_COMPOSE/docker-compose.yml:1789-1808
sub:bankingaccounts-stub,svc:banking-accounts,implements,,,behavioural_placeholder,confirmed,
sub:bankingaccounts-stub,svc:banking-accounts,implements,ENV2_COMPOSE/substitutes/bankingaccounts-stub/CONTRACT.md,,behavioural_placeholder,confirmed,
sub:cron-driver,ext:fastcron,implements,ENV2_COMPOSE substitute,,behavioural_placeholder,confirmed,ENV2_COMPOSE/scripts/cron-driver/driver.py:36-56;ENV2_COMPOSE/docker-compose.yml:1996-2024
sub:cron-driver,ext:fastcron,implements,ENV2_COMPOSE/substitutes/cron-driver/CONTRACT.md,,behavioural_placeholder,confirmed,
sub:cron-driver,svc:payouts-api,calls,9 POST /v1/cron/* routes on fixed intervals,identity:service-basic-auth:fastcron,,confirmed,
sub:dcs-stub,svc:dcs,implements,ENV2_COMPOSE substitute,,high_fidelity_replacement,confirmed,ENV2_COMPOSE/substitutes/dcs-stub/CONTRACT.md;ENV2_COMPOSE/substitutes/dcs-stub/server.py;ENV2_COMPOSE/seeds/dcs/merchants.json;ENV2_COMPOSE/docker-compose.yml:1686-1706
sub:dcs-stub,svc:dcs,implements,ENV2_COMPOSE/substitutes/dcs-stub/CONTRACT.md,,high_fidelity_replacement,confirmed,
sub:kong-lite,svc:cfa-server,calls,/twirp/cfa,,,confirmed,
sub:kong-lite,svc:edge-kong,implements,ENV2_COMPOSE substitute,,high_fidelity_replacement,confirmed,ENV2_COMPOSE/substitutes/kong-lite/CONTRACT.md;ENV2_COMPOSE/docker-compose.yml:1598-1633
sub:kong-lite,svc:edge-kong,implements,ENV2_COMPOSE/substitutes/kong-lite/CONTRACT.md,,high_fidelity_replacement,confirmed,
sub:kong-lite,svc:fts-web,calls,/v1/fts,,,confirmed,
sub:kong-lite,svc:ledger-api,calls,/twirp/ledger,,,confirmed,
sub:kong-lite,svc:payouts-api,calls,"kong-lite route table (/v1/payouts,/v1/contacts,/v1/fund_accounts,/twirp/rzp.payouts)",identity:merchant-api-key -> minted passport,,confirmed,
sub:kong-lite,svc:xbalances-server,calls,/v1/balances,,,confirmed,
sub:ledger-da-onboarding,route:ledger/POST /twirp/rzp.ledger.account.v1.AccountAPI/CreateInBulk,calls,,,high_fidelity_replacement,confirmed,
sub:ledger-da-onboarding,route:ledger/POST /twirp/rzp.ledger.account.v1.AccountAPI/CreateOnEvent,calls,direct_merchant_onboarding,,high_fidelity_replacement,confirmed,
sub:ledger-gate,svc:ledger-api,calls,,,high_fidelity_replacement,confirmed,
sub:ledger-gate,svc:ledger-api,calls,verbatim proxy,,,confirmed,
sub:merchant-webhook-sink,ext:merchant-webhook-endpoint,implements,ENV2_COMPOSE substitute,,high_fidelity_replacement,confirmed,ENV2_COMPOSE/substitutes/merchant-webhook-sink/CONTRACT.md;ENV2_COMPOSE/docker-compose.yml:1840-1870
sub:merchant-webhook-sink,ext:merchant-webhook-endpoint,implements,ENV2_COMPOSE/substitutes/merchant-webhook-sink/CONTRACT.md,,high_fidelity_replacement,confirmed,
sub:monolith-stub,svc:api-monolith,implements,ENV2_COMPOSE substitute,,high_fidelity_replacement,confirmed,ENV2_COMPOSE/substitutes/monolith-stub/CONTRACT.md;ENV2_COMPOSE/substitutes/monolith-stub/server.py:240-261;ENV2_COMPOSE/seeds/pricing.json;ENV2_COMPOSE/docker-compose.yml:1650-1685
sub:monolith-stub,svc:api-monolith,implements,ENV2_COMPOSE/substitutes/monolith-stub/CONTRACT.md,,behavioural_placeholder,confirmed,
sub:monolith-stub,svc:fts-web,calls,create_fta relay (route B),,,confirmed,
sub:mozart-mock,svc:mozart,implements,ENV2_COMPOSE/substitutes/mozart-mock/CONTRACT.md,,blocked_missing_access,confirmed,
sub:mozart-sim,svc:mozart,implements,,,high_fidelity_replacement,confirmed,
sub:mozart-sim,svc:mozart,implements,ENV2_COMPOSE/substitutes/mozart-sim/CONTRACT.md,,behavioural_placeholder,confirmed,
sub:pricing-stub,svc:charge-collections,implements,ENV2_COMPOSE substitute,,behavioural_placeholder,confirmed,ENV2_COMPOSE/substitutes/pricing-stub/CONTRACT.md;ENV2_COMPOSE/docker-compose.yml:1750-1770
sub:shield-stub,svc:shield,implements,ENV2_COMPOSE substitute,,high_fidelity_replacement,confirmed,ENV2_COMPOSE/substitutes/shield-stub/CONTRACT.md;ENV2_COMPOSE/docker-compose.yml:1728-1749
sub:shield-stub,svc:shield,implements,ENV2_COMPOSE/substitutes/shield-stub/CONTRACT.md,,high_fidelity_replacement,confirmed,
sub:splitz-stub,svc:splitz,implements,ENV2_COMPOSE substitute,,high_fidelity_replacement,confirmed,"ENV2_COMPOSE/substitutes/splitz-stub/CONTRACT.md;ENV2_COMPOSE/substitutes/splitz-stub/server.py:29,69-95;ENV2_COMPOSE/seeds/splitz/experiments.json;ENV2_COMPOSE/docker-compose.yml:1707-1727"
sub:splitz-stub,svc:splitz,implements,ENV2_COMPOSE/substitutes/splitz-stub/CONTRACT.md,,behavioural_placeholder,confirmed,
sub:stork-capture,ext:merchant-webhook-endpoint,calls,ProcessEvent -> POST /webhook/{merchant_id} (HMAC-SHA256),,,confirmed,
sub:stork-capture,svc:stork,implements,ENV2_COMPOSE substitute,,high_fidelity_replacement,confirmed,ENV2_COMPOSE/substitutes/stork-capture/CONTRACT.md;ENV2_COMPOSE/substitutes/stork-capture/server.py;ENV2_COMPOSE/docker-compose.yml:1809-1839
sub:stork-capture,svc:stork,implements,ENV2_COMPOSE/substitutes/stork-capture/CONTRACT.md,,high_fidelity_replacement,confirmed,
sub:workflow-engine,route:payouts/POST /v1/payouts/payouts_internal/{payout_id}/approve,callback,"POST {PS_API_URL}{url_path from callback_details}, Basic rzp_live + auth_workflow_payouts, headers x-creator-id / X-Razorpay-Account plus an Idempotency-Key the REAL WFS does not send; success codes 200/201/409; max 5 attempts with linear backoff*attempt",identity:ps-cred-workflow,high_fidelity_replacement,confirmed,"ENV2_COMPOSE/substitutes/workflow-engine/wfengine/callbacks.py:26,107-149,164-200"
sub:workflow-engine,svc:payouts-api,calls,same callback contract (standalone; benchmark uses a payout-sink instead),identity:service-basic-auth:workflow,,confirmed,
sub:workflow-engine,svc:workflows,implements,reconstruction of the approval decision engine + payouts' WfCreate wire contract,,high_fidelity_replacement,confirmed,ENV2_COMPOSE/substitutes/workflow-engine/FIDELITY.md:1;reports/implementation/m5-source-map.md:1
sub:workflow-engine,svc:workflows,implements,ENV2_COMPOSE/substitutes/workflow-engine/CONTRACT.md,,high_fidelity_replacement,confirmed,
sub:workflow-sim,ext:workflows,implements,,,high_fidelity_replacement,confirmed,
sub:workflow-sim,svc:payouts-api,calls,approve/reject callback -> /v1/payouts/payouts_internal/{id}/approve|reject,identity:service-basic-auth:workflow,,confirmed,
sub:workflow-sim,svc:workflows,implements,create-only protocol stand-in,,behavioural_placeholder,confirmed,ENV2_COMPOSE/docker-compose.yml:1965-1972
sub:workflow-sim,svc:workflows,implements,ENV2_COMPOSE/substitutes/workflow-sim/CONTRACT.md,,behavioural_placeholder,confirmed,
sub:xas-sim,db:arena/localstack,calls,consumes the real x_account_statement_source_event SQS queue,,,confirmed,
sub:xas-sim,svc:x-account-statements,implements,ENV2_COMPOSE/substitutes/xas-sim/CONTRACT.md,,behavioural_placeholder,confirmed,
sub:xas-sim,svc:xas,implements,,,high_fidelity_replacement,confirmed,
sub:xas-sink,svc:x-account-statements,implements,ENV2_COMPOSE/substitutes/xas-sink/CONTRACT.md,,graph_only,confirmed,
svc:accounting-integrations,svc:dcs,calls,reads rzp/x/merchant/accounting/IntegrationSettings.sync_payouts,,graph_only,confirmed,accounting-integrations/config/prod.toml:182-186
svc:accounting-integrations,topic:prod-file-handler-event,produces,,,,probable,"accounting-integrations/config/prod.toml:244,252"
svc:accounting-integrations,topic:prod-initiate-report,produces,,,,probable,"accounting-integrations/config/prod.toml:333,341"
svc:accounting-integrations,topic:prod-items-update-event,produces,,,,probable,"accounting-integrations/config/prod.toml:268,276"
svc:accounting-integrations,topic:prod-zoho-invoice-fetch,produces,,,,probable,"accounting-integrations/config/prod.toml:384,392"
svc:accounting-integrations,topic:prod.x.vendor-payments.accounting-payouts.status-update,consumes,"VendorPaymentUpdateListener (Kafka, GroupID accounting-integrations)",,,confirmed,accounting-integrations/internal/service/job/vp_updates_listener.go:29-90
svc:admin-dashboard,svc:recon,calls,ART self-serve RX workflow file re-upload (FinOps),,graph_only,confirmed,
svc:api-monolith,queue:api-virtual-account-dual-write-live,consumes,,,graph_only,probable,
svc:api-monolith,queue:api-x-balance-dual-write-live,consumes,,,real_source_mapped_not_running,confirmed,
svc:api-monolith,queue:cfa-contact-dual-write-queue,consumes,,,graph_only,probable,
svc:api-monolith,queue:cfa-fund-account-dual-write-queue,consumes,,,graph_only,probable,
svc:api-monolith,queue:prod-api-validation-dual-write-live,consumes,,,,confirmed,ValidX/config/prod.toml:149-150;ValidX/internal/publisher/dual_write/publisher.go:81
svc:api-monolith,route:batch/POST /batch,calls,"app/Services/BatchMicroService.php -- Basic applications.batch.username/password (:79-85,449-452); multipart fields multipartFile, batchTypeId, version=2.0, name (:903-922); headers mode (:311,441), X-Creator-Id from X-Dashboard-User-Id (:299,312), X-Creator-Type (:313, null for payouts_batch_create :305-308, 'admin' for admin auth :338-345), X-Entity-Id (:317-330,456-459), rzpctx-dev-serve-user (:334-336)",identity:batch-inbound-basic,graph_only,confirmed,"api/app/Services/BatchMicroService.php:60-67,79-85,293,299-345,441-459,896-935"
svc:api-monolith,route:ledger/POST /twirp/rzp.ledger.account.v1.AccountAPI/CreateOnEvent,calls,shared_merchant_onboarding / direct_merchant_onboarding (prod caller),,high_fidelity_replacement,probable,"api/app/Models/Merchant/Balance/Ledger/Core.php:31,51"
svc:api-monolith,route:workflows/ActionAPI.CreateWithEntityId,calls,"app/Models/Workflow/Service/Client.php:25 createActionOnEntity -- payload {config_id, entity_id, entity_type, action, owner_id, owner_type='merchant', comment, data} plus enrichActorFieldsForActions (Adapter/Base.php:44-65,202-212) and getActorInfo (Client.php:342-416). Transport: app/Services/WorkflowService.php -- Basic applications.workflows.username/password (:61-64), headers X-User-Email (:27,75) and X-Task-Id (:29,76), POST-only, 2 attempts, 350ms timeout (:22,24,96,114)",identity:workflow-actor,behavioural_placeholder,confirmed,"api/app/Models/Workflow/Service/Client.php:25,342-416,447-483;api/app/Services/WorkflowService.php:22-29,61-76,96-114"
svc:api-monolith,route:workflows/ConfigAPI.CreateV2,calls,Client.php:34 CreateV2 -- the merchant self-serve workflow config (range/steps/roles),identity:service-basic-auth:workflows,graph_only,confirmed,"api/app/Models/Workflow/Service/Client.php:34;api/app/Http/Route.php:2121,8605"
svc:api-monolith,route:x-balances/POST /v1/cron/balance/{channel}/fetch,calls,stale-balance payout create (Splitz BALANCE_READ_CUTOFF_PAYOUT_CREATE),,real_source_mapped_not_running,probable,api/app/Models/Payout/Core.php:1954-2065;api/app/Services/XBalances.php:28-29
svc:api-monolith,svc:payout-links,callback,"twirp/payoutlinks.Payoutlinks/UpdatePayoutLinkStatus -- payout status -> payout-link status (PAYOUT_TO_PAYOUT_LINK_STATUSES: FAILED/REVERSED/REJECTED/CANCELLED->attempted, CREATED/INITIATED/PROCESSING/QUEUED/PENDING->processing, PROCESSED->processed)",identity:api-basic-auth:payout-links,graph_only,confirmed,api/app/Services/PayoutLinks.php:109;payout-links/internal/payoutlinks/status.go:52-66
svc:api-monolith,svc:validx,calls,POST /v2/internal/validations (FAV); Razorx-gated FAV_SERVICE_V2_ROUTING_ENABLED,identity:validx-basic-auth:api-monolith,graph_only,confirmed,api/app/Services/FavService/CreateV2.php:30;api/app/Models/FundAccount/Validation/Service.php:127
svc:api-monolith,svc:vendor-payments,callback,"twirp/vendorpayments.Vendorpayments/PayoutStatusChange -- duplicate status pushes are rejected ('payout webhook duplicate request'), guarded by a Redis lock",identity:api-basic-auth:vendor-payments,graph_only,confirmed,"api/app/Services/VendorPayments/Service.php:32,130,482;vendor-payments/internal/payments/core.go:120-175"
svc:api-monolith,svc:xperience,calls,"app/Services/Xperience.php -- Basic user 'api' + applications.xperience.secret (:120,179-189,287-291); headers Content-Type, X-Request-Id, X-Task-Id, X-App-Mode, X-Passport-JWT-V1, and (when a user is resolved) X-Razorpay-User-Id / -Name / -Email / -Role (:265-305)",identity:service-basic-auth:xperience,graph_only,confirmed,"api/app/Services/Xperience.php:36-50,111-120,170-189,265-305"
svc:api-monolith,topic:api-ledger-journal-create-live,produces,pushToLedgerSns: da_payout_processed + da_payout_processed_recon (feature da_ledger_journal_writes) ; skipped when payout_service_txn_recon on,,high_fidelity_replacement,confirmed,"api/app/Models/BankingAccountStatement/Core.php:3081-3091,5175-5278;api/app/Models/Transaction/Processor/Ledger/Payout.php"
svc:api-monolith,topic:journal-created,consumes,monolith balance table sync (consumer code unread — fidelity matrix 'internal_balances_queued'),,real_source_mapped_not_running,inferred,
svc:banking-accounts,identity:admin-session:banking-accounts,authenticates,,,graph_only,confirmed,
svc:banking-accounts,queue:x-account-statements-account-activation-event,produces,,,real_source_mapped_not_running,confirmed,
svc:banking-accounts,queue:x-account-statements-account-activation-event,produces,CONFIRMED publisher: BAS onboarding balance_creation fan-out (AccountActivationEventInput incl. fts_fund_account_id); archive events go to the same queue,,behavioural_placeholder,confirmed,"banking-accounts/internal/applications/onboarding/balance_creation.go:142,150;banking-accounts/internal/applications/events.go:49;banking-accounts/internal/services/application_aggregate_service.go:5375-5388"
svc:banking-accounts,queue:x-balances-account-activation-event,produces,CreateBalanceAndRelatedEntitiesWithNotification (CA_DIRECT),,real_source_mapped_not_running,confirmed,
svc:banking-accounts,route:api-monolith/POST /v1/bas/merchant/{merchant_id}/banking_accounts,calls,RBL/ICICI/Axis/IDFC/Yesbank(+POBO) activation,,graph_only,confirmed,
svc:banking-accounts,route:banking-accounts/GET /applications,owns,,,graph_only,confirmed,
svc:banking-accounts,route:banking-accounts/GET /banking_accounts,owns,,,graph_only,confirmed,
svc:banking-accounts,route:banking-accounts/GET /composite-banking-accounts/{account_number},owns,,,graph_only,confirmed,
svc:banking-accounts,route:banking-accounts/GET /merchant/{merchant_id}/banking_account_by_account_number/{account_number},owns,,,graph_only,confirmed,
svc:banking-accounts,route:banking-accounts/GET /merchant/{merchant_id}/banking_account_by_account_number/{account_number}/credentials,owns,,,behavioural_placeholder,confirmed,
svc:banking-accounts,route:banking-accounts/GET /payouts/shield/merchant/{merchant_id}/details,owns,,,high_fidelity_replacement,confirmed,
svc:banking-accounts,route:banking-accounts/PATCH /banking_account/{banking_account_id}/balance_id,owns,,,graph_only,confirmed,
svc:banking-accounts,route:banking-accounts/PATCH /banking_account/{banking_account_id}/fee_recovery_metadata,owns,,,graph_only,confirmed,
svc:banking-accounts,route:banking-accounts/POST /admin/apply,owns,,,graph_only,confirmed,
svc:banking-accounts,route:banking-accounts/POST /admin/business/{business_id}/applications/{application_id}/activate_account,owns,,,graph_only,confirmed,
svc:banking-accounts,route:banking-accounts/POST /application_event,owns,,,graph_only,confirmed,
svc:banking-accounts,route:banking-accounts/POST /apply,owns,,,graph_only,confirmed,
svc:banking-accounts,route:banking-accounts/POST /banking_account/{banking_account_id}/idfc/activate_upi,owns,,,graph_only,confirmed,
svc:banking-accounts,route:banking-accounts/POST /banking_account/{banking_account_id}/update_details,owns,,,graph_only,confirmed,
svc:banking-accounts,route:banking-accounts/POST /banking_account/{banking_account_id}/ybl/activate_upi,owns,,,graph_only,confirmed,
svc:banking-accounts,route:banking-accounts/POST /rbl/credentials,owns,,,graph_only,confirmed,
svc:banking-accounts,route:x-balances/POST /v1/balance/create,calls,Slice onboarding only,,real_source_mapped_not_running,confirmed,banking-accounts/pkg/balances/client.go:38-53;banking-accounts/internal/applications/onboarding/slice/pre_activation.go:163
svc:banking-accounts,route:xas/POST /v1/accounts,calls,,,real_source_mapped_not_running,confirmed,
svc:banking-accounts,route:xas/POST /v1/accounts,calls,Slice onboarding calls XAS CreateAccount directly (Basic internal:internal),,behavioural_placeholder,confirmed,banking-accounts/pkg/accountstatements/client.go:36-37;banking-accounts/internal/applications/onboarding/slice/pre_activation.go:186-187;banking-accounts/config/default.toml:127-131
svc:banking-accounts,svc:fts-web,calls,"POST account, POST source_account / direct_source_accounts, PATCH source_accounts/update (AccountType direct, BankAccountType CURRENT)",,real_source_mapped_not_running,confirmed,"banking-accounts/pkg/fts/fund_account.go:11;banking-accounts/pkg/fts/source_account.go:10,86;banking-accounts/pkg/fts/direct_fund_source_account.go:29;banking-accounts/internal/applications/onboarding/fts_account_creation.go:19-95"
svc:banking-accounts,svc:mozart,calls,"account opening / credentials (pkg/mozart, DarkMozart)",,graph_only,confirmed,
svc:banking-accounts,svc:payouts-api,calls,pkg/payouts OnboardMerchant,,graph_only,confirmed,banking-accounts/pkg/payouts/merchant_onboarding.go:37
svc:banking-accounts,table:banking-accounts/banking_account,writes,,,graph_only,confirmed,
svc:banking-accounts,table:banking-accounts/banking_account_application,writes,,,graph_only,confirmed,
svc:banking-accounts,table:banking-accounts/business,writes,,,graph_only,confirmed,
svc:banking-accounts,table:banking-accounts/partner_bank_applications,writes,,,graph_only,confirmed,
svc:banking-accounts,table:banking-accounts/rbl_credentials,writes,,,graph_only,confirmed,
svc:banking-accounts,topic:banking-accounts-datalake-events,produces,,,graph_only,confirmed,
svc:batch,flag:batch/fund_account,owns,JSON batch-type config resolved by JobConfigManager.java:146-172,,,confirmed,batch/src/main/resources/fund_account.json:1
svc:batch,flag:batch/fund_account_v2,owns,JSON batch-type config resolved by JobConfigManager.java:146-172,,,confirmed,batch/src/main/resources/fund_account_v2.json:1
svc:batch,flag:batch/payout,owns,JSON batch-type config resolved by JobConfigManager.java:146-172,,,confirmed,batch/src/main/resources/payout.json:49-167
svc:batch,flag:batch/payout_approval,owns,JSON batch-type config resolved by JobConfigManager.java:146-172,,,confirmed,batch/src/main/resources/payout_approval.json:45-100
svc:batch,flag:batch/payout_link_bulk,owns,JSON batch-type config resolved by JobConfigManager.java:146-172,,,confirmed,batch/src/main/resources/payout_link_bulk.json:1
svc:batch,flag:batch/payout_link_bulk_v2,owns,JSON batch-type config resolved by JobConfigManager.java:146-172,,,confirmed,batch/src/main/resources/payout_link_bulk_v2.json:1
svc:batch,flag:batch/payouts_amazonpay_bene_details_process,owns,JSON batch-type config resolved by JobConfigManager.java:146-172,,,confirmed,batch/src/main/resources/v2/payouts_amazonpay_bene_details_process.json:99-130
svc:batch,flag:batch/payouts_amazonpay_bene_id_process,owns,JSON batch-type config resolved by JobConfigManager.java:146-172,,,confirmed,batch/src/main/resources/v2/payouts_amazonpay_bene_id_process.json:105-136
svc:batch,flag:batch/payouts_bank_transfer_bene_details_process,owns,JSON batch-type config resolved by JobConfigManager.java:146-172,,,confirmed,batch/src/main/resources/v2/payouts_bank_transfer_bene_details_process.json:102-133
svc:batch,flag:batch/payouts_bank_transfer_bene_id_process,owns,JSON batch-type config resolved by JobConfigManager.java:146-172,,,confirmed,batch/src/main/resources/v2/payouts_bank_transfer_bene_id_process.json:106-137
svc:batch,flag:batch/payouts_upi_bene_details_process,owns,JSON batch-type config resolved by JobConfigManager.java:146-172,,,confirmed,batch/src/main/resources/v2/payouts_upi_bene_details_process.json:100-131
svc:batch,flag:batch/payouts_upi_bene_id_process,owns,JSON batch-type config resolved by JobConfigManager.java:146-172,,,confirmed,batch/src/main/resources/v2/payouts_upi_bene_id_process.json:105-136
svc:batch,flag:batch/tally_payout,owns,JSON batch-type config resolved by JobConfigManager.java:146-172,,,confirmed,batch/src/main/resources/tally_payout.json:1
svc:batch,route:api-monolith/POST payouts/bulk,calls,"POST {api.basepath}payouts/bulk -- bare JSON array of <=5 entries; Basic base64('rzp_<mode>_<X-Entity-Id>':BATCH_API_SECRET); headers Authorization, Content-Type, X-Batch-Id (=batch.id), X-Creator-Id, X-Creator-Type, X-Entity-Id (+ optional rzpctx-dev-serve-user); 5 attempts, fixed 5000ms backoff, 60s connect/read timeouts",identity:service-basic-auth:batch,graph_only,confirmed,"batch/src/main/java/com/razorpay/batch/batchengine/item/processor/BulkApiCallDataProcessorImpl.java:127,163-166,364-369,498,581-582;batch/src/main/java/com/razorpay/batch/utils/RestCallUtils.java:38-69;batch/src/main/java/com/razorpay/batch/batchengine/item/processor/ApiCallDataProcessorHelper.java:66-101"
svc:batch,route:api-monolith/POST payouts/bulk_approve,calls,POST {api.basepath}payouts/bulk_approve -- identical envelope; per-entry payout_update_action 'A'|'R'; failOnServerError defaults to TRUE so a monolith 5xx fails the whole job,identity:service-basic-auth:batch,graph_only,confirmed,batch/src/main/resources/payout_approval.json:45-100;batch/src/main/java/com/razorpay/batch/batchengine/item/processor/apiprocessor/PayoutApprovalProcessorImpl.java:32-51
svc:batch,table:batch/batch,writes,Spring Data JPA,,,confirmed,"batch/src/main/resources/schema.sql:102-123,156,158,176-178"
svc:batch,table:batch/batch_entry,writes,Spring Data JPA,,,confirmed,batch/src/main/resources/schema.sql:126-136
svc:batch,table:batch/batch_type,writes,Spring Data JPA,,,confirmed,batch/src/main/resources/schema.sql:96-100
svc:batch,table:batch/file_store,writes,Spring Data JPA,,,confirmed,"batch/src/main/resources/schema.sql:138-154,160"
svc:cfa,event:cfa/contact.created,produces,,,behavioural_placeholder,confirmed,
svc:cfa,event:cfa/contact.updated,produces,,,behavioural_placeholder,confirmed,
svc:cfa,event:cfa/fund_account.created,produces,,,behavioural_placeholder,confirmed,
svc:cfa,event:cfa/fund_account.updated,produces,,,behavioural_placeholder,confirmed,
svc:cfa,identity:service-basic-auth:cfa-callers,authenticates,,,real_source_running,confirmed,
svc:cfa,queue:cfa-contact-dual-write-queue,produces,,,behavioural_placeholder,confirmed,
svc:cfa,queue:cfa-fund-account-dual-write-queue,produces,,,behavioural_placeholder,confirmed,
svc:cfa,route:cfa/GET /ready,owns,,,real_source_running,confirmed,
svc:cfa,route:cfa/GET /v1/contacts,owns,,,real_source_running,confirmed,
svc:cfa,route:cfa/GET /v1/contacts/{id},owns,,,real_source_running,confirmed,
svc:cfa,route:cfa/GET /v1/fund_accounts,owns,,,real_source_running,confirmed,
svc:cfa,route:cfa/GET /v1/fund_accounts/{id},owns,,,real_source_running,confirmed,
svc:cfa,route:cfa/PATCH /v1/contacts/{id},owns,,,real_source_running,confirmed,
svc:cfa,route:cfa/PATCH /v1/fund_accounts/{id},owns,,,real_source_running,confirmed,
svc:cfa,route:cfa/POST /v1/contacts,owns,,,real_source_running,confirmed,
svc:cfa,route:cfa/POST /v1/contacts/dual_write,owns,,,real_source_running,confirmed,
svc:cfa,route:cfa/POST /v1/fund_accounts,owns,,,real_source_running,confirmed,
svc:cfa,route:cfa/POST /v1/fund_accounts/bank_identifier_correction,owns,,,real_source_running,confirmed,
svc:cfa,route:cfa/POST /v1/fund_accounts/dual_write,owns,,,real_source_running,confirmed,
svc:cfa,route:cfa/POST /v1/fund_accounts/fetch_by_ids,owns,,,real_source_running,confirmed,
svc:cfa,svc:api-monolith,calls,card FA: POST /v1/fund_accounts/card/register (no rollback if Vault succeeded),,behavioural_placeholder,confirmed,cfa/internal/apiservice/client.go:15-42;cfa/internal/fund_accounts/card/service.go:51-146
svc:cfa,svc:dcs,reads,payouts DCS namespace,,high_fidelity_replacement,confirmed,
svc:cfa,table:api-monolith/contacts_fund_accounts,reads,APIStore fallback on miss,,behavioural_placeholder,confirmed,
svc:cfa,table:cfa/contacts,writes,,,real_source_running,confirmed,
svc:cfa,table:cfa/fund_accounts,writes,,,real_source_running,confirmed,
svc:cfa,table:cfa/hash_lookup,writes,,,real_source_running,confirmed,
svc:cfa,worker:cfa/contact_lazy_load,depends_on,,,real_source_running,confirmed,
svc:cfa,worker:cfa/fund_account_lazy_load,depends_on,,,real_source_running,confirmed,
svc:cfa-server,db:api-monolith/mysql,reads,[APIStore.Sql] fallback,,,confirmed,
svc:cfa-server,db:arena/localstack,depends_on,docker-compose depends_on: localstack,,,confirmed,
svc:cfa-server,db:arena/localstack,produces,SQS/SNS,,,confirmed,
svc:cfa-server,db:cfa/mongo,depends_on,docker-compose depends_on: mongo-cfa,,,confirmed,
svc:cfa-server,db:cfa/mongo,writes,,,,confirmed,
svc:cfa-server,repo:cfa,owns,built from pinned SHA,,,confirmed,
svc:charge-collections,route:charge-collections/GET /v1/mdr/pricing/plans/fees_calculation/{id},owns,,,,confirmed,proto/charge_collections/pricing/v1/pricing_api.proto
svc:charge-collections,svc:governor,calls,rule-chain execution for pricing-rule filtering (via the vendored SDK),identity:governor-basic-auth:cc-sdk,graph_only,confirmed,charge-collections/config/default.toml [chargeCollectionsSDKConfig.GovernorConfig]
svc:dcs,flag:dcs/AccountValidation.penniless_validation,owns,DCS key rzp/x/merchant/account_validation/AccountValidation,,,confirmed,config-proto/rzp/x/merchant/account_validation/account_validation.proto
svc:dcs,flag:dcs/AccountValidation.upi_pennydrop_enabled,owns,DCS key rzp/x/merchant/account_validation/AccountValidation,,,confirmed,config-proto/rzp/x/merchant/account_validation/account_validation.proto
svc:dcs,flag:dcs/AccountValidation.vpa_bank_info_enabled,owns,DCS key rzp/x/merchant/account_validation/AccountValidation,,,confirmed,config-proto/rzp/x/merchant/account_validation/account_validation.proto
svc:dcs,flag:dcs/ApiInterface.below_rupee_payouts,owns,DCS key rzp/x/merchant/payouts/ApiInterface,,,confirmed,config-proto/rzp/x/merchant/payouts/api_interface.proto
svc:dcs,flag:dcs/ApiInterface.bene_name_in_payout,owns,DCS key rzp/x/merchant/payouts/ApiInterface,,,confirmed,config-proto/rzp/x/merchant/payouts/api_interface.proto
svc:dcs,flag:dcs/ApiInterface.enable_beneficiary_name_in_response,owns,DCS key rzp/x/merchant/payouts/ApiInterface,,,confirmed,config-proto/rzp/x/merchant/payouts/api_interface.proto
svc:dcs,flag:dcs/ApiInterface.enable_http_encryption,owns,DCS key rzp/x/merchant/payouts/ApiInterface,,,confirmed,config-proto/rzp/x/merchant/payouts/api_interface.proto
svc:dcs,flag:dcs/ApiInterface.enable_ip_whitelist_fetch,owns,DCS key rzp/x/merchant/payouts/ApiInterface,,,confirmed,config-proto/rzp/x/merchant/payouts/api_interface.proto
svc:dcs,flag:dcs/ApiInterface.enable_null_narration,owns,DCS key rzp/x/merchant/payouts/ApiInterface,,,confirmed,config-proto/rzp/x/merchant/payouts/api_interface.proto
svc:dcs,flag:dcs/ApiInterface.fmp_config,owns,DCS key rzp/x/merchant/payouts/ApiInterface,,,confirmed,config-proto/rzp/x/merchant/payouts/api_interface.proto
svc:dcs,flag:dcs/ApiInterface.payout_idem_key_required,owns,DCS key rzp/x/merchant/payouts/ApiInterface,,,confirmed,config-proto/rzp/x/merchant/payouts/api_interface.proto
svc:dcs,flag:dcs/ApiInterface.payout_service_enabled,owns,DCS key rzp/x/merchant/payouts/ApiInterface,,,confirmed,config-proto/rzp/x/merchant/payouts/api_interface.proto
svc:dcs,flag:dcs/ApiInterface.rbl_ca_upi,owns,DCS key rzp/x/merchant/payouts/ApiInterface,,,confirmed,config-proto/rzp/x/merchant/payouts/api_interface.proto
svc:dcs,flag:dcs/Batch.enable_bulk_payouts_for_mfn,owns,DCS key rzp/x/merchant/payouts/Batch,,,confirmed,config-proto/rzp/x/merchant/payouts/batch.proto
svc:dcs,flag:dcs/Batch.enable_private_auth_for_bulk,owns,DCS key rzp/x/merchant/payouts/Batch,,,confirmed,config-proto/rzp/x/merchant/payouts/batch.proto
svc:dcs,flag:dcs/BudgetSettings.petty_cash,owns,DCS key rzp/x/merchant/dashboard_experience/budgets/BudgetSettings,,,confirmed,config-proto/rzp/x/merchant/dashboard_experience/budgets/budgets_petty_cash.proto
svc:dcs,flag:dcs/BusinessWallet.allow_ybl_rx_biz_wallet,owns,DCS key rzp/x/merchant/payouts/BusinessWallet,,,confirmed,config-proto/rzp/x/merchant/payouts/business_wallet.proto
svc:dcs,flag:dcs/Cache.skip_cache,owns,DCS key rzp/x/merchant/validx/Cache,,,confirmed,config-proto/rzp/x/merchant/validx/cache.proto
svc:dcs,flag:dcs/Cards.enable_non_saved_cards,owns,DCS key rzp/x/merchant/payouts/Cards,,,confirmed,config-proto/rzp/x/merchant/payouts/cards.proto
svc:dcs,flag:dcs/Cards.enable_payouts_to_cards,owns,DCS key rzp/x/merchant/payouts/Cards,,,confirmed,config-proto/rzp/x/merchant/payouts/cards.proto
svc:dcs,flag:dcs/Cfa.skip_ifsc_lookup,owns,DCS key rzp/x/merchant/payouts/Cfa,,,confirmed,config-proto/rzp/x/merchant/payouts/cfa.proto
svc:dcs,flag:dcs/Communication.disable_transaction_emails,owns,DCS key rzp/x/merchant/payouts/Communication,,,confirmed,config-proto/rzp/x/merchant/payouts/communication.proto
svc:dcs,flag:dcs/Configs.in_flight_reservation_enabled,owns,DCS key rzp/x/merchant/payouts/direct_accounts/Configs,,,confirmed,config-proto/rzp/x/merchant/payouts/direct_accounts/configs.proto
svc:dcs,flag:dcs/EligibilityFeatures.collectx_enabled,owns,DCS key rzp/x/merchant/onboarding/collectx/EligibilityFeatures,,,confirmed,config-proto/rzp/x/merchant/onboarding/collectx/eligibility.proto
svc:dcs,flag:dcs/FavService.fav_service_enabled,owns,DCS key rzp/x/merchant/account_validation/FavService,,,confirmed,config-proto/rzp/x/merchant/account_validation/fav_service.proto
svc:dcs,flag:dcs/Features.banking_accounts_issued,owns,DCS key rzp/x/merchant/banking/accounts/Features,,,confirmed,config-proto/rzp/x/merchant/banking/accounts/features.proto
svc:dcs,flag:dcs/Features.razorpay_wallet,owns,DCS key rzp/x/merchant/issuing/wallet/Features,,,confirmed,config-proto/rzp/x/merchant/issuing/wallet/features.proto
svc:dcs,flag:dcs/FeeRecovery.auto_disable_payouts,owns,DCS key rzp/x/merchant/onboarding/FeeRecovery,,,confirmed,config-proto/rzp/x/merchant/onboarding/fee_recovery.proto
svc:dcs,flag:dcs/FeeRecovery.exclude_from_ca_billing,owns,DCS key rzp/x/merchant/onboarding/FeeRecovery,,,confirmed,config-proto/rzp/x/merchant/onboarding/fee_recovery.proto
svc:dcs,flag:dcs/FeeRecovery.payout_low_balance,owns,DCS key rzp/x/merchant/onboarding/FeeRecovery,,,confirmed,config-proto/rzp/x/merchant/onboarding/fee_recovery.proto
svc:dcs,flag:dcs/FeeRecovery.rzpx_fee_credit,owns,DCS key rzp/x/merchant/onboarding/FeeRecovery,,,confirmed,config-proto/rzp/x/merchant/onboarding/fee_recovery.proto
svc:dcs,flag:dcs/FeeRecovery.rzpx_fee_credit_min_zero,owns,DCS key rzp/x/merchant/onboarding/FeeRecovery,,,confirmed,config-proto/rzp/x/merchant/onboarding/fee_recovery.proto
svc:dcs,flag:dcs/FundLoading.skip_whitelisted_source_accounts,owns,DCS key rzp/x/merchant/payouts/FundLoading,,,confirmed,config-proto/rzp/x/merchant/payouts/fund_loading.proto
svc:dcs,flag:dcs/FundTransfer.block_va_payouts,owns,DCS key rzp/x/merchant/payouts/FundTransfer,,,confirmed,config-proto/rzp/x/merchant/payouts/fund_transfer.proto
svc:dcs,flag:dcs/FundTransfer.enable_payouts,owns,DCS key rzp/x/merchant/payouts/FundTransfer,,,confirmed,config-proto/rzp/x/merchant/payouts/fund_transfer.proto
svc:dcs,flag:dcs/FundTransfer.enable_payouts_queue_buffer,owns,DCS key rzp/x/merchant/payouts/FundTransfer,,,confirmed,config-proto/rzp/x/merchant/payouts/fund_transfer.proto
svc:dcs,flag:dcs/FundTransfer.increase_per_payout_amount_limit,owns,DCS key rzp/x/merchant/payouts/FundTransfer,,,confirmed,config-proto/rzp/x/merchant/payouts/fund_transfer.proto
svc:dcs,flag:dcs/FundTransfer.payouts_blocked_via_lite_account,owns,DCS key rzp/x/merchant/payouts/FundTransfer,,,confirmed,config-proto/rzp/x/merchant/payouts/fund_transfer.proto
svc:dcs,flag:dcs/FundTransfer.payouts_to_fts_async_processing,owns,DCS key rzp/x/merchant/payouts/FundTransfer,,,confirmed,config-proto/rzp/x/merchant/payouts/fund_transfer.proto
svc:dcs,flag:dcs/FundTransfer.queue_payout_bal_buffer,owns,DCS key rzp/x/merchant/payouts/FundTransfer,,,confirmed,config-proto/rzp/x/merchant/payouts/fund_transfer.proto
svc:dcs,flag:dcs/HighTps.enable_async_flow,owns,DCS key rzp/x/merchant/payouts/HighTps,,,confirmed,config-proto/rzp/x/merchant/payouts/high_tps.proto
svc:dcs,flag:dcs/HighTps.enable_entity_saving_in_async_mode,owns,DCS key rzp/x/merchant/payouts/HighTps,,,confirmed,config-proto/rzp/x/merchant/payouts/high_tps.proto
svc:dcs,flag:dcs/HighTps.enable_superasync_flow,owns,DCS key rzp/x/merchant/payouts/HighTps,,,confirmed,config-proto/rzp/x/merchant/payouts/high_tps.proto
svc:dcs,flag:dcs/ICICI.enabled_on_dashboard,owns,DCS key rzp/x/merchant/account_statement/bank/ICICI,,,confirmed,config-proto/rzp/x/merchant/account_statement/bank/icici.proto
svc:dcs,flag:dcs/ICICI.ftp_fetch_enabled,owns,DCS key rzp/x/merchant/account_statement/bank/ICICI,,,confirmed,config-proto/rzp/x/merchant/account_statement/bank/icici.proto
svc:dcs,flag:dcs/IntegrationSettings.sync_payouts,owns,DCS key rzp/x/merchant/accounting/IntegrationSettings,,,confirmed,config-proto/rzp/x/merchant/accounting/integration_settings.proto
svc:dcs,flag:dcs/IntelligentPayouts.disallow_traffic_for_test_transactions,owns,DCS key rzp/x/merchant/payouts/IntelligentPayouts,,,confirmed,config-proto/rzp/x/merchant/payouts/intelligent_payouts.proto
svc:dcs,flag:dcs/IntelligentPayouts.enable_intelligent_payouts,owns,DCS key rzp/x/merchant/payouts/IntelligentPayouts,,,confirmed,config-proto/rzp/x/merchant/payouts/intelligent_payouts.proto
svc:dcs,flag:dcs/Internal.inter_account_test_payouts,owns,DCS key rzp/x/merchant/payouts/Internal,,,confirmed,config-proto/rzp/x/merchant/payouts/internal.proto
svc:dcs,flag:dcs/PayoutModeConfig.allowed_upi_channels,owns,DCS key rzp/x/merchant/payouts/direct_accounts/PayoutModeConfig,,,confirmed,config-proto/rzp/x/merchant/payouts/direct_accounts/payout_mode_config.proto
svc:dcs,flag:dcs/PayrollPayouts.hide_rx_payroll_payouts,owns,DCS key rzp/x/merchant/payouts/PayrollPayouts,,,confirmed,config-proto/rzp/x/merchant/payouts/payroll_payouts.proto
svc:dcs,flag:dcs/PayrollSourceAccountValidation.payroll_sav,owns,DCS key rzp/x/merchant/account_validation/PayrollSourceAccountValidation,,,confirmed,config-proto/rzp/x/merchant/account_validation/payroll_validation.proto
svc:dcs,flag:dcs/PricingTiers.banking_plus_core,owns,DCS key rzp/x/merchant/onboarding/PricingTiers,,,confirmed,config-proto/rzp/x/merchant/onboarding/pricing_tiers.proto
svc:dcs,flag:dcs/PricingTiers.banking_plus_pro,owns,DCS key rzp/x/merchant/onboarding/PricingTiers,,,confirmed,config-proto/rzp/x/merchant/onboarding/pricing_tiers.proto
svc:dcs,flag:dcs/PricingTiers.source_to_pay_core,owns,DCS key rzp/x/merchant/onboarding/PricingTiers,,,confirmed,config-proto/rzp/x/merchant/onboarding/pricing_tiers.proto
svc:dcs,flag:dcs/PricingTiers.source_to_pay_pro,owns,DCS key rzp/x/merchant/onboarding/PricingTiers,,,confirmed,config-proto/rzp/x/merchant/onboarding/pricing_tiers.proto
svc:dcs,flag:dcs/RBL.disabled_on_dashboard,owns,DCS key rzp/x/merchant/account_statement/bank/RBL,,,confirmed,config-proto/rzp/x/merchant/account_statement/bank/rbl.proto
svc:dcs,flag:dcs/RBL.ftp_fetch_enabled,owns,DCS key rzp/x/merchant/account_statement/bank/RBL,,,confirmed,config-proto/rzp/x/merchant/account_statement/bank/rbl.proto
svc:dcs,flag:dcs/RblAccess.rbl_bank_lms_dashboard,owns,DCS key rzp/x/merchant/onboarding/rbl/RblAccess,,,confirmed,config-proto/rzp/x/merchant/onboarding/rbl/rbl_access.proto
svc:dcs,flag:dcs/Routing.enable_smart_routing,owns,DCS key rzp/x/merchant/payouts/Routing,,,confirmed,config-proto/rzp/x/merchant/payouts/routing.proto
svc:dcs,flag:dcs/Stork.enable_stork,owns,DCS key rzp/x/merchant/validx/Stork,,,confirmed,config-proto/rzp/x/merchant/validx/stork.proto
svc:dcs,flag:dcs/SubAccountRoles.allow_limit_transfer_to_sub_merchant,owns,DCS key rzp/x/merchant/payouts/SubAccountRoles,,,confirmed,config-proto/rzp/x/merchant/payouts/sub_account_roles.proto
svc:dcs,flag:dcs/SubAccountRoles.assume_master_account,owns,DCS key rzp/x/merchant/payouts/SubAccountRoles,,,confirmed,config-proto/rzp/x/merchant/payouts/sub_account_roles.proto
svc:dcs,flag:dcs/SubAccountRoles.assume_sub_account,owns,DCS key rzp/x/merchant/payouts/SubAccountRoles,,,confirmed,config-proto/rzp/x/merchant/payouts/sub_account_roles.proto
svc:dcs,flag:dcs/VendorExperience.vendor_experience_enabled,owns,DCS key rzp/x/merchant/vendor_experience/VendorExperience,,,confirmed,config-proto/rzp/x/merchant/vendor_experience/vendor_experience.proto
svc:dcs,flag:dcs/VendorExperience.vendor_onboarding_enabled,owns,DCS key rzp/x/merchant/vendor_experience/VendorExperience,,,confirmed,config-proto/rzp/x/merchant/vendor_experience/vendor_experience.proto
svc:dcs,flag:dcs/Workflows.bulk_payout_workflow,owns,DCS key rzp/x/merchant/dashboard_experience/bulk_payouts/Workflows,,,confirmed,config-proto/rzp/x/merchant/dashboard_experience/bulk_payouts/workflows.proto
svc:dcs,flag:dcs/Workflows.disable_wf_config_dimensions_for_s2p,owns,DCS key rzp/x/merchant/workflows/Workflows,,,confirmed,config-proto/rzp/x/merchant/workflows/workflows.proto
svc:dcs,flag:dcs/Workflows.enable_approval_via_oauth,owns,DCS key rzp/x/merchant/payouts/Workflows,,,confirmed,config-proto/rzp/x/merchant/payouts/workflows.proto
svc:dcs,flag:dcs/Workflows.enable_payout_workflow,owns,DCS key rzp/x/merchant/payouts/Workflows,,,confirmed,config-proto/rzp/x/merchant/payouts/workflows.proto
svc:dcs,flag:dcs/Workflows.skip_approval_if_creator_is_checker,owns,DCS key rzp/x/merchant/workflows/Workflows,,,confirmed,config-proto/rzp/x/merchant/workflows/workflows.proto
svc:dcs,flag:dcs/Workflows.skip_approval_workflow_for_api,owns,DCS key rzp/x/merchant/payouts/Workflows,,,confirmed,config-proto/rzp/x/merchant/payouts/workflows.proto
svc:dcs,flag:dcs/Workflows.skip_workflow_for_dashboard,owns,DCS key rzp/x/merchant/payouts/Workflows,,,confirmed,config-proto/rzp/x/merchant/payouts/workflows.proto
svc:dcs,flag:dcs/Workflows.skip_workflow_for_payroll,owns,DCS key rzp/x/merchant/payouts/Workflows,,,confirmed,config-proto/rzp/x/merchant/payouts/workflows.proto
svc:dcs,route:dcs/POST /v1/auth/login,owns,,,,confirmed,goutils/dcs/rpc/dcs/auth/v1/auth.pb.go;ENV2_COMPOSE/substitutes/dcs-stub/CONTRACT.md
svc:dcs,route:dcs/POST /v1/kv/audit,owns,,,,confirmed,proto/dcs/kv/v1/kv.proto
svc:dcs,route:dcs/POST /v1/kv/entities,owns,,,,confirmed,proto/dcs/kv/v1/kv.proto
svc:dcs,route:dcs/POST /v1/kv/evaluate,owns,,,,confirmed,proto/dcs/kv/v1/kv.proto;ENV2_COMPOSE/substitutes/dcs-stub/CONTRACT.md
svc:dcs,route:dcs/POST /v1/kv/get,owns,,,,confirmed,proto/dcs/kv/v1/kv.proto;goutils/dcs/key.go;dcs/internal/kv/service.go:436
svc:dcs,route:dcs/POST /v1/kv/patch,owns,,,,confirmed,proto/dcs/kv/v1/kv.proto
svc:dcs,route:dcs/POST /v1/kv/put,owns,,,,confirmed,proto/dcs/kv/v1/kv.proto
svc:edge-kong,identity:passport-jwt,owns,kong-plugin-upstream-jwt mints the passport,,,confirmed,edge/kong-plugins/kong-plugin-upstream-jwt/kong/plugins/upstream-jwt/access.lua:60-205
svc:fts-web,cron:fts/longer_bank_degradation_alert,schedules,,,behavioural_placeholder,confirmed,fts/internal/channel/cron.go:151-170;fts/internal/bootstrap/bootstrap.go:84-87
svc:fts-web,db:arena/redis,depends_on,docker-compose depends_on: redis,,,confirmed,
svc:fts-web,db:arena/redis,reads,cache / mutex / reservations,,,confirmed,
svc:fts-web,db:fts/mysql,depends_on,docker-compose depends_on: mysql-fts,,,confirmed,
svc:fts-web,db:fts/mysql,writes,,,real_source_running,confirmed,
svc:fts-web,db:fts/redis,depends_on,mutex create_fund_transfer_%s_%s + machinery publish,,real_source_running,confirmed,
svc:fts-web,ext:api-monolith,calls,"POST /v1/fetch_nodal_beneficiary_code, /v1/payment/validate/vpa",,behavioural_placeholder,confirmed,fts/config/env.prod-live.toml:241-250;fts/internal/gateway/api.go:21-60
svc:fts-web,ext:bank-hdfc,calls,"MOZART_URLPART_GATEWAY hdfc_escrow/v1|v2, slice/v1|v2 (NOT present in Mozart fts namespace at bf468830 -> resolved elsewhere or stale)",,graph_only,probable,"fts/config/env.default.toml:1994-2096,5120-5439"
svc:fts-web,ext:bank-slice,calls,"MOZART_URLPART_GATEWAY hdfc_escrow/v1|v2, slice/v1|v2 (NOT present in Mozart fts namespace at bf468830 -> resolved elsewhere or stale)",,graph_only,probable,"fts/config/env.default.toml:1994-2096,5120-5439"
svc:fts-web,ext:kafka,depends_on,sarama producer (fire_transfer_status),,behavioural_placeholder,confirmed,fts/internal/providers/kafka/producer.go:1
svc:fts-web,ext:splitz,calls,"IsExperimentEnabled(merchant, key)",,behavioural_placeholder,confirmed,fts/internal/providers/splitz
svc:fts-web,flag:fts-config/razorx,gated_by,,,behavioural_placeholder,confirmed,fts/config/env.default.toml:722
svc:fts-web,identity:service-basic-auth:fts-art,authenticates,,,real_source_mapped_not_running,confirmed,
svc:fts-web,queue:fts_live_check_transfer_status,produces,machinery Publish (task_worker_map regex -> worker_queue_map),,real_source_running,confirmed,fts/internal/providers/queue/provider.go:437-450;fts/config/env.default.toml:293-330
svc:fts-web,queue:fts_live_default,produces,machinery Publish (task_worker_map regex -> worker_queue_map),,real_source_running,confirmed,fts/internal/providers/queue/provider.go:437-450;fts/config/env.default.toml:293-330
svc:fts-web,queue:fts_live_fire_transfer_status_webhook,produces,machinery Publish (task_worker_map regex -> worker_queue_map),,real_source_running,confirmed,fts/internal/providers/queue/provider.go:437-450;fts/config/env.default.toml:293-330
svc:fts-web,queue:fts_live_initiate_transfer,produces,machinery Publish (task_worker_map regex -> worker_queue_map),,real_source_running,confirmed,fts/internal/providers/queue/provider.go:437-450;fts/config/env.default.toml:293-330
svc:fts-web,queue:fts_live_retry_transfer,produces,machinery Publish (task_worker_map regex -> worker_queue_map),,real_source_running,confirmed,fts/internal/providers/queue/provider.go:437-450;fts/config/env.default.toml:293-330
svc:fts-web,repo:fts,owns,built from pinned SHA,,,confirmed,
svc:fts-web,route:fts/DELETE /v1/account_type_mappings,owns,,,real_source_running,confirmed,
svc:fts-web,route:fts/DELETE /v1/channel_health_events/schedules,owns,,,real_source_running,confirmed,
svc:fts-web,route:fts/DELETE /v1/direct_account_routing_rules,owns,,,real_source_running,confirmed,
svc:fts-web,route:fts/DELETE /v1/merchant_configurations,owns,,,real_source_running,confirmed,
svc:fts-web,route:fts/DELETE /v1/preferred_routing_weights,owns,,,real_source_running,confirmed,
svc:fts-web,route:fts/DELETE /v1/source_account,owns,,,real_source_running,confirmed,
svc:fts-web,route:fts/DELETE /v1/source_account_mappings,owns,,,real_source_running,confirmed,
svc:fts-web,route:fts/GET /,owns,,,real_source_running,confirmed,
svc:fts-web,route:fts/GET /v1/account,owns,,,real_source_running,confirmed,
svc:fts-web,route:fts/GET /v1/account/status,owns,,,real_source_running,confirmed,
svc:fts-web,route:fts/GET /v1/account_type_mappings,owns,,,real_source_running,confirmed,
svc:fts-web,route:fts/GET /v1/cron_jobs_dashboard/status_with_entity,owns,,,real_source_running,confirmed,
svc:fts-web,route:fts/GET /v1/direct_account_routing_rules,owns,,,real_source_running,confirmed,
svc:fts-web,route:fts/GET /v1/downtimes,owns,,,real_source_running,confirmed,
svc:fts-web,route:fts/GET /v1/downtimes/:id,owns,,,real_source_running,confirmed,
svc:fts-web,route:fts/GET /v1/holiday,owns,,,real_source_running,confirmed,
svc:fts-web,route:fts/GET /v1/key_value_store/logs,owns,,,real_source_running,confirmed,
svc:fts-web,route:fts/GET /v1/merchant_configurations,owns,,,real_source_running,confirmed,
svc:fts-web,route:fts/GET /v1/modes/supported,owns,,,real_source_running,confirmed,
svc:fts-web,route:fts/GET /v1/preferred_routing_weights,owns,,,real_source_running,confirmed,
svc:fts-web,route:fts/GET /v1/routing/channel_health_stats,owns,,,real_source_running,confirmed,
svc:fts-web,route:fts/GET /v1/routing/channel_information_status_logs,owns,,,real_source_running,confirmed,
svc:fts-web,route:fts/GET /v1/routing/fail_fast_status_logs,owns,,,real_source_running,confirmed,
svc:fts-web,route:fts/GET /v1/routing/schedules,owns,,,real_source_running,confirmed,
svc:fts-web,route:fts/GET /v1/routing/trigger_health_status,owns,,,real_source_running,confirmed,
svc:fts-web,route:fts/GET /v1/routing/trigger_status_logs,owns,,,real_source_running,confirmed,
svc:fts-web,route:fts/GET /v1/source_account,owns,,,real_source_running,confirmed,
svc:fts-web,route:fts/GET /v1/source_account_mappings,owns,,,real_source_running,confirmed,
svc:fts-web,route:fts/GET /v1/source_account_mappings/merchants,owns,,,real_source_running,confirmed,
svc:fts-web,route:fts/GET /v1/transfer,owns,,,real_source_running,confirmed,
svc:fts-web,route:fts/GET /v1/transfer/status,owns,,,real_source_running,confirmed,
svc:fts-web,route:fts/GET /v1/transfers/:action,owns,,,real_source_running,confirmed,
svc:fts-web,route:fts/PATCH /v1/attempts/:action,owns,,,real_source_running,confirmed,
svc:fts-web,route:fts/PATCH /v1/channel_health_events/schedules,owns,,,real_source_running,confirmed,
svc:fts-web,route:fts/PATCH /v1/channel_health_events/test_transaction/status,owns,,,real_source_running,confirmed,
svc:fts-web,route:fts/PATCH /v1/key_value_store,owns,,,real_source_running,confirmed,
svc:fts-web,route:fts/PATCH /v1/manual_queries/update,owns,,,real_source_running,confirmed,
svc:fts-web,route:fts/PATCH /v1/merchant_configurations,owns,,,real_source_running,confirmed,
svc:fts-web,route:fts/PATCH /v1/one_off_db_migrate,owns,,,real_source_running,confirmed,
svc:fts-web,route:fts/PATCH /v1/routing/multi_account_routing_rules,owns,,,real_source_running,confirmed,
svc:fts-web,route:fts/PATCH /v1/source_account_mappings,owns,,,real_source_running,confirmed,
svc:fts-web,route:fts/PATCH /v1/source_accounts/:action,owns,,,real_source_running,confirmed,
svc:fts-web,route:fts/PATCH /v1/transfer/fail,owns,,,real_source_running,confirmed,
svc:fts-web,route:fts/PATCH /v1/transfers/fail,owns,,,real_source_running,confirmed,
svc:fts-web,route:fts/POST /v1/account,owns,,,real_source_running,confirmed,
svc:fts-web,route:fts/POST /v1/account/register,owns,,,real_source_running,confirmed,
svc:fts-web,route:fts/POST /v1/account_type_mappings,owns,,,real_source_running,confirmed,
svc:fts-web,route:fts/POST /v1/alert_manager,owns,,,real_source_running,confirmed,
svc:fts-web,route:fts/POST /v1/attempts/:action,owns,,,real_source_running,confirmed,
svc:fts-web,route:fts/POST /v1/channel_health_events/alert_action,owns,,,real_source_running,confirmed,
svc:fts-web,route:fts/POST /v1/channel_health_events/fail_fast_status/manual_update,owns,,,real_source_running,confirmed,
svc:fts-web,route:fts/POST /v1/channel_health_events/manual_override,owns,,,real_source_running,confirmed,
svc:fts-web,route:fts/POST /v1/channel_health_events/schedules,owns,,,real_source_running,confirmed,
svc:fts-web,route:fts/POST /v1/direct_account_routing_rules,owns,,,real_source_running,confirmed,
svc:fts-web,route:fts/POST /v1/direct_source_accounts,owns,,,real_source_running,confirmed,
svc:fts-web,route:fts/POST /v1/holiday,owns,,,real_source_running,confirmed,
svc:fts-web,route:fts/POST /v1/holiday/query,owns,,,real_source_running,confirmed,
svc:fts-web,route:fts/POST /v1/key_value_store,owns,,,real_source_running,confirmed,
svc:fts-web,route:fts/POST /v1/merchant_configurations,owns,,,real_source_running,confirmed,
svc:fts-web,route:fts/POST /v1/otp/send,owns,,,real_source_running,confirmed,
svc:fts-web,route:fts/POST /v1/preferred_routing_weights,owns,,,real_source_running,confirmed,
svc:fts-web,route:fts/POST /v1/routing/mode_selection,owns,,,real_source_running,confirmed,
svc:fts-web,route:fts/POST /v1/routing/multi_account_routing_rules,owns,,,real_source_running,confirmed,
svc:fts-web,route:fts/POST /v1/routing/priority_route,owns,,,real_source_running,confirmed,
svc:fts-web,route:fts/POST /v1/routing/route_selection,owns,,,real_source_running,confirmed,
svc:fts-web,route:fts/POST /v1/source_account,owns,,,real_source_running,confirmed,
svc:fts-web,route:fts/POST /v1/source_account/balance,owns,,,real_source_running,confirmed,
svc:fts-web,route:fts/POST /v1/source_account/copy,owns,,,real_source_running,confirmed,
svc:fts-web,route:fts/POST /v1/source_account/fetch_balance,owns,,,real_source_running,confirmed,
svc:fts-web,route:fts/POST /v1/source_account/healthy_balance,owns,,,real_source_running,confirmed,
svc:fts-web,route:fts/POST /v1/source_account_mappings,owns,,,real_source_running,confirmed,
svc:fts-web,route:fts/POST /v1/transfer,owns,,,real_source_running,confirmed,
svc:fts-web,route:fts/POST /v1/transfer/:transfer_id/:action,owns,,,real_source_running,confirmed,
svc:fts-web,route:fts/POST /v1/transfers/:action,owns,,,real_source_running,confirmed,
svc:fts-web,route:fts/PUT /v1/account/register/reconcile,owns,,,real_source_running,confirmed,
svc:fts-web,route:fts/PUT /v1/attempts/reconcile,owns,,,real_source_running,confirmed,
svc:fts-web,route:fts/PUT /v1/transfer,owns,,,real_source_running,confirmed,
svc:fts-web,route:ledger/POST /twirp/rzp.ledger.account.v1.AccountAPI/CreateOnEvent,calls,pool_account_onboarding (nodal/current source accounts) task LedgerAccountCreateV2,identity:service-basic-auth:ledger-clients,real_source_mapped_not_running,confirmed,fts/internal/account/ledger_request.go:7-48;fts/internal/tasks/ledger_account_create.go:20-55
svc:fts-web,route:xas/GET /v1/account_statements/fetch_multiple_by_reference_numbers,reads,retry preprocessor: credit present → retry allowed; debit only → CodeDebitEntryExistInStatement,,high_fidelity_replacement,confirmed,"fts/internal/transfer/retry_preprocessor_service.go:249-262,310-348"
svc:fts-web,sub:monolith-stub,calls,update_fts_fund_transfer relay (route E/R2),,,confirmed,
svc:fts-web,sub:mozart-sim,calls,[mozart] host={{MOZART.url}} — bank gateway,,,confirmed,
svc:fts-web,svc:ledger-api,calls,"FTS reaches ledger-api DIRECTLY (bypasses ledger-gate, DEV row 447)",,,confirmed,
svc:fts-web,svc:mozart,calls,"gateway auth/session, transfer_init sync paths, account_balance, beneficiary_verify/register, create_otp",identity:mozart-basic-auth:fts,high_fidelity_replacement,confirmed,fts/internal/providers/mozart/executor.go:17-42;fts/internal/config/mozart.go:4-13
svc:fts-web,svc:payouts-api,calls,POST /v1/payouts/transfer_status_webhook (route D/R1),,,confirmed,
svc:fts-web,table:fts/account_type_mappings,reads,,,real_source_running,confirmed,
svc:fts-web,table:fts/attempts,writes,,,real_source_running,confirmed,fts/internal/transfer/repo.go:1
svc:fts-web,table:fts/attempts_unique_keys,writes,,,real_source_running,confirmed,fts/internal/transfer/repo.go:1
svc:fts-web,table:fts/audit_logs,reads,,,real_source_running,confirmed,
svc:fts-web,table:fts/bank_account_meta,reads,,,real_source_running,confirmed,
svc:fts-web,table:fts/bank_accounts,reads,,,real_source_running,confirmed,
svc:fts-web,table:fts/batches,reads,,,real_source_running,confirmed,
svc:fts-web,table:fts/bene_health,reads,,,real_source_running,confirmed,
svc:fts-web,table:fts/beneficiary_status,reads,,,real_source_running,confirmed,
svc:fts-web,table:fts/cards,reads,,,real_source_running,confirmed,
svc:fts-web,table:fts/channel_health_events,reads,,,real_source_running,confirmed,
svc:fts-web,table:fts/channel_information_status,reads,,,real_source_running,confirmed,
svc:fts-web,table:fts/channel_information_status_logs,reads,,,real_source_running,confirmed,
svc:fts-web,table:fts/channel_metrics,reads,,,real_source_running,confirmed,
svc:fts-web,table:fts/cron_jobs,reads,,,real_source_running,confirmed,
svc:fts-web,table:fts/direct_account_routing_rules,reads,,,real_source_running,confirmed,
svc:fts-web,table:fts/downtime_state_change_logs,reads,,,real_source_running,confirmed,
svc:fts-web,table:fts/downtimes,reads,,,real_source_running,confirmed,
svc:fts-web,table:fts/entity_meta,reads,,,real_source_running,confirmed,
svc:fts-web,table:fts/event_tags,reads,,,real_source_running,confirmed,
svc:fts-web,table:fts/fail_fast_status,reads,,,real_source_running,confirmed,
svc:fts-web,table:fts/fail_fast_status_logs,reads,,,real_source_running,confirmed,
svc:fts-web,table:fts/fund_accounts,reads,,,real_source_running,confirmed,
svc:fts-web,table:fts/key_value_store,reads,,,real_source_running,confirmed,
svc:fts-web,table:fts/key_value_store_logs,reads,,,real_source_running,confirmed,
svc:fts-web,table:fts/merchant_communication_details,reads,,,real_source_running,confirmed,
svc:fts-web,table:fts/merchant_configuration,reads,,,real_source_running,confirmed,
svc:fts-web,table:fts/multi_account_routing_rules,reads,,,real_source_running,confirmed,
svc:fts-web,table:fts/non_saved_cards,reads,,,real_source_running,confirmed,
svc:fts-web,table:fts/otp_information,reads,,,real_source_running,confirmed,
svc:fts-web,table:fts/otp_request_logs,reads,,,real_source_running,confirmed,
svc:fts-web,table:fts/otp_requests,reads,,,real_source_running,confirmed,
svc:fts-web,table:fts/otp_verification_logs,reads,,,real_source_running,confirmed,
svc:fts-web,table:fts/preferred_routing_weights,reads,,,real_source_running,confirmed,
svc:fts-web,table:fts/remitter_accounts,reads,,,real_source_running,confirmed,
svc:fts-web,table:fts/schedules,reads,,,real_source_running,confirmed,
svc:fts-web,table:fts/source_account_mappings,reads,,,real_source_running,confirmed,
svc:fts-web,table:fts/source_accounts,reads,,,real_source_running,confirmed,
svc:fts-web,table:fts/state_change_log,writes,,,real_source_running,confirmed,fts/internal/transfer/repo.go:1
svc:fts-web,table:fts/transfer_meta,writes,,,real_source_running,confirmed,fts/internal/transfer/repo.go:1
svc:fts-web,table:fts/transfers,writes,,,real_source_running,confirmed,fts/internal/transfer/repo.go:1
svc:fts-web,table:fts/trigger_status,reads,,,real_source_running,confirmed,
svc:fts-web,table:fts/trigger_status_logs,reads,,,real_source_running,confirmed,
svc:fts-web,table:fts/vpas,reads,,,real_source_running,confirmed,
svc:fts-web,table:fts/wallets,reads,,,real_source_running,confirmed,
svc:governor,route:governor/POST /v1/namespaces/:namespace_id/execute,owns,,,,confirmed,governor/app/controllers/governor.go:371-414
svc:ledger-api,db:arena/localstack,depends_on,docker-compose depends_on: localstack,,,confirmed,
svc:ledger-api,db:arena/localstack,produces,SQS/SNS,,,confirmed,
svc:ledger-api,db:arena/redis,depends_on,docker-compose depends_on: redis,,,confirmed,
svc:ledger-api,db:arena/redis,reads,cache / mutex / reservations,,,confirmed,
svc:ledger-api,db:ledger/postgres,depends_on,docker-compose depends_on: postgres-ledger,,,confirmed,
svc:ledger-api,db:ledger/postgres,writes,,,,confirmed,
svc:ledger-api,identity:service-basic-auth:ledger-clients,authenticates,,,real_source_running,confirmed,
svc:ledger-api,repo:ledger,owns,built from pinned SHA,,,confirmed,
svc:ledger-api,route:ledger/POST /twirp/rzp.ledger.account.v1.AccountAPI/Activate,owns,,,real_source_running,confirmed,
svc:ledger-api,route:ledger/POST /twirp/rzp.ledger.account.v1.AccountAPI/Archive,owns,,,real_source_running,confirmed,
svc:ledger-api,route:ledger/POST /twirp/rzp.ledger.account.v1.AccountAPI/Create,owns,,,real_source_running,confirmed,
svc:ledger-api,route:ledger/POST /twirp/rzp.ledger.account.v1.AccountAPI/CreateInBulk,owns,,,real_source_running,confirmed,
svc:ledger-api,route:ledger/POST /twirp/rzp.ledger.account.v1.AccountAPI/CreateMerchantSubAccounts,owns,,,real_source_running,confirmed,
svc:ledger-api,route:ledger/POST /twirp/rzp.ledger.account.v1.AccountAPI/CreateOnEvent,owns,,,real_source_running,confirmed,
svc:ledger-api,route:ledger/POST /twirp/rzp.ledger.account.v1.AccountAPI/CreateSplitAccounts,owns,,,real_source_running,confirmed,
svc:ledger-api,route:ledger/POST /twirp/rzp.ledger.account.v1.AccountAPI/Deactivate,owns,,,real_source_running,confirmed,
svc:ledger-api,route:ledger/POST /twirp/rzp.ledger.account.v1.AccountAPI/FetchByEntitiesAndMerchantID,owns,,,real_source_running,confirmed,
svc:ledger-api,route:ledger/POST /twirp/rzp.ledger.account.v1.AccountAPI/FetchById,owns,,,real_source_running,confirmed,
svc:ledger-api,route:ledger/POST /twirp/rzp.ledger.account.v1.AccountAPI/FetchByMerchantID,owns,,,real_source_running,confirmed,
svc:ledger-api,route:ledger/POST /twirp/rzp.ledger.account.v1.AccountAPI/FetchInBulkByEntitiesAndMerchantID,owns,,,real_source_running,confirmed,
svc:ledger-api,route:ledger/POST /twirp/rzp.ledger.account.v1.AccountAPI/Update,owns,,,real_source_running,confirmed,
svc:ledger-api,route:ledger/POST /twirp/rzp.ledger.account.v1.AccountAPI/UpdateByEntitiesAndMerchantID,owns,,,real_source_running,confirmed,
svc:ledger-api,route:ledger/POST /twirp/rzp.ledger.account_detail.v1.AccountDetailAPI/Create,owns,,,real_source_running,confirmed,
svc:ledger-api,route:ledger/POST /twirp/rzp.ledger.account_detail.v1.AccountDetailAPI/FetchByAccountId,owns,,,real_source_running,confirmed,
svc:ledger-api,route:ledger/POST /twirp/rzp.ledger.account_detail.v1.AccountDetailAPI/FetchById,owns,,,real_source_running,confirmed,
svc:ledger-api,route:ledger/POST /twirp/rzp.ledger.account_detail.v1.AccountDetailAPI/Update,owns,,,real_source_running,confirmed,
svc:ledger-api,route:ledger/POST /twirp/rzp.ledger.dashboard.v1.DashboardAPI/DeleteMerchants,owns,,,real_source_running,confirmed,
svc:ledger-api,route:ledger/POST /twirp/rzp.ledger.dashboard.v1.DashboardAPI/FetchAccountFormFieldOptions,owns,,,real_source_running,confirmed,
svc:ledger-api,route:ledger/POST /twirp/rzp.ledger.dashboard.v1.DashboardAPI/FetchAccountTypes,owns,,,real_source_running,confirmed,
svc:ledger-api,route:ledger/POST /twirp/rzp.ledger.dashboard.v1.DashboardAPI/FetchFilter,owns,,,real_source_running,confirmed,
svc:ledger-api,route:ledger/POST /twirp/rzp.ledger.dashboard.v1.DashboardAPI/FetchJournalFormFieldOptions,owns,,,real_source_running,confirmed,
svc:ledger-api,route:ledger/POST /twirp/rzp.ledger.dashboard.v1.DashboardAPI/FetchLedgerConfigFormFieldOptions,owns,,,real_source_running,confirmed,
svc:ledger-api,route:ledger/POST /twirp/rzp.ledger.dashboard.v1.DashboardAPI/FetchMerchantAccounts,owns,,,real_source_running,confirmed,
svc:ledger-api,route:ledger/POST /twirp/rzp.ledger.dashboard.v1.DashboardAPI/FetchMerchantLedgerEntries,owns,,,real_source_running,confirmed,
svc:ledger-api,route:ledger/POST /twirp/rzp.ledger.dashboard.v1.DashboardAPI/FetchMerchantLedgerEntryByID,owns,,,real_source_running,confirmed,
svc:ledger-api,route:ledger/POST /twirp/rzp.ledger.dashboard.v1.DashboardAPI/FetchPGMerchantAccounts,owns,,,real_source_running,confirmed,
svc:ledger-api,route:ledger/POST /twirp/rzp.ledger.dashboard.v1.DashboardAPI/FetchPGMerchantBalances,owns,,,real_source_running,confirmed,
svc:ledger-api,route:ledger/POST /twirp/rzp.ledger.dashboard.v1.DashboardAPI/ReplayJournalRejectedEvents,owns,,,real_source_running,confirmed,
svc:ledger-api,route:ledger/POST /twirp/rzp.ledger.journal.v1.JournalAPI/Create,owns,,,real_source_running,confirmed,
svc:ledger-api,route:ledger/POST /twirp/rzp.ledger.journal.v1.JournalAPI/CreateInBulk,owns,,,real_source_running,confirmed,
svc:ledger-api,route:ledger/POST /twirp/rzp.ledger.journal.v1.JournalAPI/CreateJournalRejectedEvents,owns,,,real_source_running,confirmed,
svc:ledger-api,route:ledger/POST /twirp/rzp.ledger.journal.v1.JournalAPI/CreateLedgerEntryDetails,owns,,,real_source_running,confirmed,
svc:ledger-api,route:ledger/POST /twirp/rzp.ledger.journal.v1.JournalAPI/FetchById,owns,,,real_source_running,confirmed,
svc:ledger-api,route:ledger/POST /twirp/rzp.ledger.journal.v1.JournalAPI/FetchByTransactor,owns,,,real_source_running,confirmed,
svc:ledger-api,route:ledger/POST /twirp/rzp.ledger.journal.v1.JournalAPI/UpdateBalance,owns,,,real_source_running,confirmed,
svc:ledger-api,route:ledger/POST /twirp/rzp.ledger.ledger_config.v1.LedgerConfigAPI/Create,owns,,,real_source_running,confirmed,
svc:ledger-api,route:ledger/POST /twirp/rzp.ledger.ledger_config.v1.LedgerConfigAPI/CreateInBulk,owns,,,real_source_running,confirmed,
svc:ledger-api,route:ledger/POST /twirp/rzp.ledger.ledger_config.v1.LedgerConfigAPI/Delete,owns,,,real_source_running,confirmed,
svc:ledger-api,route:ledger/POST /twirp/rzp.ledger.ledger_config.v1.LedgerConfigAPI/Update,owns,,,real_source_running,confirmed,
svc:ledger-api,route:ledger/POST /twirp/rzp.ledger.ledger_entry.v1.LedgerEntryAPI/FetchById,owns,,,real_source_running,confirmed,
svc:ledger-api,route:ledger/POST /twirp/rzp.ledger.ledger_entry.v1.LedgerEntryAPI/UpdateNotes,owns,,,real_source_running,confirmed,
svc:ledger-api,table:ledger/account_details,writes,,,real_source_running,confirmed,
svc:ledger-api,table:ledger/accounts,writes,,,real_source_running,confirmed,
svc:ledger-api,table:ledger/idempotency,writes,,,real_source_running,confirmed,
svc:ledger-api,table:ledger/idempotency_partition_info,reads,,,real_source_running,confirmed,
svc:ledger-api,table:ledger/journal,writes,,,real_source_running,confirmed,
svc:ledger-api,table:ledger/journal_rejected_events,writes,,,real_source_running,confirmed,
svc:ledger-api,table:ledger/ledger_config,writes,,,real_source_running,confirmed,
svc:ledger-api,table:ledger/ledger_entries,writes,,,real_source_running,confirmed,
svc:ledger-api,table:ledger/ledger_entry_details,writes,,,real_source_running,confirmed,
svc:ledger-api,table:ledger/onboarding_events,writes,,,real_source_running,confirmed,
svc:ledger-api,table:ledger/outbox_jobs,writes,,,real_source_running,confirmed,
svc:ledger-api,table:ledger/split_accounts,writes,,,real_source_running,confirmed,
svc:ledger-api,table:ledger/state_change_logs,writes,,,real_source_running,confirmed,
svc:ledger-api,worker:ledger/account_create,depends_on,,,real_source_running,confirmed,
svc:ledger-api,worker:ledger/balance_update,depends_on,,,real_source_running,confirmed,
svc:ledger-api,worker:ledger/balance_update_pg,depends_on,,,real_source_mapped_not_running,confirmed,
svc:ledger-api,worker:ledger/journal_create,depends_on,,,real_source_running,confirmed,
svc:ledger-api,worker:ledger/ledger_entry_details_create,depends_on,,,real_source_running,confirmed,
svc:ledger-api,worker:ledger/ledger_entry_details_create_pg,depends_on,,,real_source_running,confirmed,
svc:ledger-api,worker:ledger/outbox_relay,depends_on,,,real_source_mapped_not_running,confirmed,
svc:ledger-api,worker:ledger/scheduler,depends_on,,,real_source_running,confirmed,
svc:ledger-api,worker:ledger/worker_kafka,depends_on,,,real_source_mapped_not_running,confirmed,
svc:ledger-api,worker:ledger/worker_makeshift_txn,depends_on,,,real_source_mapped_not_running,confirmed,
svc:mozart,ext:bank-amazonpay,calls,bank API per app/config/fts/<gateway>/<version>/<action>.json,,blocked_missing_access,confirmed,mozart/app/routes/available_routes.go:2501-2626
svc:mozart,ext:bank-axis,calls,bank API per app/config/fts/<gateway>/<version>/<action>.json,,blocked_missing_access,confirmed,mozart/app/routes/available_routes.go:2501-2626
svc:mozart,ext:bank-citi,calls,bank API per app/config/fts/<gateway>/<version>/<action>.json,,blocked_missing_access,confirmed,mozart/app/routes/available_routes.go:2501-2626
svc:mozart,ext:bank-icici,calls,bank API per app/config/fts/<gateway>/<version>/<action>.json,,blocked_missing_access,confirmed,mozart/app/routes/available_routes.go:2501-2626
svc:mozart,ext:bank-idfc,calls,bank API per app/config/fts/<gateway>/<version>/<action>.json,,blocked_missing_access,confirmed,mozart/app/routes/available_routes.go:2501-2626
svc:mozart,ext:bank-kotak,calls,bank API per app/config/fts/<gateway>/<version>/<action>.json,,blocked_missing_access,confirmed,mozart/app/routes/available_routes.go:2501-2626
svc:mozart,ext:bank-m2p,calls,bank API per app/config/fts/<gateway>/<version>/<action>.json,,blocked_missing_access,confirmed,mozart/app/routes/available_routes.go:2501-2626
svc:mozart,ext:bank-mcs,calls,bank API per app/config/fts/<gateway>/<version>/<action>.json,,blocked_missing_access,confirmed,mozart/app/routes/available_routes.go:2501-2626
svc:mozart,ext:bank-ocbc-duitnow,calls,bank API per app/config/fts/<gateway>/<version>/<action>.json,,blocked_missing_access,confirmed,mozart/app/routes/available_routes.go:2501-2626
svc:mozart,ext:bank-rbl,calls,bank API per app/config/fts/<gateway>/<version>/<action>.json,,blocked_missing_access,confirmed,mozart/app/routes/available_routes.go:2501-2626
svc:mozart,ext:bank-rbl,calls,,,high_fidelity_replacement,confirmed,
svc:mozart,ext:bank-yesbank,calls,bank API per app/config/fts/<gateway>/<version>/<action>.json,,blocked_missing_access,confirmed,mozart/app/routes/available_routes.go:2501-2626
svc:mozart,sub:mozart-sim,implements,twin substitute for namespace fts (RBL v1 grounded),,high_fidelity_replacement,confirmed,ENV2_COMPOSE/substitutes/mozart-sim/CONTRACT.md
svc:mozart,svc:mozart-mock-mode,implements,mozart -mock (fixture replay); unbuildable here,,blocked_missing_access,confirmed,mozart/main.go:443-454
svc:payout-links,event:payout_link.attempted,produces,Stork ProcessEvent (payout-links stork auth key 'payout-links'),,,confirmed,
svc:payout-links,event:payout_link.cancelled,produces,Stork ProcessEvent (payout-links stork auth key 'payout-links'),,,confirmed,
svc:payout-links,event:payout_link.expired,produces,Stork ProcessEvent (payout-links stork auth key 'payout-links'),,,confirmed,
svc:payout-links,event:payout_link.issued,produces,Stork ProcessEvent (payout-links stork auth key 'payout-links'),,,confirmed,
svc:payout-links,event:payout_link.pending,produces,Stork ProcessEvent (payout-links stork auth key 'payout-links'),,,confirmed,
svc:payout-links,event:payout_link.processed,produces,Stork ProcessEvent (payout-links stork auth key 'payout-links'),,,confirmed,
svc:payout-links,event:payout_link.processing,produces,Stork ProcessEvent (payout-links stork auth key 'payout-links'),,,confirmed,
svc:payout-links,event:payout_link.rejected,produces,Stork ProcessEvent (payout-links stork auth key 'payout-links'),,,confirmed,
svc:payout-links,route:payout-links/POST /twirp/payoutlinks.Payoutlinks/createPayoutLink,owns,,,,confirmed,payout-links/rpc/payout-links/service.proto:9
svc:payout-links,route:payout-links/POST /twirp/payoutlinks.Payoutlinks/initiatePayoutLink,owns,,,,confirmed,payout-links/rpc/payout-links/service.proto:16;payout-links/internal/payout/core.go:42-52
svc:payout-links,route:payout-links/POST /twirp/payoutlinks.Payoutlinks/updatePayoutLinkStatus,owns,,,,confirmed,payout-links/internal/apiservice/server.go:364-376;api/app/Services/PayoutLinks.php:109
svc:payout-links,svc:api-monolith,calls,"POST /v1/payouts_internal with header X-Payout-Idempotency; also GET /v1/payouts_internal[/{id}], POST /v1/payouts/purpose/validate, PATCH /v1/payouts_internal/attachments",identity:api-basic-auth:payout-links,graph_only,confirmed,payout-links/internal/payout/core.go:42-52;payout-links/config/routes/routesprod.toml [PayoutConfig]
svc:payout-links,topic:payout-updates-payout-links,consumes,SNS subscription (consumer not readable in the payout-links clone),,,inferred,
svc:payouts-api,db:api-monolith/mysql,depends_on,docker-compose depends_on: mysql-apidb-stub,,,confirmed,
svc:payouts-api,db:api-monolith/mysql,reads,[db.api] status-details fail-open + TiDB payouts_temp writes,,,confirmed,
svc:payouts-api,db:arena/kafka,depends_on,docker-compose depends_on: kafka,,,confirmed,
svc:payouts-api,db:arena/localstack,depends_on,docker-compose depends_on: localstack,,,confirmed,
svc:payouts-api,db:arena/localstack,produces,SQS/SNS,,,confirmed,
svc:payouts-api,db:arena/redis,depends_on,docker-compose depends_on: redis,,,confirmed,
svc:payouts-api,db:arena/redis,reads,cache / mutex / reservations,,,confirmed,
svc:payouts-api,db:payouts/mysql,depends_on,docker-compose depends_on: mysql-payouts,,,confirmed,
svc:payouts-api,db:payouts/mysql,reads,,,,,
svc:payouts-api,db:payouts/mysql,writes,[db.payouts],,,confirmed,
svc:payouts-api,db:payouts/redis,writes,,,,,
svc:payouts-api,ext:api-monolith,calls,"internal ingress for pricing, merchant, razorx, workflow proxy",,high_fidelity_replacement,confirmed,"payouts/config/default.toml:134-135,192-210,275-293"
svc:payouts-api,ext:asv,calls,Account Service merchant lookup,,high_fidelity_replacement,confirmed,payouts/config/default.toml:675-695
svc:payouts-api,ext:banking-accounts,calls,GET /merchant/{id}/banking_account_by_account_number/{acct}/ and /credentials,,high_fidelity_replacement,confirmed,payouts/pkg/bankingAccountService/fetch_account.go:14
svc:payouts-api,ext:cfa,calls,contact + fund-account lookups,,real_source_running,confirmed,payouts/pkg/cfa:1
svc:payouts-api,ext:dcs,calls,DCS Get/Patch for merchant config objects,,high_fidelity_replacement,confirmed,payouts/pkg/dcs/service.go:20-120
svc:payouts-api,ext:elasticsearch,calls,payout document index/query,,graph_only,confirmed,payouts/config/default.toml:766-785
svc:payouts-api,ext:fts,calls,"POST {fts}/transfer (transfer init) and /v1/routing/mode_selection, /routing/route_selection",,real_source_running,confirmed,"payouts/pkg/fts/transfer_init_create.go:23,170"
svc:payouts-api,ext:ledger,calls,ledger-sdk JournalCreate / FetchByTransactor,,real_source_running,confirmed,payouts/pkg/ledger/ledger_journal_create.go:1
svc:payouts-api,ext:mozart,calls,RBL account-statement fetch via Mozart,,high_fidelity_replacement,confirmed,payouts/config/default.toml:230-247
svc:payouts-api,ext:raven,calls,Raven SMS/OTP,,graph_only,confirmed,payouts/config/default.toml:881-901
svc:payouts-api,ext:shield,calls,shield-sdk rule evaluation,,high_fidelity_replacement,confirmed,payouts/pkg/shield/shield_payout_rule_evaluate.go:1
svc:payouts-api,ext:splitz,calls,Splitz Evaluate (client-side eval with 5min cache),,high_fidelity_replacement,confirmed,payouts/config/default.toml:510-530
svc:payouts-api,ext:stork,calls,Stork webhook/email/SMS publish (namespace razorpayx_payouts_core),,high_fidelity_replacement,confirmed,payouts/config/default.toml:156-190
svc:payouts-api,ext:ups,calls,UPS settings fetch,,graph_only,confirmed,payouts/config/default.toml:335-354
svc:payouts-api,ext:workflows,calls,Twirp rzp.workflows.workflow.v1.WorkflowAPI/Create and /Get,,high_fidelity_replacement,confirmed,payouts/pkg/workflow/workflow_create.go:17; payouts/pkg/workflow/fetch_workflow.go:15
svc:payouts-api,ext:x-balances,calls,balance fetch / sub-balance lookups,,real_source_running,confirmed,payouts/config/default.toml:654-674
svc:payouts-api,ext:xas,calls,x-account-statements fetch,,high_fidelity_replacement,confirmed,payouts/config/default.toml:633-653
svc:payouts-api,flag:dcs/accounting_integration_config,gated_by,accounting integration config,,high_fidelity_replacement,confirmed,payouts/pkg/dcs/features/features.go:68
svc:payouts-api,flag:dcs/allowed_upi_channels,gated_by,permitted UPI channels for direct accounts,,high_fidelity_replacement,confirmed,payouts/pkg/dcs/features/features.go:56
svc:payouts-api,flag:dcs/assume_sub_account,gated_by,sub-account assumption for sub-balance payouts,,high_fidelity_replacement,confirmed,payouts/pkg/dcs/features/features.go:72
svc:payouts-api,flag:dcs/below_rupee_payouts,gated_by,permit sub-rupee payout amounts,,high_fidelity_replacement,confirmed,payouts/pkg/dcs/features/features.go:34
svc:payouts-api,flag:dcs/bene_name_in_payout,gated_by,include beneficiary name in payout create/response,,high_fidelity_replacement,confirmed,payouts/pkg/dcs/features/features.go:30
svc:payouts-api,flag:dcs/disallow_traffic_for_test_transactions,gated_by,block DMT test transactions,,high_fidelity_replacement,confirmed,payouts/pkg/dcs/features/features.go:53
svc:payouts-api,flag:dcs/enable_approval_via_oauth,gated_by,allow OAuth actors to approve,,high_fidelity_replacement,confirmed,payouts/pkg/dcs/features/features.go:45
svc:payouts-api,flag:dcs/enable_beneficiary_name_in_response,gated_by,expose bene name on fetch responses,,high_fidelity_replacement,confirmed,payouts/pkg/dcs/features/features.go:31
svc:payouts-api,flag:dcs/enable_http_encryption,gated_by,request/response payload encryption middleware,,high_fidelity_replacement,confirmed,payouts/pkg/dcs/features/features.go:35
svc:payouts-api,flag:dcs/enable_intelligent_payouts,gated_by,async/intelligent payout processing,,high_fidelity_replacement,confirmed,payouts/pkg/dcs/features/features.go:52
svc:payouts-api,flag:dcs/enable_null_narration,gated_by,allow a null narration on create,,high_fidelity_replacement,confirmed,payouts/pkg/dcs/features/features.go:32
svc:payouts-api,flag:dcs/enable_payout_workflow,gated_by,master switch for maker-checker on payouts,,high_fidelity_replacement,confirmed,payouts/pkg/dcs/features/features.go:49
svc:payouts-api,flag:dcs/enable_payouts,gated_by,master payouts kill switch for the merchant,,high_fidelity_replacement,confirmed,payouts/pkg/dcs/features/features.go:39
svc:payouts-api,flag:dcs/enable_payouts_buffer,gated_by,declared feature constant; not referenced by Feature.Key() at this SHA,,high_fidelity_replacement,confirmed,payouts/pkg/dcs/features/features.go:59
svc:payouts-api,flag:dcs/enable_payouts_queue_buffer,gated_by,enable the balance-buffer queueing strategy,,high_fidelity_replacement,confirmed,payouts/pkg/dcs/features/features.go:58
svc:payouts-api,flag:dcs/fmp_config,gated_by,"fund-management-payout balance config (map<string,string>)",,high_fidelity_replacement,confirmed,payouts/pkg/dcs/features/features.go:65
svc:payouts-api,flag:dcs/in_flight_reservation_enabled,gated_by,enable the Redis in-flight balance reservation gate,,high_fidelity_replacement,confirmed,payouts/pkg/dcs/features/features.go:62
svc:payouts-api,flag:dcs/increase_per_payout_amount_limit,gated_by,raise per-payout amount ceiling,,high_fidelity_replacement,confirmed,payouts/pkg/dcs/features/features.go:40
svc:payouts-api,flag:dcs/payout_idem_key_required,gated_by,make X-Payout-Idempotency mandatory,,high_fidelity_replacement,confirmed,payouts/pkg/dcs/features/features.go:33
svc:payouts-api,flag:dcs/payout_service_enabled,gated_by,route this merchant's payouts to PS instead of the monolith,,high_fidelity_replacement,confirmed,payouts/pkg/dcs/features/features.go:36
svc:payouts-api,flag:dcs/payouts_blocked_via_lite_account,gated_by,block payouts on lite accounts,,high_fidelity_replacement,confirmed,payouts/pkg/dcs/features/features.go:42
svc:payouts-api,flag:dcs/payouts_to_fts_async_processing,gated_by,hand the FTS transfer to the fts_async_processing worker instead of inline,,high_fidelity_replacement,confirmed,payouts/pkg/dcs/features/features.go:41
svc:payouts-api,flag:dcs/queue_payout_bal_buffer,gated_by,balance buffer amount used by the queueing strategy,,high_fidelity_replacement,confirmed,payouts/pkg/dcs/features/features.go:57
svc:payouts-api,flag:dcs/rbl_ca_upi,gated_by,RBL current-account UPI payouts,,high_fidelity_replacement,confirmed,payouts/pkg/dcs/features/features.go:60
svc:payouts-api,flag:dcs/skip_approval_workflow_for_api,gated_by,skip maker-checker for API-initiated payouts,,high_fidelity_replacement,confirmed,payouts/pkg/dcs/features/features.go:48
svc:payouts-api,flag:dcs/skip_workflow_for_dashboard,gated_by,skip maker-checker for dashboard-initiated payouts,,high_fidelity_replacement,confirmed,payouts/pkg/dcs/features/features.go:46
svc:payouts-api,flag:dcs/skip_workflow_for_payroll,gated_by,skip maker-checker for xpayroll payouts,,high_fidelity_replacement,confirmed,payouts/pkg/dcs/features/features.go:47
svc:payouts-api,flag:dcs/sync_payouts,gated_by,sync payouts to the accounting integration,,high_fidelity_replacement,confirmed,payouts/pkg/dcs/features/features.go:69
svc:payouts-api,flag:splitz/account_statement_source_event,gated_by,,,high_fidelity_replacement,confirmed,
svc:payouts-api,flag:splitz/account_statement_source_event,gated_by,XAS statement source-event consumption,,high_fidelity_replacement,confirmed,payouts/config/default.toml:547
svc:payouts-api,flag:splitz/api_and_webhook_additional_fields,gated_by,extra fields on API responses and webhooks,,high_fidelity_replacement,confirmed,payouts/config/default.toml:544
svc:payouts-api,flag:splitz/bulk_payout_concurrency_experiment,gated_by,bulk payout worker concurrency,,high_fidelity_replacement,confirmed,payouts/config/default.toml:545
svc:payouts-api,flag:splitz/bulk_processing_optimisation_experiment,gated_by,bulk processing optimisation,,high_fidelity_replacement,confirmed,payouts/config/default.toml:546
svc:payouts-api,flag:splitz/charge_collections_call_canary_experiment,gated_by,charge-collections canary call,,high_fidelity_replacement,confirmed,payouts/config/default.toml:551
svc:payouts-api,flag:splitz/charge_collections_call_experiment,gated_by,charge-collections call,,high_fidelity_replacement,confirmed,payouts/config/default.toml:550
svc:payouts-api,flag:splitz/deduct_credits_experiment,gated_by,credit deduction path (free payouts / reward credits),,high_fidelity_replacement,confirmed,payouts/config/default.toml:556
svc:payouts-api,flag:splitz/downtime_v2_webhook_notification_experiment,gated_by,downtime v2 webhook notifications,,high_fidelity_replacement,confirmed,payouts/config/default.toml:542
svc:payouts-api,flag:splitz/fetch_balance_entity_from_x_balance,gated_by,,,high_fidelity_replacement,confirmed,
svc:payouts-api,flag:splitz/fetch_balance_entity_from_x_balance,gated_by,read the balance entity from x-balances,,high_fidelity_replacement,confirmed,payouts/config/default.toml:553
svc:payouts-api,flag:splitz/fetch_balance_entity_from_x_balance_async,gated_by,async balance-entity read from x-balances,,high_fidelity_replacement,confirmed,payouts/config/default.toml:554
svc:payouts-api,flag:splitz/fetch_by_id_api_fallback_experiment,gated_by,fall back to the API monolith on fetch-by-id,,high_fidelity_replacement,confirmed,payouts/config/default.toml:558
svc:payouts-api,flag:splitz/fetch_from_microservices_experiment,gated_by,fetch payout data from microservices instead of the monolith,,high_fidelity_replacement,confirmed,payouts/config/default.toml:552
svc:payouts-api,flag:splitz/fetch_payout_by_id_via_orchestrator_experiment,gated_by,fetch-by-id via the fetch orchestrator,,high_fidelity_replacement,confirmed,payouts/config/default.toml:557
svc:payouts-api,flag:splitz/fmp_initiate_experiment,gated_by,fund-management-payout initiate rollout,,high_fidelity_replacement,confirmed,payouts/config/default.toml:562
svc:payouts-api,flag:splitz/forChargeCollectionEvaluate,gated_by,charge-collections evaluation,,high_fidelity_replacement,confirmed,payouts/config/default.toml:536
svc:payouts-api,flag:splitz/forDualWriteDirectPushToAPI,gated_by,push dual-write payloads straight onto the API monolith queue,,high_fidelity_replacement,confirmed,payouts/config/default.toml:535
svc:payouts-api,flag:splitz/forDuplicatePayoutEvaluate,gated_by,duplicate-payout prevention evaluation on create,,high_fidelity_replacement,confirmed,payouts/config/default.toml:532
svc:payouts-api,flag:splitz/forPayoutPropertiesEventEvaluate,gated_by,payout properties event emission,,high_fidelity_replacement,confirmed,payouts/config/default.toml:533
svc:payouts-api,flag:splitz/forProcessingFilterEvaluate,gated_by,processing filter evaluation,,high_fidelity_replacement,confirmed,payouts/config/default.toml:538
svc:payouts-api,flag:splitz/free_payouts_xbalances_experiment,gated_by,free-payout counters sourced from x-balances,,high_fidelity_replacement,confirmed,payouts/config/default.toml:561
svc:payouts-api,flag:splitz/fts_request_from_payouts_service_experiment,gated_by,PS calls FTS directly instead of via the monolith,,high_fidelity_replacement,confirmed,payouts/config/default.toml:540
svc:payouts-api,flag:splitz/fund_account_optimisation_experiment,gated_by,fund-account cache optimisation,,high_fidelity_replacement,confirmed,payouts/config/default.toml:543
svc:payouts-api,flag:splitz/go_routine_capping_experiment,gated_by,goroutine allocator capping,,high_fidelity_replacement,confirmed,payouts/config/default.toml:541
svc:payouts-api,flag:splitz/ikey_auto_enforcement_ramp_up,gated_by,auto-enforcement ramp of idempotency keys,,high_fidelity_replacement,confirmed,payouts/config/default.toml:548
svc:payouts-api,flag:splitz/merchant_config_via_asv_and_dcs_experiment,gated_by,merchant config read via ASV+DCS,,high_fidelity_replacement,confirmed,payouts/config/default.toml:549
svc:payouts-api,flag:splitz/merchant_configuration_experiment,gated_by,merchant_configurations table lookup path,,high_fidelity_replacement,confirmed,payouts/config/default.toml:537
svc:payouts-api,flag:splitz/partner_bank_on_hold_payouts_experiment,gated_by,partner-bank downtime hold path,,high_fidelity_replacement,confirmed,payouts/config/default.toml:534
svc:payouts-api,flag:splitz/payout_workflows_dcs_name_experiment,gated_by,workflow feature name resolution via DCS,,high_fidelity_replacement,confirmed,payouts/config/default.toml:563
svc:payouts-api,flag:splitz/performance_optimization_experiment,gated_by,create-path performance optimisations,,high_fidelity_replacement,confirmed,payouts/config/default.toml:539
svc:payouts-api,flag:splitz/skip_balance_cache_force_x_balances,gated_by,bypass the balance cache and force an x-balances read,,high_fidelity_replacement,confirmed,payouts/config/default.toml:564
svc:payouts-api,flag:splitz/source_updater_sns_experiment,gated_by,SNS-based source updater fan-out,,high_fidelity_replacement,confirmed,payouts/config/default.toml:565
svc:payouts-api,flag:splitz/use_api_db_for_payout_status_details_experiment,gated_by,read payout_status_details from the API DB,,high_fidelity_replacement,confirmed,payouts/config/default.toml:560
svc:payouts-api,flag:splitz/use_api_db_for_payouts_experiment,gated_by,read payouts from the API monolith DB,,high_fidelity_replacement,confirmed,payouts/config/default.toml:559
svc:payouts-api,flag:splitz/xas_source_event_utr_and_grn_match_experiment,gated_by,UTR/gateway-ref matching on XAS source events,,high_fidelity_replacement,confirmed,payouts/config/default.toml:555
svc:payouts-api,queue:prod-x-account-statement-source-event,produces,"PushXasSourceEventAndSyncEs — Direct only, terminal status, Splitz account_statement_source_event, ≥1 of utr/grn/cms",,real_source_running,confirmed,"payouts/internal/job/x_account_statement_source_event.go:21-56,78-100;payouts/internal/app/payouts/core.go:1768-1880,8455-8550"
svc:payouts-api,queue:x-balances-payout-event,produces,[job].x_balances_payouts_event (Direct created),,behavioural_placeholder,confirmed,
svc:payouts-api,repo:payouts,owns,built from pinned SHA,,,confirmed,
svc:payouts-api,route:banking-accounts/GET /merchant/{merchant_id}/banking_account_by_account_number/{account_number}/credentials,reads,RBL statement worker credentials,,behavioural_placeholder,confirmed,
svc:payouts-api,route:banking-accounts/GET /payouts/shield/merchant/{merchant_id}/details,reads,,,high_fidelity_replacement,confirmed,
svc:payouts-api,route:cfa/GET /v1/contacts/{id},reads,,identity:service-basic-auth:cfa-callers,real_source_running,confirmed,
svc:payouts-api,route:cfa/GET /v1/fund_accounts/{id},reads,,identity:service-basic-auth:cfa-callers,real_source_running,confirmed,
svc:payouts-api,route:cfa/POST /v1/contacts,calls,,identity:service-basic-auth:cfa-callers,real_source_running,confirmed,
svc:payouts-api,route:cfa/POST /v1/fund_accounts,calls,,identity:service-basic-auth:cfa-callers,real_source_running,confirmed,
svc:payouts-api,route:cfa/POST /v1/fund_accounts/fetch_by_ids,calls,,identity:service-basic-auth:cfa-callers,real_source_running,confirmed,
svc:payouts-api,route:ledger/POST /twirp/rzp.ledger.account.v1.AccountAPI/FetchByEntitiesAndMerchantID,reads,fetchLiteVABalance (Lite VA / shared balance from ledger),,real_source_running,confirmed,payouts/internal/app/fundManagement/core.go:634-660;payouts/pkg/ledger/client.go:109
svc:payouts-api,route:ledger/POST /twirp/rzp.ledger.journal.v1.JournalAPI/Create,calls,payout_initiated synchronously at create (shared / sub_balance); InsufficientBalance → payout failed/queued,identity:service-basic-auth:ledger-clients,real_source_running,confirmed,"payouts/internal/app/payouts/processor/payoutViaLedgerService.go:22-122,240;payouts/pkg/ledger/client.go:125;payouts/internal/app/payouts/status.go:52-58"
svc:payouts-api,route:ledger/POST /twirp/rzp.ledger.journal.v1.JournalAPI/FetchByTransactor,calls,"re-read journal by (pout_<id>, event) / FAV",,real_source_running,confirmed,payouts/pkg/ledger/ledger_journal_fetch_by_transactor.go;payouts/pkg/ledger/fav_ledger_journal_fetch_by_transactor.go
svc:payouts-api,route:payouts/GET /commit.txt,owns,,,real_source_running,confirmed,
svc:payouts-api,route:payouts/GET /metrics,owns,,,real_source_running,confirmed,
svc:payouts-api,route:payouts/GET /status,owns,,,real_source_running,confirmed,
svc:payouts-api,route:payouts/GET /v1/admin/payouts/:balance_id/free_payout,owns,,,real_source_running,confirmed,
svc:payouts-api,route:payouts/GET /v1/banking_account_statement,owns,,,real_source_running,confirmed,
svc:payouts-api,route:payouts/GET /v1/cron/elasticsearch/mapping,owns,,,real_source_running,confirmed,
svc:payouts-api,route:payouts/GET /v1/cron/log_sampling,owns,,,real_source_running,confirmed,
svc:payouts-api,route:payouts/GET /v1/cron/payouts/fetch_multiple,owns,,,real_source_running,confirmed,
svc:payouts-api,route:payouts/GET /v1/elasticsearch/mapping,owns,,,real_source_running,confirmed,
svc:payouts-api,route:payouts/GET /v1/fund-management-payout/balance-config/merchants/:merchant_id,owns,,,real_source_running,confirmed,
svc:payouts-api,route:payouts/GET /v1/fund_accounts/validations/:id,owns,,,real_source_running,confirmed,
svc:payouts-api,route:payouts/GET /v1/idempotency-keys/check-excluded,owns,,,real_source_running,confirmed,
svc:payouts-api,route:payouts/GET /v1/inflight_reservations,owns,,,real_source_running,confirmed,
svc:payouts-api,route:payouts/GET /v1/internal/banking_account/:balance_id,owns,,,real_source_running,confirmed,
svc:payouts-api,route:payouts/GET /v1/internal/non_terminal_payouts/:balance_id,owns,,,real_source_running,confirmed,
svc:payouts-api,route:payouts/GET /v1/payouts,owns,,,real_source_running,confirmed,
svc:payouts-api,route:payouts/GET /v1/payouts/:id,owns,,,real_source_running,confirmed,
svc:payouts-api,route:payouts/GET /v1/payouts/_meta/summary,owns,,,real_source_running,confirmed,
svc:payouts-api,route:payouts/GET /v1/payouts/analytics,owns,,,real_source_running,confirmed,
svc:payouts-api,route:payouts/GET /v1/payouts/fetch_multiple,owns,,,real_source_running,confirmed,
svc:payouts-api,route:payouts/GET /v1/payouts/free_payout/:balance_id,owns,,,real_source_running,confirmed,
svc:payouts-api,route:payouts/GET /v1/payouts/mapped_vpa/:upi_number,owns,,,real_source_running,confirmed,
svc:payouts-api,route:payouts/GET /v1/payouts/payouts_internal/:payout_id,owns,,,real_source_running,confirmed,
svc:payouts-api,route:payouts/GET /v1/payouts/payouts_status_reason_map,owns,,,real_source_running,confirmed,
svc:payouts-api,route:payouts/GET /v1/payouts/schedule/timeslots,owns,,,real_source_running,confirmed,
svc:payouts-api,route:payouts/GET /v1/payouts/status_details/:id,owns,,,real_source_running,confirmed,
svc:payouts-api,route:payouts/GET /v1/payouts/xperience_get_payout/:id,owns,,,real_source_running,confirmed,
svc:payouts-api,route:payouts/PATCH /v1/admin/payouts_sync,owns,,,real_source_running,confirmed,
svc:payouts-api,route:payouts/PATCH /v1/merchant/update_merchant_feature_cache,owns,,,real_source_running,confirmed,
svc:payouts-api,route:payouts/PATCH /v1/payouts/:payout_id/attachments,owns,,,real_source_running,confirmed,
svc:payouts-api,route:payouts/PATCH /v1/payouts/attachments,owns,,,real_source_running,confirmed,
svc:payouts-api,route:payouts/PATCH /v1/payouts/update_credit_transfer_payout,owns,,,real_source_running,confirmed,
svc:payouts-api,route:payouts/PATCH /v1/payouts/update_payouts_with_fts,owns,,,real_source_running,confirmed,
svc:payouts-api,route:payouts/PATCH /v1/workflow/state/:id,owns,,,real_source_running,confirmed,
svc:payouts-api,route:payouts/POST /test/email/payout-processed-contact-communication,owns,,,real_source_running,confirmed,
svc:payouts-api,route:payouts/POST /test/email/payout-reversed,owns,,,real_source_running,confirmed,
svc:payouts-api,route:payouts/POST /test/email/payout-transaction-processed,owns,,,real_source_running,confirmed,
svc:payouts-api,route:payouts/POST /test/sms/send,owns,,,real_source_running,confirmed,
svc:payouts-api,route:payouts/POST /v1/admin/:entity,owns,,,real_source_running,confirmed,
svc:payouts-api,route:payouts/POST /v1/admin/:entity/:id,owns,,,real_source_running,confirmed,
svc:payouts-api,route:payouts/POST /v1/admin/free_payout/:balance_id,owns,,,real_source_running,confirmed,
svc:payouts-api,route:payouts/POST /v1/admin/internal_actions/query_db,owns,,,real_source_running,confirmed,
svc:payouts-api,route:payouts/POST /v1/admin/merchant-configuration,owns,,,real_source_running,confirmed,
svc:payouts-api,route:payouts/POST /v1/banking_account_statement/process/batch,owns,,,real_source_running,confirmed,
svc:payouts-api,route:payouts/POST /v1/cron/banking_account_statement/fetch/initiate,owns,,,real_source_running,confirmed,
svc:payouts-api,route:payouts/POST /v1/cron/elasticsearch/backfill_index,owns,,,real_source_running,confirmed,
svc:payouts-api,route:payouts/POST /v1/cron/elasticsearch/query,owns,,,real_source_running,confirmed,
svc:payouts-api,route:payouts/POST /v1/cron/fund_management_payouts/check,owns,,,real_source_running,confirmed,
svc:payouts-api,route:payouts/POST /v1/cron/load_test/run,owns,,,real_source_running,confirmed,
svc:payouts-api,route:payouts/POST /v1/cron/merchant_configuration,owns,,,real_source_running,confirmed,
svc:payouts-api,route:payouts/POST /v1/cron/payouts_dual_write_failure_processing,owns,,,real_source_running,confirmed,
svc:payouts-api,route:payouts/POST /v1/cron/payouts_sla_breach_monitor,owns,,,real_source_running,confirmed,
svc:payouts-api,route:payouts/POST /v1/cron/process_batch_submitted_payouts,owns,,,real_source_running,confirmed,
svc:payouts-api,route:payouts/POST /v1/cron/process_beneficiary_bank_on_hold_payouts,owns,,,real_source_running,confirmed,
svc:payouts-api,route:payouts/POST /v1/cron/process_inflight_reservation_reconciliation,owns,,,real_source_running,confirmed,
svc:payouts-api,route:payouts/POST /v1/cron/process_queued_low_balance_payouts,owns,,,real_source_running,confirmed,
svc:payouts-api,route:payouts/POST /v1/cron/process_queued_payouts,owns,,,real_source_running,confirmed,
svc:payouts-api,route:payouts/POST /v1/cron/process_scheduled_payouts,owns,,,real_source_running,confirmed,
svc:payouts-api,route:payouts/POST /v1/cron/query_db,owns,,,real_source_running,confirmed,
svc:payouts-api,route:payouts/POST /v1/cron/redis_key_set,owns,,,real_source_running,confirmed,
svc:payouts-api,route:payouts/POST /v1/cron/reverse_dual_write,owns,,,real_source_running,confirmed,
svc:payouts-api,route:payouts/POST /v1/cron/tidb_data_consistency_check,owns,,,real_source_running,confirmed,
svc:payouts-api,route:payouts/POST /v1/dev_admin/banking_account_statement/link,owns,,,real_source_running,confirmed,
svc:payouts-api,route:payouts/POST /v1/elasticsearch/push,owns,,,real_source_running,confirmed,
svc:payouts-api,route:payouts/POST /v1/elasticsearch/query,owns,,,real_source_running,confirmed,
svc:payouts-api,route:payouts/POST /v1/elasticsearch/raw_query,owns,,,real_source_running,confirmed,
svc:payouts-api,route:payouts/POST /v1/fund_accounts/validations,owns,,,real_source_running,confirmed,
svc:payouts-api,route:payouts/POST /v1/fund_accounts/validations/update/fts,owns,,,real_source_running,confirmed,
svc:payouts-api,route:payouts/POST /v1/fund_accounts/validations/update/vpa,owns,,,real_source_running,confirmed,
svc:payouts-api,route:payouts/POST /v1/merchant/update_on_hold_slas,owns,,,real_source_running,confirmed,
svc:payouts-api,route:payouts/POST /v1/merchant_onboarding,owns,,,real_source_running,confirmed,
svc:payouts-api,route:payouts/POST /v1/notify/downtime,owns,,,real_source_running,confirmed,
svc:payouts-api,route:payouts/POST /v1/notify/health/update,owns,,,real_source_running,confirmed,
svc:payouts-api,route:payouts/POST /v1/payloadcrypt/decrypt,owns,,,real_source_running,confirmed,
svc:payouts-api,route:payouts/POST /v1/payloadcrypt/encrypt,owns,,,real_source_running,confirmed,
svc:payouts-api,route:payouts/POST /v1/payouts,owns,,,real_source_running,confirmed,
svc:payouts-api,route:payouts/POST /v1/payouts/balance_update_event,owns,,,real_source_running,confirmed,
svc:payouts-api,route:payouts/POST /v1/payouts/banking_account_statement/payout_update,owns,,,real_source_running,confirmed,
svc:payouts-api,route:payouts/POST /v1/payouts/batch/process,owns,,,real_source_running,confirmed,
svc:payouts-api,route:payouts/POST /v1/payouts/bene_bank_status_update,owns,,,real_source_running,confirmed,
svc:payouts-api,route:payouts/POST /v1/payouts/bulk,owns,,,real_source_running,confirmed,
svc:payouts-api,route:payouts/POST /v1/payouts/bulk/validate,owns,,,real_source_running,confirmed,
svc:payouts-api,route:payouts/POST /v1/payouts/cancel_payout/:payout_id,owns,,,real_source_running,confirmed,
svc:payouts-api,route:payouts/POST /v1/payouts/consistency_checker,owns,,,real_source_running,confirmed,
svc:payouts-api,route:payouts/POST /v1/payouts/duplicate_payout_evaluate,owns,,,real_source_running,confirmed,
svc:payouts-api,route:payouts/POST /v1/payouts/elasticsearch/backfill_index,owns,,,real_source_running,confirmed,
svc:payouts-api,route:payouts/POST /v1/payouts/free_payout_migration,owns,,,real_source_running,confirmed,
svc:payouts-api,route:payouts/POST /v1/payouts/internal_contact_payout,owns,,,real_source_running,confirmed,
svc:payouts-api,route:payouts/POST /v1/payouts/manual_action,owns,,,real_source_running,confirmed,
svc:payouts-api,route:payouts/POST /v1/payouts/on_hold/process,owns,,,real_source_running,confirmed,
svc:payouts-api,route:payouts/POST /v1/payouts/payout_internal,owns,,,real_source_running,confirmed,
svc:payouts-api,route:payouts/POST /v1/payouts/payouts_internal,owns,,,real_source_running,confirmed,
svc:payouts-api,route:payouts/POST /v1/payouts/payouts_internal/:payout_id/approve,owns,,,real_source_running,confirmed,
svc:payouts-api,route:payouts/POST /v1/payouts/payouts_internal/:payout_id/reject,owns,,,real_source_running,confirmed,
svc:payouts-api,route:payouts/POST /v1/payouts/retry,owns,,,real_source_running,confirmed,
svc:payouts-api,route:payouts/POST /v1/payouts/retry/source_update,owns,,,real_source_running,confirmed,
svc:payouts-api,route:payouts/POST /v1/payouts/rzp_fees_payout,owns,,,real_source_running,confirmed,
svc:payouts-api,route:payouts/POST /v1/payouts/scheduled/process,owns,,,real_source_running,confirmed,
svc:payouts-api,route:payouts/POST /v1/payouts/set_pricing_rule_info,owns,,,real_source_running,confirmed,
svc:payouts-api,route:payouts/POST /v1/payouts/shield/evaluate,owns,,,real_source_running,confirmed,
svc:payouts-api,route:payouts/POST /v1/payouts/transfer_status_webhook,owns,,,real_source_running,confirmed,
svc:payouts-api,route:payouts/POST /v1/payouts/translate_account_number_to_balance_id,owns,,,real_source_running,confirmed,
svc:payouts-api,route:payouts/POST /v1/payouts/update_payouts_details_with_fts,owns,,,real_source_running,confirmed,
svc:payouts-api,route:payouts/POST /v1/workflow/state,owns,,,real_source_running,confirmed,
svc:payouts-api,route:payouts/POST /v2/payouts,owns,,,real_source_running,confirmed,
svc:payouts-api,route:payouts/POST /v2/payouts/internal_contact_payout,owns,,,real_source_running,confirmed,
svc:payouts-api,route:payouts/POST /v2/payouts/payouts_internal,owns,,,real_source_running,confirmed,
svc:payouts-api,route:payouts/PUT /v1/admin/merchant-configuration,owns,,,real_source_running,confirmed,
svc:payouts-api,route:payouts/PUT /v1/cron/elasticsearch/mapping,owns,,,real_source_running,confirmed,
svc:payouts-api,route:payouts/PUT /v1/cron/log_sampling,owns,,,real_source_running,confirmed,
svc:payouts-api,route:payouts/PUT /v1/cron/merchant_configuration,owns,,,real_source_running,confirmed,
svc:payouts-api,route:payouts/PUT /v1/elasticsearch/mapping,owns,,,real_source_running,confirmed,
svc:payouts-api,route:payouts/PUT /v1/fund-management-payout/balance-config/merchants/:merchant_id,owns,,,real_source_running,confirmed,
svc:payouts-api,route:workflows/WorkflowAPI.Create,calls,"POST /twirp/rzp.workflows.workflow.v1.WorkflowAPI/Create, HTTP Basic [workflow.auth], X-User-Email hard-coded 'abc@rzp.com', 100ms timeout x3 retries",identity:workflows-inbound-basic,high_fidelity_replacement,confirmed,"payouts/pkg/workflow/workflow_create.go:17,166-167;payouts/pkg/workflow/base.go:45-47;payouts/config/prod.toml:274;payouts/config/default.toml:277-284"
svc:payouts-api,route:x-balances/GET /v1/accounts,reads,FetchActiveAccountsFromXBalance (MAR / account_number→balance_id),identity:service-basic-auth:x-balances-callers,real_source_running,confirmed,payouts/internal/app/balance/core.go:49-90;payouts/pkg/xbalances/list_accounts.go:87-152
svc:payouts-api,route:x-balances/GET /v1/balances/{id},reads,GetLatestDirectAccountBalance when fetch_balance_entity_from_x_balance,,real_source_running,confirmed,"payouts/internal/app/bankingAccountStatementDetails/core.go:292-384;payouts/pkg/xbalances/fetch_balance.go:27,68"
svc:payouts-api,route:xas/GET /v1/account_statements/fetch_multiple_by_reference_numbers,reads,VerifyPayoutFailedTransaction (Direct: refuse FTS failed if DEBIT statement exists),,high_fidelity_replacement,confirmed,"payouts/internal/app/payouts/fts_transfer_status_webhook.go:654-720;payouts/pkg/xAccountStatement/fetch_by_multiple_references.go:15,70-78"
svc:payouts-api,sub:asv-stub,calls,[account_service] host — UNREACHABLE (gRPC vs JSON),,,confirmed,
svc:payouts-api,sub:bankingaccounts-stub,calls,[banking_account_service] host,,,confirmed,
svc:payouts-api,sub:dcs-stub,calls,[dcs] via ARENA_DCS_URL arena patch,,,confirmed,
svc:payouts-api,sub:ledger-gate,calls,[ledger] host=http://ledger-gate:8080 (config/generate.py:427 rewrites ledger-api->ledger-gate for payouts only),identity:service-basic-auth:payouts,,confirmed,
svc:payouts-api,sub:monolith-stub,calls,[api] host=monolith-stub/v1 and [razorx] host,identity:service-basic-auth:payouts,,confirmed,
svc:payouts-api,sub:shield-stub,calls,"[shield] host, 200ms timeout, fail-open",,,confirmed,
svc:payouts-api,sub:splitz-stub,calls,[splitz] host,,,confirmed,
svc:payouts-api,sub:stork-capture,calls,[stork] host (ARENA_STORK_JSON arena patch selects the JSON client),,,confirmed,
svc:payouts-api,sub:workflow-sim,calls,[workflow] host={{WORKFLOW_HOST}} — DEFAULTS to the dead address http://127.0.0.1:1,,,confirmed,
svc:payouts-api,sub:xas-sim,calls,[xas] host=http://xas-sim:8080,,,confirmed,
svc:payouts-api,svc:charge-collections,calls,"charge-collections-sdk fee calculation, only when the charge_collections_call experiment is on; otherwise a Redis cache pre-populated by the monolith, falling back to POST /payouts_service/fetch_pricing_info",identity:cc-sdk-auth:payouts,graph_only,confirmed,payouts/pkg/ccSdk/config.go:22-29;payouts/pkg/api/fetch_pricing.go
svc:payouts-api,svc:dcs,calls,"goutils/dcs kv Get/Evaluate (ARENA_DCS_URL redirect in the twin, DEV-120)",identity:dcs-jwt:payouts,high_fidelity_replacement,confirmed,payouts/pkg/dcs/client.go:54-57;payouts/pkg/dcs/features/features.go:12-25
svc:payouts-api,svc:fts-web,calls,[fts] PS-direct create when configs.fts_request_from_ps whitelists the merchant (route profile),identity:service-basic-auth:payouts,,confirmed,
svc:payouts-api,svc:shield,calls,"POST /v1/rules/evaluate/payout, 200ms timeout, fail-open on error",identity:shield-basic-auth:payouts,high_fidelity_replacement,confirmed,payouts/pkg/shield/shield_payout_rule_evaluate.go;payouts/internal/app/payouts/core.go:6858-6885
svc:payouts-api,svc:splitz,calls,EvaluateAPI/Evaluate (client_side_eval=false in prod and in the arena),identity:splitz-basic-auth:payouts,high_fidelity_replacement,confirmed,payouts/config/prod.toml:442;payouts/pkg/splitz/client.go:149-161
svc:payouts-api,svc:stork,calls,"Twirp WebhookAPI/ProcessEvent (Protobuf in prod; JSON in the twin, DEV-121)",identity:stork-basic-auth:payouts,high_fidelity_replacement,confirmed,"payouts/pkg/stork/client.go:105;payouts/internal/app/payouts/webhooks.go:104,118"
svc:payouts-api,svc:ups,calls,POST /v1/payments/validate/account (UPI-number -> VPA mapper),identity:ups-basic-auth:payouts,graph_only,confirmed,payouts/pkg/upiService/vpa_mapper.go:18-83;payouts/internal/app/payouts/core.go:8121-8154
svc:payouts-api,svc:xbalances-server,calls,[x_balances] host,,,confirmed,
svc:payouts-api,topic:api-ledger-journal-create-live,produces,da_ext_debit/da_ext_credit on ART external linking (SNS); DA payout journals COMMENTED OUT,,real_source_running,confirmed,"payouts/internal/app/bankingAccountStatement/core.go:735-798;payouts/internal/app/payouts/core.go:7209-7217,7284,7356,7788"
svc:payouts-api,topic:payout-updates-capital-collections,produces,payout_source_updater worker -> SNS,,,confirmed,payouts/config/prod.toml [source_update_topics]
svc:payouts-api,topic:payout-updates-charge-collections,produces,payout_source_updater worker -> SNS,,,confirmed,payouts/config/prod.toml [source_update_topics]
svc:payouts-api,topic:payout-updates-cross-border,produces,payout_source_updater worker -> SNS,,,confirmed,payouts/config/prod.toml [source_update_topics]
svc:payouts-api,topic:payout-updates-generic-accounting,produces,payout_source_updater worker -> SNS,,,confirmed,payouts/config/prod.toml [source_update_topics]
svc:payouts-api,topic:payout-updates-payout-links,produces,payout_source_updater worker -> SNS,,,confirmed,payouts/config/prod.toml [source_update_topics]
svc:payouts-api,topic:payout-updates-petty-cash,produces,payout_source_updater worker -> SNS,,,confirmed,payouts/config/prod.toml [source_update_topics]
svc:payouts-api,topic:payout-updates-refunds,produces,payout_source_updater worker -> SNS,,,confirmed,payouts/config/prod.toml [source_update_topics]
svc:payouts-api,topic:payout-updates-settlements,produces,payout_source_updater worker -> SNS,,,confirmed,payouts/config/prod.toml [source_update_topics]
svc:payouts-api,topic:payout-updates-vendor-payments,produces,payout_source_updater worker -> SNS,,,confirmed,payouts/config/prod.toml [source_update_topics]
svc:payouts-api,topic:payout-updates-xpayroll,produces,payout_source_updater worker -> SNS,,,confirmed,payouts/config/prod.toml [source_update_topics]
svc:payouts-api,worker:payouts/async_dual_write,owns,k8s Deployment payouts-worker-async-dual-write-live,,,confirmed,kube-manifests/cde/payouts/values.yaml
svc:payouts-api,worker:payouts/batch_submitted_merchants,owns,k8s Deployment payouts-worker-batch-submitted-merchants-live,,,confirmed,kube-manifests/cde/payouts/values.yaml
svc:payouts-api,worker:payouts/bulk_payouts,owns,k8s Deployment payouts-worker-bulk-payouts-live,,,confirmed,kube-manifests/cde/payouts/values.yaml
svc:payouts-api,worker:payouts/data_consistency_checker,owns,k8s Deployment payouts-worker-data-consistency-checker-processing-live,,,confirmed,kube-manifests/cde/payouts/values.yaml
svc:payouts-api,worker:payouts/data_consistency_event,owns,k8s Deployment payouts-worker-data-consistency-event-processing-live,,,confirmed,kube-manifests/cde/payouts/values.yaml
svc:payouts-api,worker:payouts/fts_async_hv_processing,owns,k8s Deployment payouts-worker-fts-async-hv-processing-live,,,confirmed,kube-manifests/cde/payouts/values.yaml
svc:payouts-api,worker:payouts/fts_async_processing,owns,k8s Deployment payouts-worker-fts-async-processing-live,,,confirmed,kube-manifests/cde/payouts/values.yaml
svc:payouts-api,worker:payouts/fund_management_payout_check,owns,k8s Deployment payouts-worker-fmp-check-live,,,confirmed,kube-manifests/cde/payouts/values.yaml
svc:payouts-api,worker:payouts/fund_management_payout_initiate,owns,k8s Deployment payouts-worker-fmp-initiate-live,,,confirmed,kube-manifests/cde/payouts/values.yaml
svc:payouts-api,worker:payouts/generic_processing,owns,k8s Deployment payouts-worker-generic-processing-live,,,confirmed,kube-manifests/cde/payouts/values.yaml
svc:payouts-api,worker:payouts/mail_and_sms_event,owns,k8s Deployment payouts-worker-mail-and-sms-event-live,,,confirmed,kube-manifests/cde/payouts/values.yaml
svc:payouts-api,worker:payouts/on_hold_payout,owns,k8s Deployment payouts-worker-on-hold-processing-live,,,confirmed,kube-manifests/cde/payouts/values.yaml
svc:payouts-api,worker:payouts/partner_bank_hold_payouts,owns,k8s Deployment payouts-worker-partner-bank-hold-payouts-live,,,confirmed,kube-manifests/cde/payouts/values.yaml
svc:payouts-api,worker:payouts/payout_create_failure_handling,owns,k8s Deployment payouts-worker-payout-create-failure-handling-live,,,confirmed,kube-manifests/cde/payouts/values.yaml
svc:payouts-api,worker:payouts/payout_source_updater,owns,k8s Deployment payouts-worker-source-updater-live,,,confirmed,kube-manifests/cde/payouts/values.yaml
svc:payouts-api,worker:payouts/payout_update_failure_handling,owns,k8s Deployment payouts-worker-payout-update-failure-handling-live,,,confirmed,kube-manifests/cde/payouts/values.yaml
svc:payouts-api,worker:payouts/payout_usage_event_processing,owns,k8s Deployment payouts-worker-payout-usage-event-processing-live,,,confirmed,kube-manifests/cde/payouts/values.yaml
svc:payouts-api,worker:payouts/queued_payout,owns,k8s Deployment payouts-worker-queued-processing-live,,,confirmed,kube-manifests/cde/payouts/values.yaml
svc:payouts-api,worker:payouts/queued_payout,owns,k8s Deployment payouts-worker-queued-processing-test,,,confirmed,kube-manifests/cde/payouts/values.yaml
svc:payouts-api,worker:payouts/rbl_banking_account_statement,owns,k8s Deployment payouts-worker-rbl-account-statement-live,,,confirmed,kube-manifests/cde/payouts/values.yaml
svc:payouts-api,worker:payouts/schedule_payout,owns,k8s Deployment payouts-worker-schedule-processing-live,,,confirmed,kube-manifests/cde/payouts/values.yaml
svc:payouts-api,worker:payouts/transaction_create,owns,k8s Deployment payouts-worker-transaction-create-live,,,confirmed,kube-manifests/cde/payouts/values.yaml
svc:payouts-api,worker:payouts/update_source_event,owns,k8s Deployment payouts-worker-update-source-event-live,,,confirmed,kube-manifests/cde/payouts/values.yaml
svc:payouts-api,worker:payouts/webhook_event,owns,k8s Deployment payouts-worker-webhook-event-live,,,confirmed,kube-manifests/cde/payouts/values.yaml
svc:payouts-api,worker:payouts/x_balances_balance_refresh,owns,k8s Deployment payouts-worker-x-balances-balance-refresh-live,,,confirmed,kube-manifests/cde/payouts/values.yaml
svc:payouts-kafka-consumer,db:payouts/mysql,reads,,,,,
svc:payouts-kafka-consumer,worker:payouts/fts_status_updates,owns,,,real_source_running,confirmed,
svc:payouts-kafka-consumer,worker:payouts/fts_status_updates_retry,owns,,,real_source_running,confirmed,
svc:payouts-migrate,db:payouts/mysql,reads,,,,,
svc:payouts-worker,db:payouts/mysql,reads,,,,,
svc:payouts-worker,db:payouts/redis,writes,,,,,
svc:payouts-worker,ext:fts,calls,async FTS transfer create (fts_async_processing),,real_source_running,confirmed,payouts/internal/job/fts_async_processing.go:18-40
svc:payouts-worker,ext:mozart,calls,rbl_banking_account_statement worker,,high_fidelity_replacement,confirmed,payouts/internal/job/rbl_banking_account_statement.go:16-51
svc:payouts-worker,ext:stork,calls,webhook_event worker,,high_fidelity_replacement,confirmed,payouts/internal/job/webhook_event.go:23-47
svc:payouts-worker,worker:payouts/api_queue_for_async_dual_write_direct_push,owns,,,real_source_mapped_not_running,confirmed,
svc:payouts-worker,worker:payouts/async_dual_write,owns,,,real_source_running,confirmed,
svc:payouts-worker,worker:payouts/batch_submitted_merchants,owns,,,real_source_mapped_not_running,confirmed,
svc:payouts-worker,worker:payouts/bulk_payouts,owns,,,real_source_mapped_not_running,confirmed,
svc:payouts-worker,worker:payouts/data_consistency_checker,owns,,,real_source_mapped_not_running,confirmed,
svc:payouts-worker,worker:payouts/data_consistency_event,owns,,,real_source_mapped_not_running,confirmed,
svc:payouts-worker,worker:payouts/fts_async_hv_processing,owns,,,real_source_running,confirmed,
svc:payouts-worker,worker:payouts/fts_async_processing,owns,,,real_source_running,confirmed,
svc:payouts-worker,worker:payouts/fund_management_payout_check,owns,,,real_source_mapped_not_running,confirmed,
svc:payouts-worker,worker:payouts/fund_management_payout_initiate,owns,,,real_source_mapped_not_running,confirmed,
svc:payouts-worker,worker:payouts/generic_processing,owns,,,real_source_running,confirmed,
svc:payouts-worker,worker:payouts/on_hold_payout,owns,,,real_source_running,confirmed,
svc:payouts-worker,worker:payouts/partner_bank_hold_payouts,owns,,,real_source_running,confirmed,
svc:payouts-worker,worker:payouts/payout_create_failure_handling,owns,,,real_source_running,confirmed,
svc:payouts-worker,worker:payouts/payout_source_updater,owns,,,real_source_running,confirmed,
svc:payouts-worker,worker:payouts/payout_update_failure_handling,owns,,,real_source_running,confirmed,
svc:payouts-worker,worker:payouts/payout_usage_event_processing,owns,,,real_source_mapped_not_running,confirmed,
svc:payouts-worker,worker:payouts/queued_payout,owns,,,real_source_running,confirmed,
svc:payouts-worker,worker:payouts/rbl_banking_account_statement,owns,,,real_source_running,confirmed,
svc:payouts-worker,worker:payouts/schedule_payout,owns,,,real_source_running,confirmed,
svc:payouts-worker,worker:payouts/transaction_create,owns,,,real_source_running,confirmed,
svc:payouts-worker,worker:payouts/webhook_event,owns,,,real_source_running,confirmed,
svc:payouts-worker,worker:payouts/x_account_statement_source_event,owns,,,real_source_mapped_not_running,confirmed,
svc:payouts-worker,worker:payouts/x_balance_payouts_event,owns,,,real_source_mapped_not_running,confirmed,
svc:payouts-worker,worker:payouts/x_balances_balance_refresh,owns,,,real_source_running,confirmed,
svc:recon,route:recon/POST /workflow_file,owns,,,graph_only,confirmed,
svc:recon,svc:splitz,calls,Netra-traced dependency,,graph_only,confirmed,
svc:recon,table:recon/workflow_configs,reads,,,graph_only,confirmed,
svc:recon,worker:recon/recon-file-fetch-sqs,depends_on,,,graph_only,confirmed,
svc:recon,worker:recon/recon-prs-kafka-consumer,depends_on,,,graph_only,confirmed,
svc:recon,worker:recon/recon-rq-scheduler,depends_on,,,graph_only,confirmed,
svc:recon,worker:recon/recon-rq-worker,depends_on,,,graph_only,confirmed,
svc:recon,worker:recon/recon-spark-job-orchestrator,depends_on,,,graph_only,confirmed,
svc:recon,worker:recon/recon-workflow-kafka-consumer,depends_on,,,graph_only,confirmed,
svc:shield,route:shield/POST /v1/rules/evaluate/payout,owns,,,,confirmed,shield-sdk/rule_evaluation/service.go:88-126;shield-sdk/constants/rule_evaluation.go:4;shield-sdk/constants/http.go:13-15;payouts/pkg/shield/shield_payout_rule_evaluate.go
svc:splitz,flag:splitz/account_statement_source_event,owns,Splitz experiment id P9jMHiqpMI81A5,,,confirmed,
svc:splitz,flag:splitz/api_and_webhook_additional_fields,owns,Splitz experiment id QkM5vK0Mc1HA5m,,,confirmed,
svc:splitz,flag:splitz/bulk_payout_concurrency_experiment,owns,Splitz experiment id QsuIeciOA1We5J,,,confirmed,
svc:splitz,flag:splitz/bulk_processing_optimisation_experiment,owns,Splitz experiment id QsumESSjYj6NIN,,,confirmed,
svc:splitz,flag:splitz/charge_collections_call_canary_experiment,owns,Splitz experiment id RNkAkBIfS8zTcA,,,confirmed,
svc:splitz,flag:splitz/charge_collections_call_experiment,owns,Splitz experiment id R9gHg72EW42wi8,,,confirmed,
svc:splitz,flag:splitz/deduct_credits_experiment,owns,Splitz experiment id RfVExMfHj9DCy2,,,confirmed,
svc:splitz,flag:splitz/downtime_v2_webhook_notification_experiment,owns,Splitz experiment id QaKWV3G5xgq0hs,,,confirmed,
svc:splitz,flag:splitz/fetch_balance_entity_from_x_balance,owns,Splitz experiment id RZIMAlk1Nr7q75,,,confirmed,
svc:splitz,flag:splitz/fetch_balance_entity_from_x_balance_async,owns,Splitz experiment id RZINuaDfA76Ts1,,,confirmed,
svc:splitz,flag:splitz/fetch_by_id_api_fallback_experiment,owns,Splitz experiment id RrqeXzzshdwCga,,,confirmed,
svc:splitz,flag:splitz/fetch_from_microservices_experiment,owns,Splitz experiment id RGC9GPIq9w5qmi,,,confirmed,
svc:splitz,flag:splitz/fetch_payout_by_id_via_orchestrator_experiment,owns,Splitz experiment id RbypGVte9J9eTq,,,confirmed,
svc:splitz,flag:splitz/fmp_initiate_experiment,owns,Splitz experiment id SRn0PdKQkCSvNy,,,confirmed,
svc:splitz,flag:splitz/forChargeCollectionEvaluate,owns,Splitz experiment id PpEuhaQxoDRkBQ,,,confirmed,
svc:splitz,flag:splitz/forDualWriteDirectPushToAPI,owns,Splitz experiment id PolPxsld706Ufj,,,confirmed,
svc:splitz,flag:splitz/forDuplicatePayoutEvaluate,owns,Splitz experiment id PYD4Pq54K6uubY,,,confirmed,
svc:splitz,flag:splitz/forPayoutPropertiesEventEvaluate,owns,Splitz experiment id PewJ047eTmi2Gs,,,confirmed,
svc:splitz,flag:splitz/forProcessingFilterEvaluate,owns,Splitz experiment id Po9SXogjVrkBbA,,,confirmed,
svc:splitz,flag:splitz/free_payouts_xbalances_experiment,owns,Splitz experiment id RvC4XItE9kcjLk,,,confirmed,
svc:splitz,flag:splitz/fts_request_from_payouts_service_experiment,owns,Splitz experiment id QTwONtQGnnXcG1,,,confirmed,
svc:splitz,flag:splitz/fund_account_optimisation_experiment,owns,Splitz experiment id QloedqC1aPpEwQ,,,confirmed,
svc:splitz,flag:splitz/go_routine_capping_experiment,owns,Splitz experiment id QiDrtxwaAglFbu,,,confirmed,
svc:splitz,flag:splitz/ikey_auto_enforcement_ramp_up,owns,Splitz experiment id R1AxIPWIa9ROis,,,confirmed,
svc:splitz,flag:splitz/merchant_config_via_asv_and_dcs_experiment,owns,Splitz experiment id Qnc6b4fg1Hi36k,,,confirmed,
svc:splitz,flag:splitz/merchant_configuration_experiment,owns,Splitz experiment id Q4rrjANvwkyoCZ,,,confirmed,
svc:splitz,flag:splitz/partner_bank_on_hold_payouts_experiment,owns,Splitz experiment id Pbgz6ihS348Z6J,,,confirmed,
svc:splitz,flag:splitz/payout_workflows_dcs_name_experiment,owns,Splitz experiment id Sg7tEnMoxCbTzM,,,confirmed,
svc:splitz,flag:splitz/performance_optimization_experiment,owns,Splitz experiment id QC1HxUWV5nmwCu,,,confirmed,
svc:splitz,flag:splitz/skip_balance_cache_force_x_balances,owns,Splitz experiment id S9qSNkr8kWL4gN,,,confirmed,
svc:splitz,flag:splitz/sla_monitoring_experiment,owns,Splitz experiment id n/a,,,confirmed,
svc:splitz,flag:splitz/source_updater_sns_experiment,owns,Splitz experiment id SUWJFEJjPfvdNb,,,confirmed,
svc:splitz,flag:splitz/testing_bene_bank_on_hold_payouts_async_processing_experiment,owns,Splitz experiment id QNGG7rw9cVxyRq,,,confirmed,
svc:splitz,flag:splitz/testing_partner_bank_on_hold_payouts_async_processing_experiment,owns,Splitz experiment id QNGD6zN9YGGzDL,,,confirmed,
svc:splitz,flag:splitz/testing_queue_if_low_balance_payouts_async_processing_experiment,owns,Splitz experiment id QNGHZssBzhfT39,,,confirmed,
svc:splitz,flag:splitz/use_api_db_for_payout_status_details_experiment,owns,Splitz experiment id TMp5VcIFYOHK2m,,,confirmed,
svc:splitz,flag:splitz/use_api_db_for_payouts_experiment,owns,Splitz experiment id TLLnTCrftaurn8,,,confirmed,
svc:splitz,flag:splitz/xas_source_event_utr_and_grn_match_experiment,owns,Splitz experiment id RZfCkJYmCWWCPG,,,confirmed,
svc:splitz,route:splitz/POST /twirp/rzp.splitz.evaluate.v1.EvaluateAPI/Evaluate,owns,,,,confirmed,goutils/splitz/client.go;payouts/pkg/splitz/client.go:149-161
svc:splitz,route:splitz/POST /twirp/rzp.splitz.evaluate.v1.EvaluateAPI/EvaluateBulk,owns,,,,confirmed,goutils/splitz/client.go
svc:splitz,route:splitz/POST /twirp/rzp.splitz.evaluate.v1.EvaluateAPI/FetchDecisionContext,owns,,,,confirmed,goutils/splitz/client.go;payouts/config/prod.toml:442
svc:stork,cron:stork/stork-partitioner,owns,,,,confirmed,
svc:stork,cron:stork/stork-scheduler,owns,,,,confirmed,
svc:stork,cron:stork/stork-webhook-disabler,owns,,,,confirmed,
svc:stork,event:fund_account.validation.completed,produces,WebhookAPI/ProcessEvent,,,confirmed,
svc:stork,event:fund_account.validation.failed,produces,WebhookAPI/ProcessEvent,,,confirmed,
svc:stork,event:payout.downtime.resolved,produces,WebhookAPI/ProcessEvent,,,confirmed,
svc:stork,event:payout.downtime.started,produces,WebhookAPI/ProcessEvent,,,confirmed,
svc:stork,event:payout.downtime.updated,produces,WebhookAPI/ProcessEvent,,,confirmed,
svc:stork,event:payout.failed,produces,WebhookAPI/ProcessEvent -> HTTP POST to the merchant url,identity:stork-basic-auth:payouts,,confirmed,stork/internal/webhook/core.go:170-219
svc:stork,event:payout.initiated,produces,WebhookAPI/ProcessEvent -> HTTP POST to the merchant url,identity:stork-basic-auth:payouts,,confirmed,stork/internal/webhook/core.go:170-219
svc:stork,event:payout.pending,produces,WebhookAPI/ProcessEvent -> HTTP POST to the merchant url,identity:stork-basic-auth:payouts,,confirmed,stork/internal/webhook/core.go:170-219
svc:stork,event:payout.processed,produces,WebhookAPI/ProcessEvent -> HTTP POST to the merchant url,identity:stork-basic-auth:payouts,,confirmed,stork/internal/webhook/core.go:170-219
svc:stork,event:payout.queued,produces,WebhookAPI/ProcessEvent -> HTTP POST to the merchant url,identity:stork-basic-auth:payouts,,confirmed,stork/internal/webhook/core.go:170-219
svc:stork,event:payout.rejected,produces,WebhookAPI/ProcessEvent -> HTTP POST to the merchant url,identity:stork-basic-auth:payouts,,confirmed,stork/internal/webhook/core.go:170-219
svc:stork,event:payout.reversed,produces,WebhookAPI/ProcessEvent -> HTTP POST to the merchant url,identity:stork-basic-auth:payouts,,confirmed,stork/internal/webhook/core.go:170-219
svc:stork,event:payout.updated,produces,WebhookAPI/ProcessEvent -> HTTP POST to the merchant url,identity:stork-basic-auth:payouts,,confirmed,stork/internal/webhook/core.go:170-219
svc:stork,event:transaction.created,produces,WebhookAPI/ProcessEvent,,,confirmed,
svc:stork,event:virtual_account.closed,produces,WebhookAPI/ProcessEvent,,,confirmed,
svc:stork,event:virtual_account.created,produces,WebhookAPI/ProcessEvent,,,confirmed,
svc:stork,ext:merchant-webhook-endpoint,calls,"POST {webhook.url}; headers User-Agent: Razorpay-Webhook/v1, Content-Type: application/json, X-Razorpay-Event-Id, Request-Id, X-Razorpay-Signature = hex(HMAC-SHA256(secret, raw Event.Payload)); 6s HTTP timeout; retry (2^attempt/2)*5s up to 15 attempts / 24h",,high_fidelity_replacement,confirmed,"stork/internal/webhook/core.go:269-330;stork/configs/default.toml:76,960-970;stork/internal/channel/policy.go:65-93"
svc:stork,queue:prod-stork-reminders-webhook-p1,produces,,,,confirmed,stork/configs/prod.toml:649-844
svc:stork,queue:prod-stork-reminders-webhook-p2,produces,,,,confirmed,stork/configs/prod.toml:649-844
svc:stork,queue:prod-stork-sms,produces,,,,confirmed,stork/configs/prod.toml:649-844
svc:stork,queue:prod-stork-ticker-webhook-fifo-p1.fifo,produces,,,,confirmed,stork/cmd/workers/webhook/main.go:41-42
svc:stork,queue:prod-stork-ticker-webhook-p1,produces,,,,confirmed,stork/configs/prod.toml:649-844
svc:stork,queue:prod-stork-webhook-dlq,produces,,,,confirmed,stork/configs/prod.toml:649-844
svc:stork,queue:prod-stork-webhook-p0,produces,,,,confirmed,stork/configs/prod.toml:649-844;stork/internal/channel/queue.go:12-14
svc:stork,queue:prod-stork-webhook-p1,produces,,,,confirmed,stork/configs/prod.toml:649-844
svc:stork,queue:prod-stork-webhook-p2,produces,,,,confirmed,stork/configs/prod.toml:649-844
svc:stork,route:stork/POST /twirp/rzp.stork.email.v1.EmailAPI/Send,owns,,,,confirmed,proto/stork/email/v1/email_api.proto:14-26;payouts/pkg/stork/email.go:93
svc:stork,route:stork/POST /twirp/rzp.stork.sms.v1.SMSAPI/Send,owns,,,,confirmed,proto/stork/sms/v1/sms_api.proto:42-56;payouts/pkg/stork/sms.go:73-95
svc:stork,route:stork/POST /twirp/rzp.stork.webhook.v1.WebhookAPI/Create,owns,,,,confirmed,"proto/stork/webhook/v1/webhook_api.proto:17,50-56;stork/docs/api-reference.md:279-324"
svc:stork,route:stork/POST /twirp/rzp.stork.webhook.v1.WebhookAPI/List,owns,,,,confirmed,proto/stork/webhook/v1/webhook_api.proto
svc:stork,route:stork/POST /twirp/rzp.stork.webhook.v1.WebhookAPI/ProcessEvent,owns,,,,confirmed,proto/stork/webhook/v1/webhook_api.proto:26-27;stork/internal/webhook/server.go:297-329;payouts/pkg/stork/process_event.go:113-149
svc:stork,topic:partner_webhook_callback_events,produces,,,,probable,stork/configs/default.toml:303
svc:stork,topic:stork.reminders.webhooks.v1,produces,,,,probable,stork/configs/default.toml:274
svc:stork,topic:stork.webhooks.v1,produces,,,,probable,"stork/configs/default.toml:59,264"
svc:stork,worker:stork/stork-db-writer,owns,,,,confirmed,
svc:stork,worker:stork/stork-email-worker,owns,,,,confirmed,stork/servicetree.yaml:76-104
svc:stork,worker:stork/stork-push-notification-worker,owns,,,,confirmed,stork/servicetree.yaml:76-104
svc:stork,worker:stork/stork-reminders-webhook-worker-p1,owns,,,,confirmed,stork/servicetree.yaml:76-104
svc:stork,worker:stork/stork-reminders-webhook-worker-p2,owns,,,,confirmed,stork/servicetree.yaml:76-104
svc:stork,worker:stork/stork-scheduler-worker,owns,,,,confirmed,stork/servicetree.yaml:76-104
svc:stork,worker:stork/stork-sms-worker,owns,,,,confirmed,stork/servicetree.yaml:76-104
svc:stork,worker:stork/stork-sms-worker-service-explicit,owns,,,,confirmed,stork/servicetree.yaml:76-104
svc:stork,worker:stork/stork-ticker-webhook-fifo-worker-p1,owns,,,,confirmed,stork/servicetree.yaml:76-104
svc:stork,worker:stork/stork-ticker-webhook-worker-p1,owns,,,,confirmed,stork/servicetree.yaml:76-104
svc:stork,worker:stork/stork-webhook-worker,owns,,,,confirmed,stork/servicetree.yaml:76-104
svc:stork,worker:stork/stork-webhook-worker-p1,owns,,,,confirmed,stork/servicetree.yaml:76-104
svc:stork,worker:stork/stork-webhook-worker-p2,owns,,,,confirmed,stork/servicetree.yaml:76-104
svc:stork,worker:stork/stork-whatsapp-inbound-worker,owns,,,,confirmed,stork/servicetree.yaml:76-104
svc:stork,worker:stork/stork-whatsapp-worker,owns,,,,confirmed,stork/servicetree.yaml:76-104
svc:ups,route:ups/POST /v1/payments/validate/account,owns,,,,confirmed,payouts/pkg/upiService/vpa_mapper.go:18-83;payments-upi/internal/app/validate/server.go:60;payments-upi/internal/app/validate/processor/response.go:64
svc:ups,route:ups/POST /v1/payments/validate/vpa,owns,,,,confirmed,payments-upi/internal/app/validate/server.go:91
svc:validx,queue:prod-api-validation-dual-write-live,produces,,,,confirmed,ValidX/config/prod.toml:149-150;ValidX/internal/publisher/dual_write/publisher.go:81
svc:validx,route:cfa/GET /v1/contacts/{id},reads,,identity:service-basic-auth:cfa-callers,graph_only,confirmed,
svc:validx,route:cfa/GET /v1/fund_accounts/{id},reads,,identity:service-basic-auth:cfa-callers,graph_only,confirmed,
svc:validx,route:cfa/POST /v1/contacts,calls,,identity:service-basic-auth:cfa-callers,graph_only,confirmed,
svc:validx,route:cfa/POST /v1/fund_accounts,calls,,identity:service-basic-auth:cfa-callers,graph_only,confirmed,
svc:validx,route:cfa/POST /v1/fund_accounts/fetch_by_ids,calls,,identity:service-basic-auth:cfa-callers,graph_only,confirmed,
svc:validx,route:validx/GET /v1/internal/validations/{id},owns,,,,confirmed,ValidX/internal/api_controller/validation/server/server.go:390
svc:validx,route:validx/POST /v1/internal/validations,owns,,,,confirmed,"ValidX/internal/api_controller/validation/server/server.go:42;ValidX/rpc/x/validx/validation/v1/validation.pb.go:27-42,163-183"
svc:validx,route:validx/POST /v1/internal/validations/manual-action,owns,,,,confirmed,ValidX/internal/api_controller/validation/server/server.go:536
svc:validx,route:validx/POST /v1/internal/validations/webhook/fts,owns,,,,confirmed,ValidX/internal/api_controller/validation/server/server.go:208
svc:validx,route:validx/POST /v2/internal/validations,owns,,,,confirmed,ValidX/rpc/x/validx/validation/v1/validation_api_grpc.pb.go:169
svc:validx,svc:api-monolith,callback,POST /v1/fund_accounts/validations_internal/webhook -- FAV outcome back to the monolith (fallback when the DCS Stork flag is off),,graph_only,confirmed,"ValidX/internal/gateway/api/service/service.go:34,117;ValidX/internal/validation/statemanager/manager.go:132-133"
svc:validx,svc:fts-web,calls,POST /v1/transfer -- the penny-drop itself; result returns as an FTS webhook,identity:fts-basic-auth:validx,graph_only,confirmed,ValidX/internal/gateway/fts/service/service.go:56-80;fts/internal/constants/authusers.go:12
svc:validx,svc:stork,produces,fund_account.validation.completed/.failed when the DCS Stork.enable_stork flag is on,,graph_only,confirmed,ValidX/internal/constant/stork.go:32-34;ValidX/internal/gateway/dcs/features/features.go:26
svc:validx,worker:validx/validx-cache-worker,owns,,,,confirmed,
svc:validx,worker:validx/validx-citi-penniless-initiate-worker,owns,,,,confirmed,
svc:validx,worker:validx/validx-citi-penniless-inquiry-worker,owns,,,,confirmed,
svc:validx,worker:validx/validx-citi-refund-inquiry-worker,owns,,,,confirmed,
svc:validx,worker:validx/validx-citi-rpd-inquiry-worker,owns,,,,confirmed,
svc:validx,worker:validx/validx-failure-handling-worker,owns,,,,confirmed,
svc:validx,worker:validx/validx-fts-pennydrop-worker,owns,,,,confirmed,
svc:validx,worker:validx/validx-pennydrop-initiate-worker,owns,,,,confirmed,
svc:validx,worker:validx/validx-slice-penniless-initiate-worker,owns,,,,confirmed,
svc:validx,worker:validx/validx-slice-penniless-inquiry-worker,owns,,,,confirmed,
svc:validx,worker:validx/validx-webhook-process-worker,owns,,,,confirmed,
svc:vendor-payments,route:vendor-payments/POST /twirp/vendorpayments.Vendorpayments/PayoutStatusChange,owns,,,,confirmed,"api/app/Services/VendorPayments/Service.php:32,130,482;vendor-payments/internal/apiservice/VpServer.go:1180-1240"
svc:vendor-payments,svc:api-monolith,calls,"POST /v1/payouts_internal/ (headers X-Dashboard-User-Id, X-Payout-Idempotency); POST /v1/payouts/2fa/create_internal for the 2FA flow; POST /v1/payouts_internal/{id}/cancel; PATCH /v1/payouts_internal/{id}/tax-payment-id",identity:api-basic-auth:vendor-payments,graph_only,confirmed,"vendor-payments/internal/payout/core.go:83-86,108-131;vendor-payments/internal/taxpayments/apicaller.go:21"
svc:vendor-payments,topic:payout-updates-vendor-payments,consumes,SNS subscription; republished onto the Kafka accounting-payouts.status-update topic,,,inferred,
svc:vendor-payments,topic:prod-vendor-advance-event,produces,,,,probable,"accounting-integrations/config/prod.toml:220,228"
svc:vendor-payments,topic:prod-vendor-entity-updates-event,produces,,,,probable,"accounting-integrations/config/prod.toml:303,311"
svc:vendor-payments,topic:prod.x.vendor-payments.accounting-payouts.status-update,produces,,,,probable,"accounting-integrations/config/prod.toml:196,204;accounting-integrations/internal/service/job/vp_updates_listener.go:29-90"
svc:virtual-account,queue:api-virtual-account-dual-write-live,produces,,,graph_only,confirmed,
svc:virtual-account,route:ledger/POST /twirp/rzp.ledger.journal.v1.JournalAPI/FetchById,reads,ledger client exposes ONLY GetJournalByID -- virtual-account never writes a journal,,real_source_mapped_not_running,confirmed,virtual-account/pkg/clients/ledger/service.go:66;virtual-account/internal/integrations/ledger/service/service.go:30
svc:virtual-account,route:virtual-account/GET /v1/internal/virtual_accounts/by_account,owns,,,real_source_mapped_not_running,confirmed,
svc:virtual-account,route:virtual-account/GET /v1/internal/virtual_accounts/by_vpa,owns,,,real_source_mapped_not_running,confirmed,
svc:virtual-account,route:virtual-account/GET /v1/internal/virtual_accounts/{id},owns,,,real_source_mapped_not_running,confirmed,
svc:virtual-account,route:virtual-account/POST /twirp/rzp.x.virtualaccount.v1.VirtualAccountService/Create,owns,,,,confirmed,virtual-account/rpc/x/virtual_account/v1/virtualaccount_api.twirp.go:822
svc:virtual-account,route:virtual-account/POST /twirp/rzp.x.virtualaccount.v1.VirtualAccountService/GetByAccountNumber,owns,,,,confirmed,virtual-account/rpc/x/virtual_account/v1/virtualaccount_api.twirp.go:822
svc:virtual-account,route:virtual-account/POST /v1/internal/admin/force_delete,owns,,,real_source_mapped_not_running,confirmed,
svc:virtual-account,route:virtual-account/POST /v1/internal/admin/manual_patch,owns,,,real_source_mapped_not_running,confirmed,
svc:virtual-account,route:virtual-account/POST /v1/internal/virtual_accounts,owns,,,real_source_mapped_not_running,confirmed,
svc:virtual-account,route:virtual-account/POST /v1/internal/virtual_accounts/banking,owns,,,real_source_mapped_not_running,confirmed,
svc:virtual-account,route:virtual-account/POST /v1/internal/virtual_accounts/{id}/close,owns,,,real_source_mapped_not_running,confirmed,
svc:virtual-account,route:virtual-account/POST /v1/internal/virtual_accounts/{id}/paid,owns,,,real_source_mapped_not_running,confirmed,
svc:virtual-account,route:virtual-account/POST /v1/internal/virtual_accounts/{id}/trigger_credited_webhook,owns,,,real_source_mapped_not_running,confirmed,
svc:virtual-account,route:x-balances/GET /v1/accounts,reads,GetBalanceIDByAccountNumber for banking VA parent CA,,real_source_mapped_not_running,confirmed,virtual-account/internal/integrations/xbalance/interface.go:12-24;virtual-account/internal/virtualaccount/service/service.go:995-1005
svc:virtual-account,route:x-balances/GET /v1/accounts,reads,resolveBalanceID for type=banking VAs (accounts[0].id); x-balances grants the VirtualAccount principal ONLY ListAccounts,identity:service-basic-auth:x-balances-callers,real_source_mapped_not_running,confirmed,virtual-account/internal/integrations/xbalance/service/service.go:64-81;x-balances/internal/server/interceptors.go:72-75
svc:virtual-account,svc:mozart,calls,internal/integrations/mozart (VA provisioning),,graph_only,probable,
svc:virtual-account,svc:stork,produces,virtual_account.created / .closed,,graph_only,confirmed,virtual-account/internal/integrations/stork/event_types.go:6-12
svc:virtual-account,table:virtual-account/bank_accounts,writes,,,real_source_mapped_not_running,confirmed,
svc:virtual-account,table:virtual-account/credits,writes,,,real_source_mapped_not_running,confirmed,
svc:virtual-account,table:virtual-account/order_va_mappings,writes,,,real_source_mapped_not_running,confirmed,
svc:virtual-account,table:virtual-account/virtual_accounts,writes,,,real_source_mapped_not_running,confirmed,
svc:virtual-account,table:virtual-account/vpas,writes,,,real_source_mapped_not_running,confirmed,
svc:workflows,db:workflows/mysql,writes,gorm,,,confirmed,workflows/internal/boot/boot.go:102-119
svc:workflows,table:workflows/actions,writes,gorm,,,confirmed,workflows/internal/database/migrations/20200702202525_create_actions.go:14-35
svc:workflows,table:workflows/assignee,writes,gorm,,,confirmed,workflows/internal/database/migrations/20221020231335_create_assignee.go:13-35
svc:workflows,table:workflows/comments,writes,gorm,,,confirmed,workflows/internal/database/migrations/20200707080613_create_comments.go:14-28
svc:workflows,table:workflows/configs,writes,gorm,,,confirmed,workflows/internal/database/migrations/20200612161348_create_configs.go:14-30
svc:workflows,table:workflows/state_change_logs,writes,gorm,,,confirmed,workflows/internal/database/migrations/20200612155608_create_state_change_logs.go:14-27
svc:workflows,table:workflows/states,writes,gorm,,,confirmed,workflows/internal/database/migrations/20200704083621_create_states.go:14-31
svc:workflows,table:workflows/workflows,writes,gorm,,,confirmed,workflows/internal/database/migrations/20200712201722_create_workflows.go:14-49
svc:workflows-workers,ext:cadence,depends_on,11 Cadence domains at cadence-frontend.cadence.svc.cluster.local:7933; payouts domain / task list payouts-approval / workflowType approval; each worker starts MaxTaskLists(=5) workers on '<taskList>-<i>' and the starter picks one at random per workflow,,graph_only,confirmed,workflows/config/prod.toml:25-126;workflows/internal/job/approval.go:54-56;workflows/internal/entities/workflow/starter.go:171-174
svc:workflows-workers,route:api-monolith/POST payouts_internal/{id}/approve,callback,"the same Cadence callback activity, for monolith-owned payouts (service api_live/rx_live)",identity:service-basic-auth:workflows,graph_only,probable,workflows/internal/client/types/common/callback.go:69-99;api/app/Http/Route.php:19097-19099
svc:workflows-workers,route:payouts/PATCH /v1/workflow/state/{id},callback,state_callbacks.processed -- PATCH /v1/workflow/state/{state_id},identity:service-basic-auth:workflows,graph_only,confirmed,"workflows/internal/client/types/approval/workflow.go:951-953;payouts/pkg/workflow/workflow_create.go:20,270-315"
svc:workflows-workers,route:payouts/POST /v1/payouts/payouts_internal/{payout_id}/approve,callback,"Cadence activity MakeApiCallAndProcessResponseActivity -- POST {clients[service].Host}{url_path}, HTTP Basic from boot.Config.Clients[service].{Username,Password}, Content-Type application/json plus the caller-supplied headers map (payouts sends x-creator-id and X-Razorpay-Account). Retry: InitialInterval 2s, BackoffCoefficient 5.0, MaximumInterval 1h, ExpirationInterval 30 days, NO MaximumAttempts; StartToCloseTimeout 30s while the HTTP client timeout defaults to 60s -- so a slow receiver produces DUPLICATE callbacks. NO idempotency key is ever sent.",identity:ps-cred-workflow,graph_only,confirmed,"workflows/internal/client/types/common/callback.go:69-99,101-113,121-196,203-206;workflows/internal/client/types/approval/workflow.go:24-45;payouts/pkg/workflow/workflow_create.go:23-25,270-338"
svc:workflows-workers,route:payouts/POST /v1/workflow/state,callback,"state_callbacks.created -- POST /v1/workflow/state; the payload is OVERWRITTEN with the state proto and only actor_property_key / actor_property_value survive from the config payload under user_defined_data (workflow.go:923-1004, constants.go:25)",identity:service-basic-auth:workflows,graph_only,confirmed,"workflows/internal/client/types/approval/workflow.go:923-1004;payouts/pkg/workflow/workflow_create.go:23-24,270-315"
svc:workflows-workers,route:xperience/POST /v1/bulk-payouts/callbacks/workflow-action,callback,Cadence MakeApiCallAndProcessResponseActivity,,graph_only,confirmed,workflows/internal/client/types/common/callback.go:121-196;xperience/internal/app/client/workflows/mapper.go:22-56
svc:workflows-workers,route:xperience/POST /v1/bulk-payouts/callbacks/workflow-state,callback,Cadence MakeApiCallAndProcessResponseActivity,,graph_only,confirmed,workflows/internal/client/types/common/callback.go:121-196;xperience/internal/app/client/workflows/mapper.go:22-56
svc:x-balances,db:x-balances/mysql,writes,,,real_source_running,confirmed,
svc:x-balances,db:x-balances/redis,writes,,,real_source_running,confirmed,
svc:x-balances,identity:service-basic-auth:x-balances-callers,authenticates,,,real_source_running,confirmed,
svc:x-balances,route:ledger/POST /twirp/rzp.ledger.account.v1.AccountAPI/FetchByEntitiesAndMerchantID,reads,BalanceEnricher applyLedgerBatch for shared/sub_balance (mandatory dependency),identity:service-basic-auth:ledger-clients,real_source_running,confirmed,"x-balances/internal/enrichment/enricher.go:35-98,184-223;x-balances/config/default.toml:189"
svc:x-balances,route:x-balances/GET /ready,owns,,,real_source_running,confirmed,
svc:x-balances,route:x-balances/GET /v1/accounts,owns,,,real_source_running,confirmed,
svc:x-balances,route:x-balances/GET /v1/balances/{id},owns,,,real_source_running,confirmed,
svc:x-balances,route:x-balances/GET /v1/cron/balance/stale-entries/report,owns,,,real_source_running,confirmed,
svc:x-balances,route:x-balances/GET /v1/sub_balance,owns,,,real_source_running,confirmed,
svc:x-balances,route:x-balances/GET /v1/sub_balance/limits,owns,,,real_source_running,confirmed,
svc:x-balances,route:x-balances/GET /v1/sub_balance/{id},owns,,,real_source_running,confirmed,
svc:x-balances,route:x-balances/PATCH /v1/sub_balance/{id},owns,,,real_source_running,confirmed,
svc:x-balances,route:x-balances/POST /v1/admin/admin-actions,owns,,,real_source_running,confirmed,
svc:x-balances,route:x-balances/POST /v1/balance/create,owns,,,real_source_running,confirmed,
svc:x-balances,route:x-balances/POST /v1/balance/fetch,owns,,,real_source_running,confirmed,
svc:x-balances,route:x-balances/POST /v1/balances,owns,,,real_source_running,confirmed,
svc:x-balances,route:x-balances/POST /v1/cron/balance/{channel}/fetch,owns,,,real_source_running,confirmed,
svc:x-balances,route:x-balances/POST /v1/sub_balance,owns,,,real_source_running,confirmed,
svc:x-balances,route:x-balances/POST /v1/sub_balance/create_limit,owns,,,real_source_running,confirmed,
svc:x-balances,table:api-monolith/balance,reads,APIStore fallback when balance_id not in own DB,,high_fidelity_replacement,confirmed,
svc:x-balances,table:x-balances/balance,writes,,,real_source_running,confirmed,
svc:x-balances,table:x-balances/sub_balance_limits,writes,,,real_source_mapped_not_running,confirmed,
svc:x-balances,table:x-balances/sub_balances,writes,,,real_source_mapped_not_running,confirmed,
svc:xas,route:xas/GET /live,owns,,,high_fidelity_replacement,confirmed,
svc:xas,route:xas/GET /v1/account_statements,owns,,,high_fidelity_replacement,confirmed,
svc:xas,route:xas/GET /v1/account_statements/fetch_multiple_by_reference_numbers,owns,,,high_fidelity_replacement,confirmed,
svc:xas,route:xas/GET /v2/account_statements,owns,,,real_source_mapped_not_running,confirmed,
svc:xas,route:xas/POST /v1/accounts,owns,,,real_source_mapped_not_running,confirmed,
svc:xas,route:xas/POST /v1/accounts/update,owns,,,real_source_mapped_not_running,confirmed,
svc:xas,route:xas/POST /v1/banking_account_statement/fetch/initiate,owns,,,real_source_mapped_not_running,confirmed,
svc:xas,route:xas/POST /v1/banking_account_statement/fetch/manual,owns,,,real_source_mapped_not_running,confirmed,
svc:xas,route:xas/POST /v1/source_event/fetch,owns,,,high_fidelity_replacement,confirmed,
svc:xas,route:xas/POST /v1/statement/delete,owns,,,real_source_mapped_not_running,confirmed,
svc:xas,route:xas/POST /v1/statement/dual_write,owns,,,high_fidelity_replacement,confirmed,
svc:xas,route:xas/POST /v1/statement/enrich_statements,owns,,,high_fidelity_replacement,confirmed,
svc:xas,route:xas/POST /v1/trigger_migration,owns,,,real_source_mapped_not_running,confirmed,
svc:xas,table:xas/account_statements,writes,,,high_fidelity_replacement,confirmed,
svc:xas,table:xas/accounts,writes,,,high_fidelity_replacement,confirmed,
svc:xas,table:xas/source_events,writes,,,high_fidelity_replacement,confirmed,
svc:xas,worker:xas/account_cdc,depends_on,,,real_source_mapped_not_running,confirmed,
svc:xas,worker:xas/account_statement_cdc,depends_on,,,high_fidelity_replacement,confirmed,
svc:xas,worker:xas/api_to_xas_merchant_migration,depends_on,,,real_source_mapped_not_running,confirmed,
svc:xas,worker:xas/fetch_axis_statement,depends_on,,,real_source_mapped_not_running,confirmed,
svc:xas,worker:xas/fetch_icici_statement,depends_on,,,real_source_mapped_not_running,confirmed,
svc:xas,worker:xas/fetch_idfc_statement,depends_on,,,real_source_mapped_not_running,confirmed,
svc:xas,worker:xas/fetch_slice_statement,depends_on,,,real_source_mapped_not_running,confirmed,
svc:xas,worker:xas/fetch_statements_for_account,depends_on,,,real_source_mapped_not_running,confirmed,
svc:xas,worker:xas/fetch_yesbank_statement,depends_on,,,real_source_mapped_not_running,confirmed,
svc:xas,worker:xas/new_merchant_onboarding,depends_on,,,real_source_mapped_not_running,confirmed,
svc:xas,worker:xas/save_statements_push_for_enrichment,depends_on,,,real_source_mapped_not_running,confirmed,
svc:xas,worker:xas/source_processing,depends_on,,,high_fidelity_replacement,confirmed,
svc:xas,worker:xas/statement_enrichment,depends_on,,,high_fidelity_replacement,confirmed,
svc:xbalances-server,db:api-monolith/mysql,depends_on,docker-compose depends_on: mysql-apidb-stub,,,confirmed,
svc:xbalances-server,db:api-monolith/mysql,reads,[APIStore.Sql],,,confirmed,
svc:xbalances-server,db:arena/localstack,depends_on,docker-compose depends_on: localstack,,,confirmed,
svc:xbalances-server,db:arena/localstack,produces,SQS/SNS,,,confirmed,
svc:xbalances-server,db:arena/redis,depends_on,docker-compose depends_on: redis,,,confirmed,
svc:xbalances-server,db:arena/redis,reads,cache / mutex / reservations,,,confirmed,
svc:xbalances-server,db:x-balances/mysql,depends_on,docker-compose depends_on: mysql-xbalances,,,confirmed,
svc:xbalances-server,db:x-balances/mysql,writes,,,,confirmed,
svc:xbalances-server,repo:x-balances,owns,built from pinned SHA,,,confirmed,
svc:xperience,route:batch/GET /batch-entry,calls,GET batch-entry?batchId=&sequenceNumbers=,,graph_only,confirmed,"xperience/internal/app/client/batch/fetch_rows.go:15,25"
svc:xperience,route:batch/GET /batch/{id},calls,status polling for the bulk_payout aggregate,,graph_only,confirmed,xperience/internal/app/client/batch/fetch_batch.go:28;xperience/internal/app/service/bulkpayouts/status_mapping.go:9-42
svc:xperience,route:batch/POST /batch,calls,"POST {batch}/batch multipart {multipartFile, name, entityId, batchTypeId, version} with headers X-Entity-Id, mode, X-Creator-Id, X-Creator-Type and req.SetBasicAuth (xperienceUser)",identity:batch-inbound-basic,graph_only,confirmed,"xperience/internal/app/client/batch/create_batch.go:15,26-56;xperience/internal/app/client/batch/constants.go:3-20"
svc:xperience,route:batch/PUT /batch,calls,"PUT {batch}/batch multipart {name, previousBatchId, batchTypeId, settings}, same headers + basic auth",identity:batch-inbound-basic,graph_only,confirmed,xperience/internal/app/client/batch/process_batch.go:20-75
svc:xperience,route:workflows/ActionAPI.CreateDirectOnWorkflow,calls,approve/reject action with caller-asserted ActorId/ActorType/ActorPropertyKey/ActorPropertyValue,identity:workflow-actor,graph_only,confirmed,xperience/internal/app/client/workflows/constants.go:43-44;xperience/internal/app/client/workflows/model.go:194-211
svc:xperience,route:workflows/WorkflowAPI.Create,calls,"POST twirp/rzp.workflows.workflow.v1.WorkflowAPI/Create with entity_type='bulk_payouts', config_type='payout-approval', service='rx_live', owner_type='merchant', creator_type='user', diff.new.amount, and callback_details registering /v1/bulk-payouts/callbacks/workflow-state and /v1/bulk-payouts/callbacks/workflow-action (success codes [200,201])",identity:workflows-inbound-basic,graph_only,confirmed,xperience/internal/app/client/workflows/create_workflow.go:14-17;xperience/internal/app/client/workflows/mapper.go:7-95;xperience/internal/app/client/workflows/constants.go:14-45
table:xas/account_statements,topic:mysql_cdc_events_prod_rx_account_statements_account_statements,produces,Maxwell binlog CDC,,real_source_mapped_not_running,confirmed,
topic:api-ledger-journal-create-live,queue:prod-ledger-journal-create-live,produces,SNS→SQS subscription,,high_fidelity_replacement,confirmed,
topic:journal-created,event:ledger/journal-created,produces,,,real_source_mapped_not_running,confirmed,
topic:prod-recon-workflow,event:recon/rx_workflow_row,produces,,,graph_only,confirmed,
worker:cfa/contact_lazy_load,queue:cfa-contact-lazy-load,consumes,,,real_source_running,confirmed,
worker:cfa/fund_account_lazy_load,queue:cfa-fund-account-lazy-load,consumes,,,real_source_running,confirmed,
worker:fts/amazon_pay::check_transfer_status,db:fts/mysql,writes,,,real_source_mapped_not_running,confirmed,
worker:fts/amazon_pay::check_transfer_status,db:fts/redis,depends_on,mutex + machinery broker,,real_source_mapped_not_running,confirmed,
worker:fts/amazon_pay::check_transfer_status,queue:fts_live_amazon_pay_check_transfer_status,consumes,,,real_source_mapped_not_running,confirmed,fts/config/env.default.toml:165
worker:fts/amazon_pay::check_transfer_status,svc:mozart,calls,POST {BASE_URL}/<MOZART_URLPART_GATEWAY>/transfer_init|transfer_status (Basic auth),identity:mozart-basic-auth:fts,real_source_mapped_not_running,confirmed,"fts/internal/providers/mozart/provider.go:218,945,1905;fts/internal/providers/mozart/executor.go:17-42"
worker:fts/amazon_pay::initiate_transfer,db:fts/mysql,writes,,,real_source_mapped_not_running,confirmed,
worker:fts/amazon_pay::initiate_transfer,db:fts/redis,depends_on,mutex + machinery broker,,real_source_mapped_not_running,confirmed,
worker:fts/amazon_pay::initiate_transfer,queue:fts_live_amazon_pay_initiate_transfer,consumes,,,real_source_mapped_not_running,confirmed,fts/config/env.default.toml:166
worker:fts/amazon_pay::initiate_transfer,svc:mozart,calls,POST {BASE_URL}/<MOZART_URLPART_GATEWAY>/transfer_init|transfer_status (Basic auth),identity:mozart-basic-auth:fts,real_source_mapped_not_running,confirmed,"fts/internal/providers/mozart/provider.go:218,945,1905;fts/internal/providers/mozart/executor.go:17-42"
worker:fts/amazon_pay::wallet_transfer::initiate_transfer,db:fts/mysql,writes,,,real_source_mapped_not_running,confirmed,
worker:fts/amazon_pay::wallet_transfer::initiate_transfer,db:fts/redis,depends_on,mutex + machinery broker,,real_source_mapped_not_running,confirmed,
worker:fts/amazon_pay::wallet_transfer::initiate_transfer,queue:fts_live_amazon_pay_initiate_transfer,consumes,,,real_source_mapped_not_running,confirmed,fts/config/env.default.toml:167
worker:fts/amazon_pay::wallet_transfer::initiate_transfer,svc:mozart,calls,POST {BASE_URL}/<MOZART_URLPART_GATEWAY>/transfer_init|transfer_status (Basic auth),identity:mozart-basic-auth:fts,real_source_mapped_not_running,confirmed,"fts/internal/providers/mozart/provider.go:218,945,1905;fts/internal/providers/mozart/executor.go:17-42"
worker:fts/axis::check_transfer_status,db:fts/mysql,writes,,,real_source_mapped_not_running,confirmed,
worker:fts/axis::check_transfer_status,db:fts/redis,depends_on,mutex + machinery broker,,real_source_mapped_not_running,confirmed,
worker:fts/axis::check_transfer_status,queue:fts_live_axis_check_transfer_status,consumes,,,real_source_mapped_not_running,confirmed,fts/config/env.default.toml:161
worker:fts/axis::check_transfer_status,svc:mozart,calls,POST {BASE_URL}/<MOZART_URLPART_GATEWAY>/transfer_init|transfer_status (Basic auth),identity:mozart-basic-auth:fts,real_source_mapped_not_running,confirmed,"fts/internal/providers/mozart/provider.go:218,945,1905;fts/internal/providers/mozart/executor.go:17-42"
worker:fts/axis::direct::upi::check_transfer_status,db:fts/mysql,writes,,,real_source_mapped_not_running,confirmed,
worker:fts/axis::direct::upi::check_transfer_status,db:fts/redis,depends_on,mutex + machinery broker,,real_source_mapped_not_running,confirmed,
worker:fts/axis::direct::upi::check_transfer_status,queue:fts_live_axis_direct_upi_check_transfer_status,consumes,,,real_source_mapped_not_running,confirmed,fts/config/env.default.toml:199
worker:fts/axis::direct::upi::check_transfer_status,svc:mozart,calls,POST {BASE_URL}/<MOZART_URLPART_GATEWAY>/transfer_init|transfer_status (Basic auth),identity:mozart-basic-auth:fts,real_source_mapped_not_running,confirmed,"fts/internal/providers/mozart/provider.go:218,945,1905;fts/internal/providers/mozart/executor.go:17-42"
worker:fts/axis::direct::upi::initiate_transfer,db:fts/mysql,writes,,,real_source_mapped_not_running,confirmed,
worker:fts/axis::direct::upi::initiate_transfer,db:fts/redis,depends_on,mutex + machinery broker,,real_source_mapped_not_running,confirmed,
worker:fts/axis::direct::upi::initiate_transfer,queue:fts_live_axis_direct_upi_initiate_transfer,consumes,,,real_source_mapped_not_running,confirmed,fts/config/env.default.toml:186
worker:fts/axis::direct::upi::initiate_transfer,svc:mozart,calls,POST {BASE_URL}/<MOZART_URLPART_GATEWAY>/transfer_init|transfer_status (Basic auth),identity:mozart-basic-auth:fts,real_source_mapped_not_running,confirmed,"fts/internal/providers/mozart/provider.go:218,945,1905;fts/internal/providers/mozart/executor.go:17-42"
worker:fts/axis::imps::hv::check_transfer_status,db:fts/mysql,writes,,,real_source_mapped_not_running,confirmed,
worker:fts/axis::imps::hv::check_transfer_status,db:fts/redis,depends_on,mutex + machinery broker,,real_source_mapped_not_running,confirmed,
worker:fts/axis::imps::hv::check_transfer_status,queue:fts_live_axis_imps_hv_check_transfer_status,consumes,,,real_source_mapped_not_running,confirmed,fts/config/env.default.toml:277
worker:fts/axis::imps::hv::check_transfer_status,svc:mozart,calls,POST {BASE_URL}/<MOZART_URLPART_GATEWAY>/transfer_init|transfer_status (Basic auth),identity:mozart-basic-auth:fts,real_source_mapped_not_running,confirmed,"fts/internal/providers/mozart/provider.go:218,945,1905;fts/internal/providers/mozart/executor.go:17-42"
worker:fts/axis::imps::hv::initiate_transfer,db:fts/mysql,writes,,,real_source_mapped_not_running,confirmed,
worker:fts/axis::imps::hv::initiate_transfer,db:fts/redis,depends_on,mutex + machinery broker,,real_source_mapped_not_running,confirmed,
worker:fts/axis::imps::hv::initiate_transfer,queue:fts_live_axis_imps_hv_initiate_transfer,consumes,,,real_source_mapped_not_running,confirmed,fts/config/env.default.toml:276
worker:fts/axis::imps::hv::initiate_transfer,svc:mozart,calls,POST {BASE_URL}/<MOZART_URLPART_GATEWAY>/transfer_init|transfer_status (Basic auth),identity:mozart-basic-auth:fts,real_source_mapped_not_running,confirmed,"fts/internal/providers/mozart/provider.go:218,945,1905;fts/internal/providers/mozart/executor.go:17-42"
worker:fts/axis::initiate_transfer,db:fts/mysql,writes,,,real_source_mapped_not_running,confirmed,
worker:fts/axis::initiate_transfer,db:fts/redis,depends_on,mutex + machinery broker,,real_source_mapped_not_running,confirmed,
worker:fts/axis::initiate_transfer,queue:fts_live_axis_initiate_transfer,consumes,,,real_source_mapped_not_running,confirmed,fts/config/env.default.toml:160
worker:fts/axis::initiate_transfer,svc:mozart,calls,POST {BASE_URL}/<MOZART_URLPART_GATEWAY>/transfer_init|transfer_status (Basic auth),identity:mozart-basic-auth:fts,real_source_mapped_not_running,confirmed,"fts/internal/providers/mozart/provider.go:218,945,1905;fts/internal/providers/mozart/executor.go:17-42"
worker:fts/axis::neft::check_transfer_status,db:fts/mysql,writes,,,real_source_mapped_not_running,confirmed,
worker:fts/axis::neft::check_transfer_status,db:fts/redis,depends_on,mutex + machinery broker,,real_source_mapped_not_running,confirmed,
worker:fts/axis::neft::check_transfer_status,queue:fts_live_axis_neft_check_transfer_status,consumes,,,real_source_mapped_not_running,confirmed,fts/config/env.default.toml:196
worker:fts/axis::neft::check_transfer_status,svc:mozart,calls,POST {BASE_URL}/<MOZART_URLPART_GATEWAY>/transfer_init|transfer_status (Basic auth),identity:mozart-basic-auth:fts,real_source_mapped_not_running,confirmed,"fts/internal/providers/mozart/provider.go:218,945,1905;fts/internal/providers/mozart/executor.go:17-42"
worker:fts/axis::neft::initiate_transfer,db:fts/mysql,writes,,,real_source_mapped_not_running,confirmed,
worker:fts/axis::neft::initiate_transfer,db:fts/redis,depends_on,mutex + machinery broker,,real_source_mapped_not_running,confirmed,
worker:fts/axis::neft::initiate_transfer,queue:fts_live_axis_neft_initiate_transfer,consumes,,,real_source_mapped_not_running,confirmed,fts/config/env.default.toml:183
worker:fts/axis::neft::initiate_transfer,svc:mozart,calls,POST {BASE_URL}/<MOZART_URLPART_GATEWAY>/transfer_init|transfer_status (Basic auth),identity:mozart-basic-auth:fts,real_source_mapped_not_running,confirmed,"fts/internal/providers/mozart/provider.go:218,945,1905;fts/internal/providers/mozart/executor.go:17-42"
worker:fts/axis::register_beneficiary,db:fts/mysql,writes,,,real_source_mapped_not_running,confirmed,
worker:fts/axis::register_beneficiary,db:fts/redis,depends_on,mutex + machinery broker,,real_source_mapped_not_running,confirmed,
worker:fts/axis::register_beneficiary,queue:fts_live_axis_register_beneficiary,consumes,,,real_source_mapped_not_running,confirmed,fts/config/env.default.toml:162
worker:fts/axis::register_beneficiary,svc:mozart,calls,POST {BASE_URL}/<MOZART_URLPART_GATEWAY>/transfer_init|transfer_status (Basic auth),identity:mozart-basic-auth:fts,real_source_mapped_not_running,confirmed,"fts/internal/providers/mozart/provider.go:218,945,1905;fts/internal/providers/mozart/executor.go:17-42"
worker:fts/axis::rtgs::check_transfer_status,db:fts/mysql,writes,,,real_source_mapped_not_running,confirmed,
worker:fts/axis::rtgs::check_transfer_status,db:fts/redis,depends_on,mutex + machinery broker,,real_source_mapped_not_running,confirmed,
worker:fts/axis::rtgs::check_transfer_status,queue:fts_live_axis_rtgs_check_transfer_status,consumes,,,real_source_mapped_not_running,confirmed,fts/config/env.default.toml:197
worker:fts/axis::rtgs::check_transfer_status,svc:mozart,calls,POST {BASE_URL}/<MOZART_URLPART_GATEWAY>/transfer_init|transfer_status (Basic auth),identity:mozart-basic-auth:fts,real_source_mapped_not_running,confirmed,"fts/internal/providers/mozart/provider.go:218,945,1905;fts/internal/providers/mozart/executor.go:17-42"
worker:fts/axis::rtgs::initiate_transfer,db:fts/mysql,writes,,,real_source_mapped_not_running,confirmed,
worker:fts/axis::rtgs::initiate_transfer,db:fts/redis,depends_on,mutex + machinery broker,,real_source_mapped_not_running,confirmed,
worker:fts/axis::rtgs::initiate_transfer,queue:fts_live_axis_rtgs_initiate_transfer,consumes,,,real_source_mapped_not_running,confirmed,fts/config/env.default.toml:184
worker:fts/axis::rtgs::initiate_transfer,svc:mozart,calls,POST {BASE_URL}/<MOZART_URLPART_GATEWAY>/transfer_init|transfer_status (Basic auth),identity:mozart-basic-auth:fts,real_source_mapped_not_running,confirmed,"fts/internal/providers/mozart/provider.go:218,945,1905;fts/internal/providers/mozart/executor.go:17-42"
worker:fts/axis::upi::check_transfer_status,db:fts/mysql,writes,,,real_source_mapped_not_running,confirmed,
worker:fts/axis::upi::check_transfer_status,db:fts/redis,depends_on,mutex + machinery broker,,real_source_mapped_not_running,confirmed,
worker:fts/axis::upi::check_transfer_status,queue:fts_live_axis_upi_check_transfer_status,consumes,,,real_source_mapped_not_running,confirmed,fts/config/env.default.toml:198
worker:fts/axis::upi::check_transfer_status,svc:mozart,calls,POST {BASE_URL}/<MOZART_URLPART_GATEWAY>/transfer_init|transfer_status (Basic auth),identity:mozart-basic-auth:fts,real_source_mapped_not_running,confirmed,"fts/internal/providers/mozart/provider.go:218,945,1905;fts/internal/providers/mozart/executor.go:17-42"
worker:fts/axis::upi::hv::check_transfer_status,db:fts/mysql,writes,,,real_source_mapped_not_running,confirmed,
worker:fts/axis::upi::hv::check_transfer_status,db:fts/redis,depends_on,mutex + machinery broker,,real_source_mapped_not_running,confirmed,
worker:fts/axis::upi::hv::check_transfer_status,queue:fts_live_axis_upi_hv_check_transfer_status,consumes,,,real_source_mapped_not_running,confirmed,fts/config/env.default.toml:275
worker:fts/axis::upi::hv::check_transfer_status,svc:mozart,calls,POST {BASE_URL}/<MOZART_URLPART_GATEWAY>/transfer_init|transfer_status (Basic auth),identity:mozart-basic-auth:fts,real_source_mapped_not_running,confirmed,"fts/internal/providers/mozart/provider.go:218,945,1905;fts/internal/providers/mozart/executor.go:17-42"
worker:fts/axis::upi::hv::initiate_transfer,db:fts/mysql,writes,,,real_source_mapped_not_running,confirmed,
worker:fts/axis::upi::hv::initiate_transfer,db:fts/redis,depends_on,mutex + machinery broker,,real_source_mapped_not_running,confirmed,
worker:fts/axis::upi::hv::initiate_transfer,queue:fts_live_axis_upi_hv_initiate_transfer,consumes,,,real_source_mapped_not_running,confirmed,fts/config/env.default.toml:274
worker:fts/axis::upi::hv::initiate_transfer,svc:mozart,calls,POST {BASE_URL}/<MOZART_URLPART_GATEWAY>/transfer_init|transfer_status (Basic auth),identity:mozart-basic-auth:fts,real_source_mapped_not_running,confirmed,"fts/internal/providers/mozart/provider.go:218,945,1905;fts/internal/providers/mozart/executor.go:17-42"
worker:fts/axis::upi::initiate_transfer,db:fts/mysql,writes,,,real_source_mapped_not_running,confirmed,
worker:fts/axis::upi::initiate_transfer,db:fts/redis,depends_on,mutex + machinery broker,,real_source_mapped_not_running,confirmed,
worker:fts/axis::upi::initiate_transfer,queue:fts_live_axis_upi_initiate_transfer,consumes,,,real_source_mapped_not_running,confirmed,fts/config/env.default.toml:185
worker:fts/axis::upi::initiate_transfer,svc:mozart,calls,POST {BASE_URL}/<MOZART_URLPART_GATEWAY>/transfer_init|transfer_status (Basic auth),identity:mozart-basic-auth:fts,real_source_mapped_not_running,confirmed,"fts/internal/providers/mozart/provider.go:218,945,1905;fts/internal/providers/mozart/executor.go:17-42"
worker:fts/axis_file_based,db:fts/mysql,writes,,,real_source_mapped_not_running,confirmed,
worker:fts/axis_file_based,db:fts/redis,depends_on,mutex + machinery broker,,real_source_mapped_not_running,confirmed,
worker:fts/axis_file_based,queue:fts_live_axis_file_based,consumes,,,real_source_mapped_not_running,confirmed,fts/config/env.default.toml:168
worker:fts/batch::icici::neft::initiate_transfer,db:fts/mysql,writes,,,real_source_mapped_not_running,confirmed,
worker:fts/batch::icici::neft::initiate_transfer,db:fts/redis,depends_on,mutex + machinery broker,,real_source_mapped_not_running,confirmed,
worker:fts/batch::icici::neft::initiate_transfer,queue:fts_live_batch_icici_neft_initiate_transfer,consumes,,,real_source_mapped_not_running,confirmed,fts/config/env.default.toml:152
worker:fts/batch::icici::neft::initiate_transfer,svc:mozart,calls,POST {BASE_URL}/<MOZART_URLPART_GATEWAY>/transfer_init|transfer_status (Basic auth),identity:mozart-basic-auth:fts,real_source_mapped_not_running,confirmed,"fts/internal/providers/mozart/provider.go:218,945,1905;fts/internal/providers/mozart/executor.go:17-42"
worker:fts/batch::icici::neft::register_beneficiary,db:fts/mysql,writes,,,real_source_mapped_not_running,confirmed,
worker:fts/batch::icici::neft::register_beneficiary,db:fts/redis,depends_on,mutex + machinery broker,,real_source_mapped_not_running,confirmed,
worker:fts/batch::icici::neft::register_beneficiary,queue:fts_live_batch_icici_neft_register_beneficiary,consumes,,,real_source_mapped_not_running,confirmed,fts/config/env.default.toml:158
worker:fts/batch::icici::neft::register_beneficiary,svc:mozart,calls,POST {BASE_URL}/<MOZART_URLPART_GATEWAY>/transfer_init|transfer_status (Basic auth),identity:mozart-basic-auth:fts,real_source_mapped_not_running,confirmed,"fts/internal/providers/mozart/provider.go:218,945,1905;fts/internal/providers/mozart/executor.go:17-42"
worker:fts/check_recon_status,db:fts/mysql,writes,,,real_source_mapped_not_running,confirmed,
worker:fts/check_recon_status,db:fts/redis,depends_on,mutex + machinery broker,,real_source_mapped_not_running,confirmed,
worker:fts/check_recon_status,queue:fts_live_check_recon_status,consumes,,,real_source_mapped_not_running,confirmed,fts/config/env.default.toml:163
worker:fts/check_transfer_status,cron:fts/fetch_healthy_balance,schedules,,,behavioural_placeholder,confirmed,fts/internal/account/fetch_healthy_balance_cron.go:16-33;fts/config/env.default.toml:9506-9510;fts/internal/bootstrap/worker.go:25
worker:fts/check_transfer_status,db:fts/mysql,reads,,,,confirmed,
worker:fts/check_transfer_status,db:fts/mysql,writes,,,real_source_running,confirmed,
worker:fts/check_transfer_status,db:fts/redis,depends_on,mutex + machinery broker,,real_source_running,confirmed,
worker:fts/check_transfer_status,queue:fts_live_check_transfer_status,consumes,,,real_source_running,confirmed,fts/config/env.default.toml:126
worker:fts/check_transfer_status,state:fts_transfer/failed,transitions,"meta.failed (e.g. INSUFFICIENT_FUND, TXN_REJECTED, RETURNED...)",,real_source_running,confirmed,fts/internal/providers/mozart/error_code.go:293-560
worker:fts/check_transfer_status,state:fts_transfer/processed,transitions,meta.processed (SUCCESS/APPROVED/BENE_RECORD_ALREADY_EXISTS),,real_source_running,confirmed,"fts/internal/providers/mozart/error_code.go:247-250,844,608"
worker:fts/check_transfer_status,state:fts_transfer/reversed,transitions,meta.reversed / RETURNED with return_utr,,real_source_running,confirmed,fts/internal/transfer/state_machine.go:151-152
worker:fts/check_transfer_status,svc:mozart,calls,POST {BASE_URL}/<MOZART_URLPART_GATEWAY>/transfer_init|transfer_status (Basic auth),identity:mozart-basic-auth:fts,high_fidelity_replacement,confirmed,"fts/internal/providers/mozart/provider.go:218,945,1905;fts/internal/providers/mozart/executor.go:17-42"
worker:fts/default,db:fts/mysql,reads,,,,confirmed,
worker:fts/default,db:fts/mysql,writes,,,real_source_running,confirmed,
worker:fts/default,db:fts/redis,depends_on,mutex + machinery broker,,real_source_running,confirmed,
worker:fts/default,ext:ledger,calls,POST {ledger.BASE_URL}/twirp/rzp.ledger.account.v1.AccountAPI/CreateOnEvent (ledger_account_create task),,real_source_running,confirmed,fts/internal/account/service.go:4784-4788;fts/internal/tasks/ledger_account_create.go:1
worker:fts/default,ext:slack,calls,slack_notification task,,graph_only,confirmed,fts/internal/tasks/send_slack_message.go:1
worker:fts/default,queue:fts_live_default,consumes,,,real_source_running,confirmed,fts/config/env.default.toml:175
worker:fts/fire_transfer_status_webhook,db:fts/mysql,reads,,,,confirmed,
worker:fts/fire_transfer_status_webhook,db:fts/mysql,writes,,,real_source_running,confirmed,
worker:fts/fire_transfer_status_webhook,db:fts/redis,depends_on,mutex + machinery broker,,real_source_running,confirmed,
worker:fts/fire_transfer_status_webhook,event:fts.transfer_status_webhook,produces,,,real_source_running,confirmed,fts/internal/transfer/service.go:1113
worker:fts/fire_transfer_status_webhook,ext:api-monolith,callback,"POST https://prod-api-int.razorpay.com/v1/update_fts_fund_transfer (legacy per-product [webhook.<product>.transfer_status]; 3x200s retries on non-2xx, then give up with metric TransferWebhookUpdateFailureCount)",identity:fts-product-auth:api,high_fidelity_replacement,confirmed,"fts/internal/transfer/service.go:1180-1208,1253-1268;fts/config/env.prod-live.toml:177-178"
worker:fts/fire_transfer_status_webhook,flag:fts-config/alternate_url_flow,gated_by,,,real_source_running,confirmed,fts/internal/transfer/service.go:1132
worker:fts/fire_transfer_status_webhook,flag:splitz/create_transfer_meta_rollout,gated_by,,,behavioural_placeholder,confirmed,fts/internal/transfer/service.go:1147
worker:fts/fire_transfer_status_webhook,flag:splitz/fire_status_update_kafka,gated_by,,,behavioural_placeholder,confirmed,fts/internal/transfer/service.go:1138
worker:fts/fire_transfer_status_webhook,flag:splitz/shadow_mode_headers,gated_by,,,behavioural_placeholder,confirmed,fts/internal/transfer/service.go:1148
worker:fts/fire_transfer_status_webhook,queue:fts_live_fire_transfer_status_webhook,consumes,,,real_source_running,confirmed,fts/config/env.default.toml:127
worker:fts/fire_transfer_status_webhook,state:fts_transfer/retry,reads,webhook skipped while transfer in RETRY,,real_source_running,confirmed,fts/internal/transfer/service.go:1104-1111
worker:fts/fire_transfer_status_webhook,table:fts/transfer_meta,reads,GetTransferMetaForTransfer -> origin_service (API|payouts; default API when X-Origin absent),,real_source_running,confirmed,"fts/internal/transfer/service.go:1151,1889-1910"
worker:fts/fire_transfer_status_webhook,topic:rx-fts-status-update-events,produces,kafka.PushMessageWithKey when splitz fire_status_update_kafka enabled (replaces HTTP),,behavioural_placeholder,confirmed,fts/internal/transfer/service.go:1137-1144
worker:fts/hdfc::check_bulk_transfer_status,db:fts/mysql,writes,,,real_source_mapped_not_running,confirmed,
worker:fts/hdfc::check_bulk_transfer_status,db:fts/redis,depends_on,mutex + machinery broker,,real_source_mapped_not_running,confirmed,
worker:fts/hdfc::check_bulk_transfer_status,queue:fts_live_hdfc_check_bulk_transfer_status,consumes,,,real_source_mapped_not_running,confirmed,fts/config/env.default.toml:174
worker:fts/hdfc::check_bulk_transfer_status,svc:mozart,calls,POST {BASE_URL}/<MOZART_URLPART_GATEWAY>/transfer_init|transfer_status (Basic auth),identity:mozart-basic-auth:fts,real_source_mapped_not_running,confirmed,"fts/internal/providers/mozart/provider.go:218,945,1905;fts/internal/providers/mozart/executor.go:17-42"
worker:fts/hdfc::initiate_attempt_bulk,db:fts/mysql,writes,,,real_source_mapped_not_running,confirmed,
worker:fts/hdfc::initiate_attempt_bulk,db:fts/redis,depends_on,mutex + machinery broker,,real_source_mapped_not_running,confirmed,
worker:fts/hdfc::initiate_attempt_bulk,queue:fts_live_hdfc_initiate_attempt_bulk,consumes,,,real_source_mapped_not_running,confirmed,fts/config/env.default.toml:173
worker:fts/hdfc::initiate_attempt_bulk,svc:mozart,calls,POST {BASE_URL}/<MOZART_URLPART_GATEWAY>/transfer_init|transfer_status (Basic auth),identity:mozart-basic-auth:fts,real_source_mapped_not_running,confirmed,"fts/internal/providers/mozart/provider.go:218,945,1905;fts/internal/providers/mozart/executor.go:17-42"
worker:fts/hv::fire_transfer_status_webhook,db:fts/mysql,writes,,,real_source_mapped_not_running,confirmed,
worker:fts/hv::fire_transfer_status_webhook,db:fts/redis,depends_on,mutex + machinery broker,,real_source_mapped_not_running,confirmed,
worker:fts/hv::fire_transfer_status_webhook,queue:fts_live_hv_fire_transfer_status_webhook,consumes,,,real_source_mapped_not_running,confirmed,fts/config/env.default.toml:201
worker:fts/hv::initiate_transfer,db:fts/mysql,writes,,,real_source_mapped_not_running,confirmed,
worker:fts/hv::initiate_transfer,db:fts/redis,depends_on,mutex + machinery broker,,real_source_mapped_not_running,confirmed,
worker:fts/hv::initiate_transfer,queue:fts_live_hv_initiate_transfer,consumes,,,real_source_mapped_not_running,confirmed,fts/config/env.default.toml:265
worker:fts/hv::initiate_transfer,svc:mozart,calls,POST {BASE_URL}/<MOZART_URLPART_GATEWAY>/transfer_init|transfer_status (Basic auth),identity:mozart-basic-auth:fts,real_source_mapped_not_running,confirmed,"fts/internal/providers/mozart/provider.go:218,945,1905;fts/internal/providers/mozart/executor.go:17-42"
worker:fts/icici::check_transfer_status,db:fts/mysql,writes,,,real_source_mapped_not_running,confirmed,
worker:fts/icici::check_transfer_status,db:fts/redis,depends_on,mutex + machinery broker,,real_source_mapped_not_running,confirmed,
worker:fts/icici::check_transfer_status,queue:fts_live_icici_check_transfer_status,consumes,,,real_source_mapped_not_running,confirmed,fts/config/env.default.toml:134
worker:fts/icici::check_transfer_status,svc:mozart,calls,POST {BASE_URL}/<MOZART_URLPART_GATEWAY>/transfer_init|transfer_status (Basic auth),identity:mozart-basic-auth:fts,real_source_mapped_not_running,confirmed,"fts/internal/providers/mozart/provider.go:218,945,1905;fts/internal/providers/mozart/executor.go:17-42"
worker:fts/icici::direct::check_transfer_status,db:fts/mysql,writes,,,real_source_mapped_not_running,confirmed,
worker:fts/icici::direct::check_transfer_status,db:fts/redis,depends_on,mutex + machinery broker,,real_source_mapped_not_running,confirmed,
worker:fts/icici::direct::check_transfer_status,queue:fts_live_icici_direct_check_transfer_status,consumes,,,real_source_mapped_not_running,confirmed,fts/config/env.default.toml:137
worker:fts/icici::direct::check_transfer_status,svc:mozart,calls,POST {BASE_URL}/<MOZART_URLPART_GATEWAY>/transfer_init|transfer_status (Basic auth),identity:mozart-basic-auth:fts,real_source_mapped_not_running,confirmed,"fts/internal/providers/mozart/provider.go:218,945,1905;fts/internal/providers/mozart/executor.go:17-42"
worker:fts/icici::direct::initiate_transfer,db:fts/mysql,writes,,,real_source_mapped_not_running,confirmed,
worker:fts/icici::direct::initiate_transfer,db:fts/redis,depends_on,mutex + machinery broker,,real_source_mapped_not_running,confirmed,
worker:fts/icici::direct::initiate_transfer,queue:fts_live_icici_direct_initiate_transfer,consumes,,,real_source_mapped_not_running,confirmed,fts/config/env.default.toml:136
worker:fts/icici::direct::initiate_transfer,svc:mozart,calls,POST {BASE_URL}/<MOZART_URLPART_GATEWAY>/transfer_init|transfer_status (Basic auth),identity:mozart-basic-auth:fts,real_source_mapped_not_running,confirmed,"fts/internal/providers/mozart/provider.go:218,945,1905;fts/internal/providers/mozart/executor.go:17-42"
worker:fts/icici::imps::hv::check_transfer_status,db:fts/mysql,writes,,,real_source_mapped_not_running,confirmed,
worker:fts/icici::imps::hv::check_transfer_status,db:fts/redis,depends_on,mutex + machinery broker,,real_source_mapped_not_running,confirmed,
worker:fts/icici::imps::hv::check_transfer_status,queue:fts_live_icici_imps_hv_check_transfer_status,consumes,,,real_source_mapped_not_running,confirmed,fts/config/env.default.toml:273
worker:fts/icici::imps::hv::check_transfer_status,svc:mozart,calls,POST {BASE_URL}/<MOZART_URLPART_GATEWAY>/transfer_init|transfer_status (Basic auth),identity:mozart-basic-auth:fts,real_source_mapped_not_running,confirmed,"fts/internal/providers/mozart/provider.go:218,945,1905;fts/internal/providers/mozart/executor.go:17-42"
worker:fts/icici::imps::hv::initiate_transfer,db:fts/mysql,writes,,,real_source_mapped_not_running,confirmed,
worker:fts/icici::imps::hv::initiate_transfer,db:fts/redis,depends_on,mutex + machinery broker,,real_source_mapped_not_running,confirmed,
worker:fts/icici::imps::hv::initiate_transfer,queue:fts_live_icici_imps_hv_initiate_transfer,consumes,,,real_source_mapped_not_running,confirmed,fts/config/env.default.toml:272
worker:fts/icici::imps::hv::initiate_transfer,svc:mozart,calls,POST {BASE_URL}/<MOZART_URLPART_GATEWAY>/transfer_init|transfer_status (Basic auth),identity:mozart-basic-auth:fts,real_source_mapped_not_running,confirmed,"fts/internal/providers/mozart/provider.go:218,945,1905;fts/internal/providers/mozart/executor.go:17-42"
worker:fts/icici::initiate_transfer,db:fts/mysql,writes,,,real_source_mapped_not_running,confirmed,
worker:fts/icici::initiate_transfer,db:fts/redis,depends_on,mutex + machinery broker,,real_source_mapped_not_running,confirmed,
worker:fts/icici::initiate_transfer,queue:fts_live_icici_initiate_transfer,consumes,,,real_source_mapped_not_running,confirmed,fts/config/env.default.toml:130
worker:fts/icici::initiate_transfer,svc:mozart,calls,POST {BASE_URL}/<MOZART_URLPART_GATEWAY>/transfer_init|transfer_status (Basic auth),identity:mozart-basic-auth:fts,real_source_mapped_not_running,confirmed,"fts/internal/providers/mozart/provider.go:218,945,1905;fts/internal/providers/mozart/executor.go:17-42"
worker:fts/icici::neft::check_transfer_status,db:fts/mysql,writes,,,real_source_mapped_not_running,confirmed,
worker:fts/icici::neft::check_transfer_status,db:fts/redis,depends_on,mutex + machinery broker,,real_source_mapped_not_running,confirmed,
worker:fts/icici::neft::check_transfer_status,queue:fts_live_icici_neft_check_transfer_status,consumes,,,real_source_mapped_not_running,confirmed,fts/config/env.default.toml:187
worker:fts/icici::neft::check_transfer_status,svc:mozart,calls,POST {BASE_URL}/<MOZART_URLPART_GATEWAY>/transfer_init|transfer_status (Basic auth),identity:mozart-basic-auth:fts,real_source_mapped_not_running,confirmed,"fts/internal/providers/mozart/provider.go:218,945,1905;fts/internal/providers/mozart/executor.go:17-42"
worker:fts/icici::neft::initiate_transfer,db:fts/mysql,writes,,,real_source_mapped_not_running,confirmed,
worker:fts/icici::neft::initiate_transfer,db:fts/redis,depends_on,mutex + machinery broker,,real_source_mapped_not_running,confirmed,
worker:fts/icici::neft::initiate_transfer,queue:fts_live_icici_neft_rtgs_initiate_transfer,consumes,,,real_source_mapped_not_running,confirmed,fts/config/env.default.toml:131
worker:fts/icici::neft::initiate_transfer,svc:mozart,calls,POST {BASE_URL}/<MOZART_URLPART_GATEWAY>/transfer_init|transfer_status (Basic auth),identity:mozart-basic-auth:fts,real_source_mapped_not_running,confirmed,"fts/internal/providers/mozart/provider.go:218,945,1905;fts/internal/providers/mozart/executor.go:17-42"
worker:fts/icici::register_beneficiary,db:fts/mysql,writes,,,real_source_mapped_not_running,confirmed,
worker:fts/icici::register_beneficiary,db:fts/redis,depends_on,mutex + machinery broker,,real_source_mapped_not_running,confirmed,
worker:fts/icici::register_beneficiary,queue:fts_live_icici_register_beneficiary,consumes,,,real_source_mapped_not_running,confirmed,fts/config/env.default.toml:135
worker:fts/icici::register_beneficiary,svc:mozart,calls,POST {BASE_URL}/<MOZART_URLPART_GATEWAY>/transfer_init|transfer_status (Basic auth),identity:mozart-basic-auth:fts,real_source_mapped_not_running,confirmed,"fts/internal/providers/mozart/provider.go:218,945,1905;fts/internal/providers/mozart/executor.go:17-42"
worker:fts/icici::rtgs::check_transfer_status,db:fts/mysql,writes,,,real_source_mapped_not_running,confirmed,
worker:fts/icici::rtgs::check_transfer_status,db:fts/redis,depends_on,mutex + machinery broker,,real_source_mapped_not_running,confirmed,
worker:fts/icici::rtgs::check_transfer_status,queue:fts_live_icii_rtgs_check_transfer_status,consumes,,,real_source_mapped_not_running,confirmed,fts/config/env.default.toml:188
worker:fts/icici::rtgs::check_transfer_status,svc:mozart,calls,POST {BASE_URL}/<MOZART_URLPART_GATEWAY>/transfer_init|transfer_status (Basic auth),identity:mozart-basic-auth:fts,real_source_mapped_not_running,confirmed,"fts/internal/providers/mozart/provider.go:218,945,1905;fts/internal/providers/mozart/executor.go:17-42"
worker:fts/icici::rtgs::initiate_transfer,db:fts/mysql,writes,,,real_source_mapped_not_running,confirmed,
worker:fts/icici::rtgs::initiate_transfer,db:fts/redis,depends_on,mutex + machinery broker,,real_source_mapped_not_running,confirmed,
worker:fts/icici::rtgs::initiate_transfer,queue:fts_live_icici_rtgs_initiate_transfer,consumes,,,real_source_mapped_not_running,confirmed,fts/config/env.default.toml:132
worker:fts/icici::rtgs::initiate_transfer,svc:mozart,calls,POST {BASE_URL}/<MOZART_URLPART_GATEWAY>/transfer_init|transfer_status (Basic auth),identity:mozart-basic-auth:fts,real_source_mapped_not_running,confirmed,"fts/internal/providers/mozart/provider.go:218,945,1905;fts/internal/providers/mozart/executor.go:17-42"
worker:fts/icici::upi::check_transfer_status,db:fts/mysql,writes,,,real_source_mapped_not_running,confirmed,
worker:fts/icici::upi::check_transfer_status,db:fts/redis,depends_on,mutex + machinery broker,,real_source_mapped_not_running,confirmed,
worker:fts/icici::upi::check_transfer_status,queue:fts_live_icici_upi_check_transfer_status,consumes,,,real_source_mapped_not_running,confirmed,fts/config/env.default.toml:189
worker:fts/icici::upi::check_transfer_status,svc:mozart,calls,POST {BASE_URL}/<MOZART_URLPART_GATEWAY>/transfer_init|transfer_status (Basic auth),identity:mozart-basic-auth:fts,real_source_mapped_not_running,confirmed,"fts/internal/providers/mozart/provider.go:218,945,1905;fts/internal/providers/mozart/executor.go:17-42"
worker:fts/icici::upi::hv::check_transfer_status,db:fts/mysql,writes,,,real_source_mapped_not_running,confirmed,
worker:fts/icici::upi::hv::check_transfer_status,db:fts/redis,depends_on,mutex + machinery broker,,real_source_mapped_not_running,confirmed,
worker:fts/icici::upi::hv::check_transfer_status,queue:fts_live_icici_upi_hv_check_transfer_status,consumes,,,real_source_mapped_not_running,confirmed,fts/config/env.default.toml:271
worker:fts/icici::upi::hv::check_transfer_status,svc:mozart,calls,POST {BASE_URL}/<MOZART_URLPART_GATEWAY>/transfer_init|transfer_status (Basic auth),identity:mozart-basic-auth:fts,real_source_mapped_not_running,confirmed,"fts/internal/providers/mozart/provider.go:218,945,1905;fts/internal/providers/mozart/executor.go:17-42"
worker:fts/icici::upi::hv::initiate_transfer,db:fts/mysql,writes,,,real_source_mapped_not_running,confirmed,
worker:fts/icici::upi::hv::initiate_transfer,db:fts/redis,depends_on,mutex + machinery broker,,real_source_mapped_not_running,confirmed,
worker:fts/icici::upi::hv::initiate_transfer,queue:fts_live_icici_upi_hv_initiate_transfer,consumes,,,real_source_mapped_not_running,confirmed,fts/config/env.default.toml:270
worker:fts/icici::upi::hv::initiate_transfer,svc:mozart,calls,POST {BASE_URL}/<MOZART_URLPART_GATEWAY>/transfer_init|transfer_status (Basic auth),identity:mozart-basic-auth:fts,real_source_mapped_not_running,confirmed,"fts/internal/providers/mozart/provider.go:218,945,1905;fts/internal/providers/mozart/executor.go:17-42"
worker:fts/icici::upi::initiate_transfer,db:fts/mysql,writes,,,real_source_mapped_not_running,confirmed,
worker:fts/icici::upi::initiate_transfer,db:fts/redis,depends_on,mutex + machinery broker,,real_source_mapped_not_running,confirmed,
worker:fts/icici::upi::initiate_transfer,queue:fts_live_icici_upi_initiate_transfer,consumes,,,real_source_mapped_not_running,confirmed,fts/config/env.default.toml:133
worker:fts/icici::upi::initiate_transfer,svc:mozart,calls,POST {BASE_URL}/<MOZART_URLPART_GATEWAY>/transfer_init|transfer_status (Basic auth),identity:mozart-basic-auth:fts,real_source_mapped_not_running,confirmed,"fts/internal/providers/mozart/provider.go:218,945,1905;fts/internal/providers/mozart/executor.go:17-42"
worker:fts/idfc::direct::imps::check_transfer_status,db:fts/mysql,writes,,,real_source_mapped_not_running,confirmed,
worker:fts/idfc::direct::imps::check_transfer_status,db:fts/redis,depends_on,mutex + machinery broker,,real_source_mapped_not_running,confirmed,
worker:fts/idfc::direct::imps::check_transfer_status,queue:fts_live_idfc_direct_imps_check_transfer_status,consumes,,,real_source_mapped_not_running,confirmed,fts/config/env.default.toml:207
worker:fts/idfc::direct::imps::check_transfer_status,svc:mozart,calls,POST {BASE_URL}/<MOZART_URLPART_GATEWAY>/transfer_init|transfer_status (Basic auth),identity:mozart-basic-auth:fts,real_source_mapped_not_running,confirmed,"fts/internal/providers/mozart/provider.go:218,945,1905;fts/internal/providers/mozart/executor.go:17-42"
worker:fts/idfc::direct::imps::initiate_transfer,db:fts/mysql,writes,,,real_source_mapped_not_running,confirmed,
worker:fts/idfc::direct::imps::initiate_transfer,db:fts/redis,depends_on,mutex + machinery broker,,real_source_mapped_not_running,confirmed,
worker:fts/idfc::direct::imps::initiate_transfer,queue:fts_live_idfc_direct_imps_initiate_transfer,consumes,,,real_source_mapped_not_running,confirmed,fts/config/env.default.toml:206
worker:fts/idfc::direct::imps::initiate_transfer,svc:mozart,calls,POST {BASE_URL}/<MOZART_URLPART_GATEWAY>/transfer_init|transfer_status (Basic auth),identity:mozart-basic-auth:fts,real_source_mapped_not_running,confirmed,"fts/internal/providers/mozart/provider.go:218,945,1905;fts/internal/providers/mozart/executor.go:17-42"
worker:fts/idfc::direct::neft::check_transfer_status,db:fts/mysql,writes,,,real_source_mapped_not_running,confirmed,
worker:fts/idfc::direct::neft::check_transfer_status,db:fts/redis,depends_on,mutex + machinery broker,,real_source_mapped_not_running,confirmed,
worker:fts/idfc::direct::neft::check_transfer_status,queue:fts_live_idfc_direct_neft_check_transfer_status,consumes,,,real_source_mapped_not_running,confirmed,fts/config/env.default.toml:209
worker:fts/idfc::direct::neft::check_transfer_status,svc:mozart,calls,POST {BASE_URL}/<MOZART_URLPART_GATEWAY>/transfer_init|transfer_status (Basic auth),identity:mozart-basic-auth:fts,real_source_mapped_not_running,confirmed,"fts/internal/providers/mozart/provider.go:218,945,1905;fts/internal/providers/mozart/executor.go:17-42"
worker:fts/idfc::direct::neft::initiate_transfer,db:fts/mysql,writes,,,real_source_mapped_not_running,confirmed,
worker:fts/idfc::direct::neft::initiate_transfer,db:fts/redis,depends_on,mutex + machinery broker,,real_source_mapped_not_running,confirmed,
worker:fts/idfc::direct::neft::initiate_transfer,queue:fts_live_idfc_direct_neft_initiate_transfer,consumes,,,real_source_mapped_not_running,confirmed,fts/config/env.default.toml:208
worker:fts/idfc::direct::neft::initiate_transfer,svc:mozart,calls,POST {BASE_URL}/<MOZART_URLPART_GATEWAY>/transfer_init|transfer_status (Basic auth),identity:mozart-basic-auth:fts,real_source_mapped_not_running,confirmed,"fts/internal/providers/mozart/provider.go:218,945,1905;fts/internal/providers/mozart/executor.go:17-42"
worker:fts/idfc::direct::rtgs::check_transfer_status,db:fts/mysql,writes,,,real_source_mapped_not_running,confirmed,
worker:fts/idfc::direct::rtgs::check_transfer_status,db:fts/redis,depends_on,mutex + machinery broker,,real_source_mapped_not_running,confirmed,
worker:fts/idfc::direct::rtgs::check_transfer_status,queue:fts_live_idfc_direct_rtgs_check_transfer_status,consumes,,,real_source_mapped_not_running,confirmed,fts/config/env.default.toml:211
worker:fts/idfc::direct::rtgs::check_transfer_status,svc:mozart,calls,POST {BASE_URL}/<MOZART_URLPART_GATEWAY>/transfer_init|transfer_status (Basic auth),identity:mozart-basic-auth:fts,real_source_mapped_not_running,confirmed,"fts/internal/providers/mozart/provider.go:218,945,1905;fts/internal/providers/mozart/executor.go:17-42"
worker:fts/idfc::direct::rtgs::initiate_transfer,db:fts/mysql,writes,,,real_source_mapped_not_running,confirmed,
worker:fts/idfc::direct::rtgs::initiate_transfer,db:fts/redis,depends_on,mutex + machinery broker,,real_source_mapped_not_running,confirmed,
worker:fts/idfc::direct::rtgs::initiate_transfer,queue:fts_live_idfc_direct_rtgs_initiate_transfer,consumes,,,real_source_mapped_not_running,confirmed,fts/config/env.default.toml:210
worker:fts/idfc::direct::rtgs::initiate_transfer,svc:mozart,calls,POST {BASE_URL}/<MOZART_URLPART_GATEWAY>/transfer_init|transfer_status (Basic auth),identity:mozart-basic-auth:fts,real_source_mapped_not_running,confirmed,"fts/internal/providers/mozart/provider.go:218,945,1905;fts/internal/providers/mozart/executor.go:17-42"
worker:fts/idfc::direct::upi::check_transfer_status,db:fts/mysql,writes,,,real_source_mapped_not_running,confirmed,
worker:fts/idfc::direct::upi::check_transfer_status,db:fts/redis,depends_on,mutex + machinery broker,,real_source_mapped_not_running,confirmed,
worker:fts/idfc::direct::upi::check_transfer_status,queue:fts_live_idfc_direct_upi_check_transfer_status,consumes,,,real_source_mapped_not_running,confirmed,fts/config/env.default.toml:205
worker:fts/idfc::direct::upi::check_transfer_status,svc:mozart,calls,POST {BASE_URL}/<MOZART_URLPART_GATEWAY>/transfer_init|transfer_status (Basic auth),identity:mozart-basic-auth:fts,real_source_mapped_not_running,confirmed,"fts/internal/providers/mozart/provider.go:218,945,1905;fts/internal/providers/mozart/executor.go:17-42"
worker:fts/idfc::direct::upi::initiate_transfer,db:fts/mysql,writes,,,real_source_mapped_not_running,confirmed,
worker:fts/idfc::direct::upi::initiate_transfer,db:fts/redis,depends_on,mutex + machinery broker,,real_source_mapped_not_running,confirmed,
worker:fts/idfc::direct::upi::initiate_transfer,queue:fts_live_idfc_direct_upi_initiate_transfer,consumes,,,real_source_mapped_not_running,confirmed,fts/config/env.default.toml:204
worker:fts/idfc::direct::upi::initiate_transfer,svc:mozart,calls,POST {BASE_URL}/<MOZART_URLPART_GATEWAY>/transfer_init|transfer_status (Basic auth),identity:mozart-basic-auth:fts,real_source_mapped_not_running,confirmed,"fts/internal/providers/mozart/provider.go:218,945,1905;fts/internal/providers/mozart/executor.go:17-42"
worker:fts/idfc::imps::check_transfer_status,db:fts/mysql,writes,,,real_source_mapped_not_running,confirmed,
worker:fts/idfc::imps::check_transfer_status,db:fts/redis,depends_on,mutex + machinery broker,,real_source_mapped_not_running,confirmed,
worker:fts/idfc::imps::check_transfer_status,queue:fts_live_idfc_imps_check_transfer_status,consumes,,,real_source_mapped_not_running,confirmed,fts/config/env.default.toml:213
worker:fts/idfc::imps::check_transfer_status,svc:mozart,calls,POST {BASE_URL}/<MOZART_URLPART_GATEWAY>/transfer_init|transfer_status (Basic auth),identity:mozart-basic-auth:fts,real_source_mapped_not_running,confirmed,"fts/internal/providers/mozart/provider.go:218,945,1905;fts/internal/providers/mozart/executor.go:17-42"
worker:fts/idfc::imps::initiate_transfer,db:fts/mysql,writes,,,real_source_mapped_not_running,confirmed,
worker:fts/idfc::imps::initiate_transfer,db:fts/redis,depends_on,mutex + machinery broker,,real_source_mapped_not_running,confirmed,
worker:fts/idfc::imps::initiate_transfer,queue:fts_live_idfc_imps_initiate_transfer,consumes,,,real_source_mapped_not_running,confirmed,fts/config/env.default.toml:212
worker:fts/idfc::imps::initiate_transfer,svc:mozart,calls,POST {BASE_URL}/<MOZART_URLPART_GATEWAY>/transfer_init|transfer_status (Basic auth),identity:mozart-basic-auth:fts,real_source_mapped_not_running,confirmed,"fts/internal/providers/mozart/provider.go:218,945,1905;fts/internal/providers/mozart/executor.go:17-42"
worker:fts/idfc::imps::xp::check_transfer_status,db:fts/mysql,writes,,,real_source_mapped_not_running,confirmed,
worker:fts/idfc::imps::xp::check_transfer_status,db:fts/redis,depends_on,mutex + machinery broker,,real_source_mapped_not_running,confirmed,
worker:fts/idfc::imps::xp::check_transfer_status,queue:fts_live_idfc_imps_xp_check_transfer_status,consumes,,,real_source_mapped_not_running,confirmed,fts/config/env.default.toml:219
worker:fts/idfc::imps::xp::check_transfer_status,svc:mozart,calls,POST {BASE_URL}/<MOZART_URLPART_GATEWAY>/transfer_init|transfer_status (Basic auth),identity:mozart-basic-auth:fts,real_source_mapped_not_running,confirmed,"fts/internal/providers/mozart/provider.go:218,945,1905;fts/internal/providers/mozart/executor.go:17-42"
worker:fts/idfc::imps::xp::initiate_transfer,db:fts/mysql,writes,,,real_source_mapped_not_running,confirmed,
worker:fts/idfc::imps::xp::initiate_transfer,db:fts/redis,depends_on,mutex + machinery broker,,real_source_mapped_not_running,confirmed,
worker:fts/idfc::imps::xp::initiate_transfer,queue:fts_live_idfc_imps_xp_initiate_transfer,consumes,,,real_source_mapped_not_running,confirmed,fts/config/env.default.toml:218
worker:fts/idfc::imps::xp::initiate_transfer,svc:mozart,calls,POST {BASE_URL}/<MOZART_URLPART_GATEWAY>/transfer_init|transfer_status (Basic auth),identity:mozart-basic-auth:fts,real_source_mapped_not_running,confirmed,"fts/internal/providers/mozart/provider.go:218,945,1905;fts/internal/providers/mozart/executor.go:17-42"
worker:fts/idfc::neft::check_transfer_status,db:fts/mysql,writes,,,real_source_mapped_not_running,confirmed,
worker:fts/idfc::neft::check_transfer_status,db:fts/redis,depends_on,mutex + machinery broker,,real_source_mapped_not_running,confirmed,
worker:fts/idfc::neft::check_transfer_status,queue:fts_live_idfc_neft_check_transfer_status,consumes,,,real_source_mapped_not_running,confirmed,fts/config/env.default.toml:215
worker:fts/idfc::neft::check_transfer_status,svc:mozart,calls,POST {BASE_URL}/<MOZART_URLPART_GATEWAY>/transfer_init|transfer_status (Basic auth),identity:mozart-basic-auth:fts,real_source_mapped_not_running,confirmed,"fts/internal/providers/mozart/provider.go:218,945,1905;fts/internal/providers/mozart/executor.go:17-42"
worker:fts/idfc::neft::initiate_transfer,db:fts/mysql,writes,,,real_source_mapped_not_running,confirmed,
worker:fts/idfc::neft::initiate_transfer,db:fts/redis,depends_on,mutex + machinery broker,,real_source_mapped_not_running,confirmed,
worker:fts/idfc::neft::initiate_transfer,queue:fts_live_idfc_neft_initiate_transfer,consumes,,,real_source_mapped_not_running,confirmed,fts/config/env.default.toml:214
worker:fts/idfc::neft::initiate_transfer,svc:mozart,calls,POST {BASE_URL}/<MOZART_URLPART_GATEWAY>/transfer_init|transfer_status (Basic auth),identity:mozart-basic-auth:fts,real_source_mapped_not_running,confirmed,"fts/internal/providers/mozart/provider.go:218,945,1905;fts/internal/providers/mozart/executor.go:17-42"
worker:fts/idfc::neft::xp::check_transfer_status,db:fts/mysql,writes,,,real_source_mapped_not_running,confirmed,
worker:fts/idfc::neft::xp::check_transfer_status,db:fts/redis,depends_on,mutex + machinery broker,,real_source_mapped_not_running,confirmed,
worker:fts/idfc::neft::xp::check_transfer_status,queue:fts_live_idfc_neft_xp_check_transfer_status,consumes,,,real_source_mapped_not_running,confirmed,fts/config/env.default.toml:221
worker:fts/idfc::neft::xp::check_transfer_status,svc:mozart,calls,POST {BASE_URL}/<MOZART_URLPART_GATEWAY>/transfer_init|transfer_status (Basic auth),identity:mozart-basic-auth:fts,real_source_mapped_not_running,confirmed,"fts/internal/providers/mozart/provider.go:218,945,1905;fts/internal/providers/mozart/executor.go:17-42"
worker:fts/idfc::neft::xp::initiate_transfer,db:fts/mysql,writes,,,real_source_mapped_not_running,confirmed,
worker:fts/idfc::neft::xp::initiate_transfer,db:fts/redis,depends_on,mutex + machinery broker,,real_source_mapped_not_running,confirmed,
worker:fts/idfc::neft::xp::initiate_transfer,queue:fts_live_idfc_neft_xp_initiate_transfer,consumes,,,real_source_mapped_not_running,confirmed,fts/config/env.default.toml:220
worker:fts/idfc::neft::xp::initiate_transfer,svc:mozart,calls,POST {BASE_URL}/<MOZART_URLPART_GATEWAY>/transfer_init|transfer_status (Basic auth),identity:mozart-basic-auth:fts,real_source_mapped_not_running,confirmed,"fts/internal/providers/mozart/provider.go:218,945,1905;fts/internal/providers/mozart/executor.go:17-42"
worker:fts/idfc::rtgs::check_transfer_status,db:fts/mysql,writes,,,real_source_mapped_not_running,confirmed,
worker:fts/idfc::rtgs::check_transfer_status,db:fts/redis,depends_on,mutex + machinery broker,,real_source_mapped_not_running,confirmed,
worker:fts/idfc::rtgs::check_transfer_status,queue:fts_live_idfc_rtgs_check_transfer_status,consumes,,,real_source_mapped_not_running,confirmed,fts/config/env.default.toml:217
worker:fts/idfc::rtgs::check_transfer_status,svc:mozart,calls,POST {BASE_URL}/<MOZART_URLPART_GATEWAY>/transfer_init|transfer_status (Basic auth),identity:mozart-basic-auth:fts,real_source_mapped_not_running,confirmed,"fts/internal/providers/mozart/provider.go:218,945,1905;fts/internal/providers/mozart/executor.go:17-42"
worker:fts/idfc::rtgs::initiate_transfer,db:fts/mysql,writes,,,real_source_mapped_not_running,confirmed,
worker:fts/idfc::rtgs::initiate_transfer,db:fts/redis,depends_on,mutex + machinery broker,,real_source_mapped_not_running,confirmed,
worker:fts/idfc::rtgs::initiate_transfer,queue:fts_live_idfc_rtgs_initiate_transfer,consumes,,,real_source_mapped_not_running,confirmed,fts/config/env.default.toml:216
worker:fts/idfc::rtgs::initiate_transfer,svc:mozart,calls,POST {BASE_URL}/<MOZART_URLPART_GATEWAY>/transfer_init|transfer_status (Basic auth),identity:mozart-basic-auth:fts,real_source_mapped_not_running,confirmed,"fts/internal/providers/mozart/provider.go:218,945,1905;fts/internal/providers/mozart/executor.go:17-42"
worker:fts/idfc::rtgs::xp::check_transfer_status,db:fts/mysql,writes,,,real_source_mapped_not_running,confirmed,
worker:fts/idfc::rtgs::xp::check_transfer_status,db:fts/redis,depends_on,mutex + machinery broker,,real_source_mapped_not_running,confirmed,
worker:fts/idfc::rtgs::xp::check_transfer_status,queue:fts_live_idfc_rtgs_xp_check_transfer_status,consumes,,,real_source_mapped_not_running,confirmed,fts/config/env.default.toml:223
worker:fts/idfc::rtgs::xp::check_transfer_status,svc:mozart,calls,POST {BASE_URL}/<MOZART_URLPART_GATEWAY>/transfer_init|transfer_status (Basic auth),identity:mozart-basic-auth:fts,real_source_mapped_not_running,confirmed,"fts/internal/providers/mozart/provider.go:218,945,1905;fts/internal/providers/mozart/executor.go:17-42"
worker:fts/idfc::rtgs::xp::initiate_transfer,db:fts/mysql,writes,,,real_source_mapped_not_running,confirmed,
worker:fts/idfc::rtgs::xp::initiate_transfer,db:fts/redis,depends_on,mutex + machinery broker,,real_source_mapped_not_running,confirmed,
worker:fts/idfc::rtgs::xp::initiate_transfer,queue:fts_live_idfc_rtgs_xp_initiate_transfer,consumes,,,real_source_mapped_not_running,confirmed,fts/config/env.default.toml:222
worker:fts/idfc::rtgs::xp::initiate_transfer,svc:mozart,calls,POST {BASE_URL}/<MOZART_URLPART_GATEWAY>/transfer_init|transfer_status (Basic auth),identity:mozart-basic-auth:fts,real_source_mapped_not_running,confirmed,"fts/internal/providers/mozart/provider.go:218,945,1905;fts/internal/providers/mozart/executor.go:17-42"
worker:fts/idfc::upi::check_transfer_status,db:fts/mysql,writes,,,real_source_mapped_not_running,confirmed,
worker:fts/idfc::upi::check_transfer_status,db:fts/redis,depends_on,mutex + machinery broker,,real_source_mapped_not_running,confirmed,
worker:fts/idfc::upi::check_transfer_status,queue:fts_live_idfc_upi_check_transfer_status,consumes,,,real_source_mapped_not_running,confirmed,fts/config/env.default.toml:203
worker:fts/idfc::upi::check_transfer_status,svc:mozart,calls,POST {BASE_URL}/<MOZART_URLPART_GATEWAY>/transfer_init|transfer_status (Basic auth),identity:mozart-basic-auth:fts,real_source_mapped_not_running,confirmed,"fts/internal/providers/mozart/provider.go:218,945,1905;fts/internal/providers/mozart/executor.go:17-42"
worker:fts/idfc::upi::hv::check_transfer_status,db:fts/mysql,writes,,,real_source_mapped_not_running,confirmed,
worker:fts/idfc::upi::hv::check_transfer_status,db:fts/redis,depends_on,mutex + machinery broker,,real_source_mapped_not_running,confirmed,
worker:fts/idfc::upi::hv::check_transfer_status,queue:fts_live_idfc_upi_hv_check_transfer_status,consumes,,,real_source_mapped_not_running,confirmed,fts/config/env.default.toml:285
worker:fts/idfc::upi::hv::check_transfer_status,svc:mozart,calls,POST {BASE_URL}/<MOZART_URLPART_GATEWAY>/transfer_init|transfer_status (Basic auth),identity:mozart-basic-auth:fts,real_source_mapped_not_running,confirmed,"fts/internal/providers/mozart/provider.go:218,945,1905;fts/internal/providers/mozart/executor.go:17-42"
worker:fts/idfc::upi::hv::initiate_transfer,db:fts/mysql,writes,,,real_source_mapped_not_running,confirmed,
worker:fts/idfc::upi::hv::initiate_transfer,db:fts/redis,depends_on,mutex + machinery broker,,real_source_mapped_not_running,confirmed,
worker:fts/idfc::upi::hv::initiate_transfer,queue:fts_live_idfc_upi_hv_initiate_transfer,consumes,,,real_source_mapped_not_running,confirmed,fts/config/env.default.toml:284
worker:fts/idfc::upi::hv::initiate_transfer,svc:mozart,calls,POST {BASE_URL}/<MOZART_URLPART_GATEWAY>/transfer_init|transfer_status (Basic auth),identity:mozart-basic-auth:fts,real_source_mapped_not_running,confirmed,"fts/internal/providers/mozart/provider.go:218,945,1905;fts/internal/providers/mozart/executor.go:17-42"
worker:fts/idfc::upi::initiate_transfer,db:fts/mysql,writes,,,real_source_mapped_not_running,confirmed,
worker:fts/idfc::upi::initiate_transfer,db:fts/redis,depends_on,mutex + machinery broker,,real_source_mapped_not_running,confirmed,
worker:fts/idfc::upi::initiate_transfer,queue:fts_live_idfc_upi_initiate_transfer,consumes,,,real_source_mapped_not_running,confirmed,fts/config/env.default.toml:202
worker:fts/idfc::upi::initiate_transfer,svc:mozart,calls,POST {BASE_URL}/<MOZART_URLPART_GATEWAY>/transfer_init|transfer_status (Basic auth),identity:mozart-basic-auth:fts,real_source_mapped_not_running,confirmed,"fts/internal/providers/mozart/provider.go:218,945,1905;fts/internal/providers/mozart/executor.go:17-42"
worker:fts/idfc::upi::pool::hv::check_transfer_status,db:fts/mysql,writes,,,real_source_mapped_not_running,confirmed,
worker:fts/idfc::upi::pool::hv::check_transfer_status,db:fts/redis,depends_on,mutex + machinery broker,,real_source_mapped_not_running,confirmed,
worker:fts/idfc::upi::pool::hv::check_transfer_status,queue:fts_live_idfc_upi_pool_hv_check_transfer_status,consumes,,,real_source_mapped_not_running,confirmed,fts/config/env.default.toml:287
worker:fts/idfc::upi::pool::hv::check_transfer_status,svc:mozart,calls,POST {BASE_URL}/<MOZART_URLPART_GATEWAY>/transfer_init|transfer_status (Basic auth),identity:mozart-basic-auth:fts,real_source_mapped_not_running,confirmed,"fts/internal/providers/mozart/provider.go:218,945,1905;fts/internal/providers/mozart/executor.go:17-42"
worker:fts/idfc::upi::pool::hv::initiate_transfer,db:fts/mysql,writes,,,real_source_mapped_not_running,confirmed,
worker:fts/idfc::upi::pool::hv::initiate_transfer,db:fts/redis,depends_on,mutex + machinery broker,,real_source_mapped_not_running,confirmed,
worker:fts/idfc::upi::pool::hv::initiate_transfer,queue:fts_live_idfc_upi_pool_hv_initiate_transfer,consumes,,,real_source_mapped_not_running,confirmed,fts/config/env.default.toml:286
worker:fts/idfc::upi::pool::hv::initiate_transfer,svc:mozart,calls,POST {BASE_URL}/<MOZART_URLPART_GATEWAY>/transfer_init|transfer_status (Basic auth),identity:mozart-basic-auth:fts,real_source_mapped_not_running,confirmed,"fts/internal/providers/mozart/provider.go:218,945,1905;fts/internal/providers/mozart/executor.go:17-42"
worker:fts/initiate_transfer,cron:fts/schedule_sync,schedules,,,behavioural_placeholder,confirmed,"fts/internal/channel/schedule_sync.go:18,60-75;fts/internal/bootstrap/worker.go:23"
worker:fts/initiate_transfer,cron:fts/stuck_payouts,schedules,,,behavioural_placeholder,confirmed,fts/internal/stuckpayouts/cron.go:45-77;fts/internal/transfer/stuck_payouts.go:1;fts/config/env.default.toml:9796-9830;fts/internal/bootstrap/worker.go:23
worker:fts/initiate_transfer,db:fts/mysql,reads,,,,confirmed,
worker:fts/initiate_transfer,db:fts/mysql,writes,,,real_source_running,confirmed,
worker:fts/initiate_transfer,db:fts/redis,depends_on,mutex + machinery broker,,real_source_running,confirmed,
worker:fts/initiate_transfer,queue:fts_live_initiate_transfer,consumes,,,real_source_running,confirmed,fts/config/env.default.toml:125
worker:fts/initiate_transfer,state:fts_transfer/initiated,transitions,event_initiated after transfer_init bank_status_code INITIATED/PENDING,,real_source_running,confirmed,fts/internal/transfer/state_machine.go:136-168;fts/internal/providers/mozart/error_code.go:229-951
worker:fts/initiate_transfer,svc:mozart,calls,POST {BASE_URL}/<MOZART_URLPART_GATEWAY>/transfer_init|transfer_status (Basic auth),identity:mozart-basic-auth:fts,high_fidelity_replacement,confirmed,"fts/internal/providers/mozart/provider.go:218,945,1905;fts/internal/providers/mozart/executor.go:17-42"
worker:fts/manual_action,db:fts/mysql,writes,,,real_source_mapped_not_running,confirmed,
worker:fts/manual_action,db:fts/redis,depends_on,mutex + machinery broker,,real_source_mapped_not_running,confirmed,
worker:fts/manual_action,queue:fts_live_manual_action,consumes,,,real_source_mapped_not_running,confirmed,fts/config/env.default.toml:263
worker:fts/mcs::init_and_check_status,db:fts/mysql,writes,,,real_source_mapped_not_running,confirmed,
worker:fts/mcs::init_and_check_status,db:fts/redis,depends_on,mutex + machinery broker,,real_source_mapped_not_running,confirmed,
worker:fts/mcs::init_and_check_status,queue:fts_live_mcs_init_and_check_status,consumes,,,real_source_mapped_not_running,confirmed,fts/config/env.default.toml:159
worker:fts/mcs::init_and_check_status,svc:mozart,calls,POST {BASE_URL}/<MOZART_URLPART_GATEWAY>/transfer_init|transfer_status (Basic auth),identity:mozart-basic-auth:fts,real_source_mapped_not_running,confirmed,"fts/internal/providers/mozart/provider.go:218,945,1905;fts/internal/providers/mozart/executor.go:17-42"
worker:fts/ocbc::duitnow::initiate_transfer,db:fts/mysql,writes,,,real_source_mapped_not_running,confirmed,
worker:fts/ocbc::duitnow::initiate_transfer,db:fts/redis,depends_on,mutex + machinery broker,,real_source_mapped_not_running,confirmed,
worker:fts/ocbc::duitnow::initiate_transfer,queue:fts_live_ocbc_initiate_transfer,consumes,,,real_source_mapped_not_running,confirmed,fts/config/env.default.toml:147
worker:fts/ocbc::duitnow::initiate_transfer,svc:mozart,calls,POST {BASE_URL}/<MOZART_URLPART_GATEWAY>/transfer_init|transfer_status (Basic auth),identity:mozart-basic-auth:fts,real_source_mapped_not_running,confirmed,"fts/internal/providers/mozart/provider.go:218,945,1905;fts/internal/providers/mozart/executor.go:17-42"
worker:fts/one_off_db_processing,db:fts/mysql,writes,,,real_source_mapped_not_running,confirmed,
worker:fts/one_off_db_processing,db:fts/redis,depends_on,mutex + machinery broker,,real_source_mapped_not_running,confirmed,
worker:fts/one_off_db_processing,queue:fts_live_one_off_db_processing,consumes,,,real_source_mapped_not_running,confirmed,fts/config/env.default.toml:164
worker:fts/process_attempt,db:fts/mysql,writes,,,real_source_mapped_not_running,confirmed,
worker:fts/process_attempt,db:fts/redis,depends_on,mutex + machinery broker,,real_source_mapped_not_running,confirmed,
worker:fts/process_attempt,queue:fts_live_process_attempt,consumes,,,real_source_mapped_not_running,confirmed,fts/config/env.default.toml:157
worker:fts/process_attempt_update,db:fts/mysql,writes,,,real_source_mapped_not_running,confirmed,
worker:fts/process_attempt_update,db:fts/redis,depends_on,mutex + machinery broker,,real_source_mapped_not_running,confirmed,
worker:fts/process_attempt_update,queue:fts_live_process_attempt_update,consumes,,,real_source_mapped_not_running,confirmed,fts/config/env.default.toml:262
worker:fts/rbl::check_transfer_status,db:fts/mysql,reads,,,,confirmed,
worker:fts/rbl::check_transfer_status,db:fts/mysql,writes,,,real_source_running,confirmed,
worker:fts/rbl::check_transfer_status,db:fts/redis,depends_on,mutex + machinery broker,,real_source_running,confirmed,
worker:fts/rbl::check_transfer_status,queue:fts_live_rbl_check_transfer_status,consumes,,,real_source_running,confirmed,fts/config/env.default.toml:144
worker:fts/rbl::check_transfer_status,svc:mozart,calls,POST {BASE_URL}/<MOZART_URLPART_GATEWAY>/transfer_init|transfer_status (Basic auth),identity:mozart-basic-auth:fts,high_fidelity_replacement,confirmed,"fts/internal/providers/mozart/provider.go:218,945,1905;fts/internal/providers/mozart/executor.go:17-42"
worker:fts/rbl::direct::check_transfer_status,db:fts/mysql,writes,,,real_source_mapped_not_running,confirmed,
worker:fts/rbl::direct::check_transfer_status,db:fts/redis,depends_on,mutex + machinery broker,,real_source_mapped_not_running,confirmed,
worker:fts/rbl::direct::check_transfer_status,queue:fts_live_rbl_direct_check_transfer_status,consumes,,,real_source_mapped_not_running,confirmed,fts/config/env.default.toml:151
worker:fts/rbl::direct::check_transfer_status,svc:mozart,calls,POST {BASE_URL}/<MOZART_URLPART_GATEWAY>/transfer_init|transfer_status (Basic auth),identity:mozart-basic-auth:fts,real_source_mapped_not_running,confirmed,"fts/internal/providers/mozart/provider.go:218,945,1905;fts/internal/providers/mozart/executor.go:17-42"
worker:fts/rbl::direct::imps::check_transfer_status,db:fts/mysql,reads,,,,confirmed,
worker:fts/rbl::direct::imps::check_transfer_status,db:fts/mysql,writes,,,real_source_running,confirmed,
worker:fts/rbl::direct::imps::check_transfer_status,db:fts/redis,depends_on,mutex + machinery broker,,real_source_running,confirmed,
worker:fts/rbl::direct::imps::check_transfer_status,queue:fts_live_rbl_direct_imps_check_transfer_status,consumes,,,real_source_running,confirmed,fts/config/env.default.toml:142
worker:fts/rbl::direct::imps::check_transfer_status,svc:mozart,calls,POST {BASE_URL}/<MOZART_URLPART_GATEWAY>/transfer_init|transfer_status (Basic auth),identity:mozart-basic-auth:fts,high_fidelity_replacement,confirmed,"fts/internal/providers/mozart/provider.go:218,945,1905;fts/internal/providers/mozart/executor.go:17-42"
worker:fts/rbl::direct::imps::hv::initiate_transfer,db:fts/mysql,writes,,,real_source_mapped_not_running,confirmed,
worker:fts/rbl::direct::imps::hv::initiate_transfer,db:fts/redis,depends_on,mutex + machinery broker,,real_source_mapped_not_running,confirmed,
worker:fts/rbl::direct::imps::hv::initiate_transfer,queue:fts_live_rbl_direct_imps_hv_initiate_transfer,consumes,,,real_source_mapped_not_running,confirmed,fts/config/env.default.toml:141
worker:fts/rbl::direct::imps::hv::initiate_transfer,svc:mozart,calls,POST {BASE_URL}/<MOZART_URLPART_GATEWAY>/transfer_init|transfer_status (Basic auth),identity:mozart-basic-auth:fts,real_source_mapped_not_running,confirmed,"fts/internal/providers/mozart/provider.go:218,945,1905;fts/internal/providers/mozart/executor.go:17-42"
worker:fts/rbl::direct::imps::initiate_transfer,db:fts/mysql,reads,,,,confirmed,
worker:fts/rbl::direct::imps::initiate_transfer,db:fts/mysql,writes,,,real_source_running,confirmed,
worker:fts/rbl::direct::imps::initiate_transfer,db:fts/redis,depends_on,mutex + machinery broker,,real_source_running,confirmed,
worker:fts/rbl::direct::imps::initiate_transfer,queue:fts_live_rbl_direct_imps_initiate_transfer,consumes,,,real_source_running,confirmed,fts/config/env.default.toml:140
worker:fts/rbl::direct::imps::initiate_transfer,svc:mozart,calls,POST {BASE_URL}/<MOZART_URLPART_GATEWAY>/transfer_init|transfer_status (Basic auth),identity:mozart-basic-auth:fts,high_fidelity_replacement,confirmed,"fts/internal/providers/mozart/provider.go:218,945,1905;fts/internal/providers/mozart/executor.go:17-42"
worker:fts/rbl::direct::initiate_transfer,db:fts/mysql,writes,,,real_source_mapped_not_running,confirmed,
worker:fts/rbl::direct::initiate_transfer,db:fts/redis,depends_on,mutex + machinery broker,,real_source_mapped_not_running,confirmed,
worker:fts/rbl::direct::initiate_transfer,queue:fts_live_rbl_direct_initiate_transfer,consumes,,,real_source_mapped_not_running,confirmed,fts/config/env.default.toml:150
worker:fts/rbl::direct::initiate_transfer,svc:mozart,calls,POST {BASE_URL}/<MOZART_URLPART_GATEWAY>/transfer_init|transfer_status (Basic auth),identity:mozart-basic-auth:fts,real_source_mapped_not_running,confirmed,"fts/internal/providers/mozart/provider.go:218,945,1905;fts/internal/providers/mozart/executor.go:17-42"
worker:fts/rbl::direct::slow_lane::initiate_transfer,db:fts/mysql,writes,,,real_source_mapped_not_running,confirmed,
worker:fts/rbl::direct::slow_lane::initiate_transfer,db:fts/redis,depends_on,mutex + machinery broker,,real_source_mapped_not_running,confirmed,
worker:fts/rbl::direct::slow_lane::initiate_transfer,queue:fts_live_rbl_direct_slow_lane_initiate_transfer,consumes,,,real_source_mapped_not_running,confirmed,fts/config/env.default.toml:289
worker:fts/rbl::direct::slow_lane::initiate_transfer,svc:mozart,calls,POST {BASE_URL}/<MOZART_URLPART_GATEWAY>/transfer_init|transfer_status (Basic auth),identity:mozart-basic-auth:fts,real_source_mapped_not_running,confirmed,"fts/internal/providers/mozart/provider.go:218,945,1905;fts/internal/providers/mozart/executor.go:17-42"
worker:fts/rbl::direct::upi::check_transfer_status,db:fts/mysql,writes,,,real_source_mapped_not_running,confirmed,
worker:fts/rbl::direct::upi::check_transfer_status,db:fts/redis,depends_on,mutex + machinery broker,,real_source_mapped_not_running,confirmed,
worker:fts/rbl::direct::upi::check_transfer_status,queue:fts_live_rbl_direct_upi_check_transfer_status,consumes,,,real_source_mapped_not_running,confirmed,fts/config/env.default.toml:149
worker:fts/rbl::direct::upi::check_transfer_status,svc:mozart,calls,POST {BASE_URL}/<MOZART_URLPART_GATEWAY>/transfer_init|transfer_status (Basic auth),identity:mozart-basic-auth:fts,real_source_mapped_not_running,confirmed,"fts/internal/providers/mozart/provider.go:218,945,1905;fts/internal/providers/mozart/executor.go:17-42"
worker:fts/rbl::direct::upi::initiate_transfer,db:fts/mysql,writes,,,real_source_mapped_not_running,confirmed,
worker:fts/rbl::direct::upi::initiate_transfer,db:fts/redis,depends_on,mutex + machinery broker,,real_source_mapped_not_running,confirmed,
worker:fts/rbl::direct::upi::initiate_transfer,queue:fts_live_rbl_direct_upi_initiate_transfer,consumes,,,real_source_mapped_not_running,confirmed,fts/config/env.default.toml:148
worker:fts/rbl::direct::upi::initiate_transfer,svc:mozart,calls,POST {BASE_URL}/<MOZART_URLPART_GATEWAY>/transfer_init|transfer_status (Basic auth),identity:mozart-basic-auth:fts,real_source_mapped_not_running,confirmed,"fts/internal/providers/mozart/provider.go:218,945,1905;fts/internal/providers/mozart/executor.go:17-42"
worker:fts/rbl::imps::check_transfer_status,db:fts/mysql,reads,,,,confirmed,
worker:fts/rbl::imps::check_transfer_status,db:fts/mysql,writes,,,real_source_running,confirmed,
worker:fts/rbl::imps::check_transfer_status,db:fts/redis,depends_on,mutex + machinery broker,,real_source_running,confirmed,
worker:fts/rbl::imps::check_transfer_status,queue:fts_live_rbl_imps_check_transfer_status,consumes,,,real_source_running,confirmed,fts/config/env.default.toml:139
worker:fts/rbl::imps::check_transfer_status,svc:mozart,calls,POST {BASE_URL}/<MOZART_URLPART_GATEWAY>/transfer_init|transfer_status (Basic auth),identity:mozart-basic-auth:fts,high_fidelity_replacement,confirmed,"fts/internal/providers/mozart/provider.go:218,945,1905;fts/internal/providers/mozart/executor.go:17-42"
worker:fts/rbl::imps::initiate_transfer,db:fts/mysql,reads,,,,confirmed,
worker:fts/rbl::imps::initiate_transfer,db:fts/mysql,writes,,,real_source_running,confirmed,
worker:fts/rbl::imps::initiate_transfer,db:fts/redis,depends_on,mutex + machinery broker,,real_source_running,confirmed,
worker:fts/rbl::imps::initiate_transfer,queue:fts_live_rbl_imps_initiate_transfer,consumes,,,real_source_running,confirmed,fts/config/env.default.toml:138
worker:fts/rbl::imps::initiate_transfer,svc:mozart,calls,POST {BASE_URL}/<MOZART_URLPART_GATEWAY>/transfer_init|transfer_status (Basic auth),identity:mozart-basic-auth:fts,high_fidelity_replacement,confirmed,"fts/internal/providers/mozart/provider.go:218,945,1905;fts/internal/providers/mozart/executor.go:17-42"
worker:fts/rbl::initiate_transfer,db:fts/mysql,reads,,,,confirmed,
worker:fts/rbl::initiate_transfer,db:fts/mysql,writes,,,real_source_running,confirmed,
worker:fts/rbl::initiate_transfer,db:fts/redis,depends_on,mutex + machinery broker,,real_source_running,confirmed,
worker:fts/rbl::initiate_transfer,queue:fts_live_rbl_initiate_transfer,consumes,,,real_source_running,confirmed,fts/config/env.default.toml:143
worker:fts/rbl::initiate_transfer,svc:mozart,calls,POST {BASE_URL}/<MOZART_URLPART_GATEWAY>/transfer_init|transfer_status (Basic auth),identity:mozart-basic-auth:fts,high_fidelity_replacement,confirmed,"fts/internal/providers/mozart/provider.go:218,945,1905;fts/internal/providers/mozart/executor.go:17-42"
worker:fts/rbl::upi::check_transfer_status,db:fts/mysql,writes,,,real_source_mapped_not_running,confirmed,
worker:fts/rbl::upi::check_transfer_status,db:fts/redis,depends_on,mutex + machinery broker,,real_source_mapped_not_running,confirmed,
worker:fts/rbl::upi::check_transfer_status,queue:fts_live_rbl_upi_check_transfer_status,consumes,,,real_source_mapped_not_running,confirmed,fts/config/env.default.toml:146
worker:fts/rbl::upi::check_transfer_status,svc:mozart,calls,POST {BASE_URL}/<MOZART_URLPART_GATEWAY>/transfer_init|transfer_status (Basic auth),identity:mozart-basic-auth:fts,real_source_mapped_not_running,confirmed,"fts/internal/providers/mozart/provider.go:218,945,1905;fts/internal/providers/mozart/executor.go:17-42"
worker:fts/rbl::upi::hv::check_transfer_status,db:fts/mysql,writes,,,real_source_mapped_not_running,confirmed,
worker:fts/rbl::upi::hv::check_transfer_status,db:fts/redis,depends_on,mutex + machinery broker,,real_source_mapped_not_running,confirmed,
worker:fts/rbl::upi::hv::check_transfer_status,queue:fts_live_rbl_upi_hv_check_transfer_status,consumes,,,real_source_mapped_not_running,confirmed,fts/config/env.default.toml:279
worker:fts/rbl::upi::hv::check_transfer_status,svc:mozart,calls,POST {BASE_URL}/<MOZART_URLPART_GATEWAY>/transfer_init|transfer_status (Basic auth),identity:mozart-basic-auth:fts,real_source_mapped_not_running,confirmed,"fts/internal/providers/mozart/provider.go:218,945,1905;fts/internal/providers/mozart/executor.go:17-42"
worker:fts/rbl::upi::hv::initiate_transfer,db:fts/mysql,writes,,,real_source_mapped_not_running,confirmed,
worker:fts/rbl::upi::hv::initiate_transfer,db:fts/redis,depends_on,mutex + machinery broker,,real_source_mapped_not_running,confirmed,
worker:fts/rbl::upi::hv::initiate_transfer,queue:fts_live_rbl_upi_hv_initiate_transfer,consumes,,,real_source_mapped_not_running,confirmed,fts/config/env.default.toml:278
worker:fts/rbl::upi::hv::initiate_transfer,svc:mozart,calls,POST {BASE_URL}/<MOZART_URLPART_GATEWAY>/transfer_init|transfer_status (Basic auth),identity:mozart-basic-auth:fts,real_source_mapped_not_running,confirmed,"fts/internal/providers/mozart/provider.go:218,945,1905;fts/internal/providers/mozart/executor.go:17-42"
worker:fts/rbl::upi::initiate_transfer,db:fts/mysql,writes,,,real_source_mapped_not_running,confirmed,
worker:fts/rbl::upi::initiate_transfer,db:fts/redis,depends_on,mutex + machinery broker,,real_source_mapped_not_running,confirmed,
worker:fts/rbl::upi::initiate_transfer,queue:fts_live_rbl_upi_initiate_transfer,consumes,,,real_source_mapped_not_running,confirmed,fts/config/env.default.toml:145
worker:fts/rbl::upi::initiate_transfer,svc:mozart,calls,POST {BASE_URL}/<MOZART_URLPART_GATEWAY>/transfer_init|transfer_status (Basic auth),identity:mozart-basic-auth:fts,real_source_mapped_not_running,confirmed,"fts/internal/providers/mozart/provider.go:218,945,1905;fts/internal/providers/mozart/executor.go:17-42"
worker:fts/rbl::v4::init_and_check_status,db:fts/mysql,writes,,,real_source_mapped_not_running,confirmed,
worker:fts/rbl::v4::init_and_check_status,db:fts/redis,depends_on,mutex + machinery broker,,real_source_mapped_not_running,confirmed,
worker:fts/rbl::v4::init_and_check_status,queue:fts_live_rbl_v4_init_and_check_status,consumes,,,real_source_mapped_not_running,confirmed,fts/config/env.default.toml:200
worker:fts/rbl::v4::init_and_check_status,svc:mozart,calls,POST {BASE_URL}/<MOZART_URLPART_GATEWAY>/transfer_init|transfer_status (Basic auth),identity:mozart-basic-auth:fts,real_source_mapped_not_running,confirmed,"fts/internal/providers/mozart/provider.go:218,945,1905;fts/internal/providers/mozart/executor.go:17-42"
worker:fts/rbl::v5::check_transfer_status,db:fts/mysql,writes,,,real_source_mapped_not_running,confirmed,
worker:fts/rbl::v5::check_transfer_status,db:fts/redis,depends_on,mutex + machinery broker,,real_source_mapped_not_running,confirmed,
worker:fts/rbl::v5::check_transfer_status,queue:fts_live_default,consumes,,,real_source_mapped_not_running,confirmed,fts/config/env.default.toml:113
worker:fts/rbl::v5::check_transfer_status,svc:mozart,calls,POST {BASE_URL}/<MOZART_URLPART_GATEWAY>/transfer_init|transfer_status (Basic auth),identity:mozart-basic-auth:fts,real_source_mapped_not_running,confirmed,"fts/internal/providers/mozart/provider.go:218,945,1905;fts/internal/providers/mozart/executor.go:17-42"
worker:fts/rbl::v5::initiate_transfer,db:fts/mysql,writes,,,real_source_mapped_not_running,confirmed,
worker:fts/rbl::v5::initiate_transfer,db:fts/redis,depends_on,mutex + machinery broker,,real_source_mapped_not_running,confirmed,
worker:fts/rbl::v5::initiate_transfer,queue:fts_live_default,consumes,,,real_source_mapped_not_running,confirmed,fts/config/env.default.toml:113
worker:fts/rbl::v5::initiate_transfer,svc:mozart,calls,POST {BASE_URL}/<MOZART_URLPART_GATEWAY>/transfer_init|transfer_status (Basic auth),identity:mozart-basic-auth:fts,real_source_mapped_not_running,confirmed,"fts/internal/providers/mozart/provider.go:218,945,1905;fts/internal/providers/mozart/executor.go:17-42"
worker:fts/rbl_check_bulk_transfer_status,db:fts/mysql,writes,,,real_source_mapped_not_running,confirmed,
worker:fts/rbl_check_bulk_transfer_status,db:fts/redis,depends_on,mutex + machinery broker,,real_source_mapped_not_running,confirmed,
worker:fts/rbl_check_bulk_transfer_status,queue:fts_live_rbl_check_bulk_transfer_status,consumes,,,real_source_mapped_not_running,confirmed,fts/config/env.default.toml:172
worker:fts/rbl_check_bulk_transfer_status,svc:mozart,calls,POST {BASE_URL}/<MOZART_URLPART_GATEWAY>/transfer_init|transfer_status (Basic auth),identity:mozart-basic-auth:fts,real_source_mapped_not_running,confirmed,"fts/internal/providers/mozart/provider.go:218,945,1905;fts/internal/providers/mozart/executor.go:17-42"
worker:fts/rbl_initiate_attempt_bulk,db:fts/mysql,writes,,,real_source_mapped_not_running,confirmed,
worker:fts/rbl_initiate_attempt_bulk,db:fts/redis,depends_on,mutex + machinery broker,,real_source_mapped_not_running,confirmed,
worker:fts/rbl_initiate_attempt_bulk,queue:fts_live_rbl_initiate_attempt_bulk,consumes,,,real_source_mapped_not_running,confirmed,fts/config/env.default.toml:171
worker:fts/rbl_initiate_attempt_bulk,svc:mozart,calls,POST {BASE_URL}/<MOZART_URLPART_GATEWAY>/transfer_init|transfer_status (Basic auth),identity:mozart-basic-auth:fts,real_source_mapped_not_running,confirmed,"fts/internal/providers/mozart/provider.go:218,945,1905;fts/internal/providers/mozart/executor.go:17-42"
worker:fts/rbl_process_attempt_bulk,db:fts/mysql,writes,,,real_source_mapped_not_running,confirmed,
worker:fts/rbl_process_attempt_bulk,db:fts/redis,depends_on,mutex + machinery broker,,real_source_mapped_not_running,confirmed,
worker:fts/rbl_process_attempt_bulk,queue:fts_live_rbl_process_attempt_bulk,consumes,,,real_source_mapped_not_running,confirmed,fts/config/env.default.toml:170
worker:fts/register_beneficiary,db:fts/mysql,writes,,,real_source_mapped_not_running,confirmed,
worker:fts/register_beneficiary,db:fts/redis,depends_on,mutex + machinery broker,,real_source_mapped_not_running,confirmed,
worker:fts/register_beneficiary,queue:fts_live_register_beneficiary,consumes,,,real_source_mapped_not_running,confirmed,fts/config/env.default.toml:129
worker:fts/register_beneficiary,svc:mozart,calls,POST {BASE_URL}/<MOZART_URLPART_GATEWAY>/transfer_init|transfer_status (Basic auth),identity:mozart-basic-auth:fts,real_source_mapped_not_running,confirmed,"fts/internal/providers/mozart/provider.go:218,945,1905;fts/internal/providers/mozart/executor.go:17-42"
worker:fts/retry_preprocessor_status_update,db:fts/mysql,writes,,,real_source_mapped_not_running,confirmed,
worker:fts/retry_preprocessor_status_update,db:fts/redis,depends_on,mutex + machinery broker,,real_source_mapped_not_running,confirmed,
worker:fts/retry_preprocessor_status_update,queue:fts_live_retry_preprocessor_status_update,consumes,,,real_source_mapped_not_running,confirmed,fts/config/env.default.toml:155
worker:fts/retry_transfer,db:fts/mysql,reads,,,,confirmed,
worker:fts/retry_transfer,db:fts/mysql,writes,,,real_source_running,confirmed,
worker:fts/retry_transfer,db:fts/redis,depends_on,mutex + machinery broker,,real_source_running,confirmed,
worker:fts/retry_transfer,queue:fts_live_retry_transfer,consumes,,,real_source_running,confirmed,fts/config/env.default.toml:153
worker:fts/retry_transfer,state:fts_transfer/retry,transitions,event_retry (retriable error codes; per-bank [retry.backoff] tables),,real_source_running,confirmed,fts/internal/providers/mozart/error_code.go:955-970;fts/config/env.default.toml:965-5490
worker:fts/retry_transfer_preprocessor,db:fts/mysql,reads,,,,confirmed,
worker:fts/retry_transfer_preprocessor,db:fts/mysql,writes,,,real_source_running,confirmed,
worker:fts/retry_transfer_preprocessor,db:fts/redis,depends_on,mutex + machinery broker,,real_source_running,confirmed,
worker:fts/retry_transfer_preprocessor,ext:xas,calls,FetchAccountStatementByMultipleReferences (debit/credit presence gate before retry),,behavioural_placeholder,confirmed,fts/internal/transfer/retry_preprocessor_service.go:238-299;fts/internal/providers/xas/fetch_by_multiple_references.go:1
worker:fts/retry_transfer_preprocessor,queue:fts_live_retry_transfer_preprocessor,consumes,,,real_source_running,confirmed,fts/config/env.default.toml:154
worker:fts/retry_transfer_source_update,db:fts/mysql,reads,,,,confirmed,
worker:fts/retry_transfer_source_update,db:fts/mysql,writes,,,real_source_running,confirmed,
worker:fts/retry_transfer_source_update,db:fts/redis,depends_on,mutex + machinery broker,,real_source_running,confirmed,
worker:fts/retry_transfer_source_update,identity:service-basic-auth:fts-to-payouts,authenticates,,,real_source_running,confirmed,fts/internal/providers/payouts/provider.go:21
worker:fts/retry_transfer_source_update,queue:fts_live_retry_transfer_source_update,consumes,,,real_source_running,confirmed,fts/config/env.default.toml:156
worker:fts/slice::direct::imps::check_transfer_status,db:fts/mysql,writes,,,real_source_mapped_not_running,confirmed,
worker:fts/slice::direct::imps::check_transfer_status,db:fts/redis,depends_on,mutex + machinery broker,,real_source_mapped_not_running,confirmed,
worker:fts/slice::direct::imps::check_transfer_status,queue:fts_live_slice_direct_imps_check_transfer_status,consumes,,,real_source_mapped_not_running,confirmed,fts/config/env.default.toml:233
worker:fts/slice::direct::imps::check_transfer_status,svc:mozart,calls,POST {BASE_URL}/<MOZART_URLPART_GATEWAY>/transfer_init|transfer_status (Basic auth),identity:mozart-basic-auth:fts,real_source_mapped_not_running,confirmed,"fts/internal/providers/mozart/provider.go:218,945,1905;fts/internal/providers/mozart/executor.go:17-42"
worker:fts/slice::direct::imps::initiate_transfer,db:fts/mysql,writes,,,real_source_mapped_not_running,confirmed,
worker:fts/slice::direct::imps::initiate_transfer,db:fts/redis,depends_on,mutex + machinery broker,,real_source_mapped_not_running,confirmed,
worker:fts/slice::direct::imps::initiate_transfer,queue:fts_live_slice_direct_imps_initiate_transfer,consumes,,,real_source_mapped_not_running,confirmed,fts/config/env.default.toml:232
worker:fts/slice::direct::imps::initiate_transfer,svc:mozart,calls,POST {BASE_URL}/<MOZART_URLPART_GATEWAY>/transfer_init|transfer_status (Basic auth),identity:mozart-basic-auth:fts,real_source_mapped_not_running,confirmed,"fts/internal/providers/mozart/provider.go:218,945,1905;fts/internal/providers/mozart/executor.go:17-42"
worker:fts/slice::direct::neft::check_transfer_status,db:fts/mysql,writes,,,real_source_mapped_not_running,confirmed,
worker:fts/slice::direct::neft::check_transfer_status,db:fts/redis,depends_on,mutex + machinery broker,,real_source_mapped_not_running,confirmed,
worker:fts/slice::direct::neft::check_transfer_status,queue:fts_live_slice_direct_neft_check_transfer_status,consumes,,,real_source_mapped_not_running,confirmed,fts/config/env.default.toml:235
worker:fts/slice::direct::neft::check_transfer_status,svc:mozart,calls,POST {BASE_URL}/<MOZART_URLPART_GATEWAY>/transfer_init|transfer_status (Basic auth),identity:mozart-basic-auth:fts,real_source_mapped_not_running,confirmed,"fts/internal/providers/mozart/provider.go:218,945,1905;fts/internal/providers/mozart/executor.go:17-42"
worker:fts/slice::direct::neft::initiate_transfer,db:fts/mysql,writes,,,real_source_mapped_not_running,confirmed,
worker:fts/slice::direct::neft::initiate_transfer,db:fts/redis,depends_on,mutex + machinery broker,,real_source_mapped_not_running,confirmed,
worker:fts/slice::direct::neft::initiate_transfer,queue:fts_live_slice_direct_neft_initiate_transfer,consumes,,,real_source_mapped_not_running,confirmed,fts/config/env.default.toml:234
worker:fts/slice::direct::neft::initiate_transfer,svc:mozart,calls,POST {BASE_URL}/<MOZART_URLPART_GATEWAY>/transfer_init|transfer_status (Basic auth),identity:mozart-basic-auth:fts,real_source_mapped_not_running,confirmed,"fts/internal/providers/mozart/provider.go:218,945,1905;fts/internal/providers/mozart/executor.go:17-42"
worker:fts/slice::direct::rtgs::check_transfer_status,db:fts/mysql,writes,,,real_source_mapped_not_running,confirmed,
worker:fts/slice::direct::rtgs::check_transfer_status,db:fts/redis,depends_on,mutex + machinery broker,,real_source_mapped_not_running,confirmed,
worker:fts/slice::direct::rtgs::check_transfer_status,queue:fts_live_slice_direct_rtgs_check_transfer_status,consumes,,,real_source_mapped_not_running,confirmed,fts/config/env.default.toml:237
worker:fts/slice::direct::rtgs::check_transfer_status,svc:mozart,calls,POST {BASE_URL}/<MOZART_URLPART_GATEWAY>/transfer_init|transfer_status (Basic auth),identity:mozart-basic-auth:fts,real_source_mapped_not_running,confirmed,"fts/internal/providers/mozart/provider.go:218,945,1905;fts/internal/providers/mozart/executor.go:17-42"
worker:fts/slice::direct::rtgs::initiate_transfer,db:fts/mysql,writes,,,real_source_mapped_not_running,confirmed,
worker:fts/slice::direct::rtgs::initiate_transfer,db:fts/redis,depends_on,mutex + machinery broker,,real_source_mapped_not_running,confirmed,
worker:fts/slice::direct::rtgs::initiate_transfer,queue:fts_live_slice_direct_rtgs_initiate_transfer,consumes,,,real_source_mapped_not_running,confirmed,fts/config/env.default.toml:236
worker:fts/slice::direct::rtgs::initiate_transfer,svc:mozart,calls,POST {BASE_URL}/<MOZART_URLPART_GATEWAY>/transfer_init|transfer_status (Basic auth),identity:mozart-basic-auth:fts,real_source_mapped_not_running,confirmed,"fts/internal/providers/mozart/provider.go:218,945,1905;fts/internal/providers/mozart/executor.go:17-42"
worker:fts/slice::direct::upi::check_transfer_status,db:fts/mysql,writes,,,real_source_mapped_not_running,confirmed,
worker:fts/slice::direct::upi::check_transfer_status,db:fts/redis,depends_on,mutex + machinery broker,,real_source_mapped_not_running,confirmed,
worker:fts/slice::direct::upi::check_transfer_status,queue:fts_live_slice_direct_upi_check_transfer_status,consumes,,,real_source_mapped_not_running,confirmed,fts/config/env.default.toml:231
worker:fts/slice::direct::upi::check_transfer_status,svc:mozart,calls,POST {BASE_URL}/<MOZART_URLPART_GATEWAY>/transfer_init|transfer_status (Basic auth),identity:mozart-basic-auth:fts,real_source_mapped_not_running,confirmed,"fts/internal/providers/mozart/provider.go:218,945,1905;fts/internal/providers/mozart/executor.go:17-42"
worker:fts/slice::direct::upi::initiate_transfer,db:fts/mysql,writes,,,real_source_mapped_not_running,confirmed,
worker:fts/slice::direct::upi::initiate_transfer,db:fts/redis,depends_on,mutex + machinery broker,,real_source_mapped_not_running,confirmed,
worker:fts/slice::direct::upi::initiate_transfer,queue:fts_live_slice_direct_upi_initiate_transfer,consumes,,,real_source_mapped_not_running,confirmed,fts/config/env.default.toml:230
worker:fts/slice::direct::upi::initiate_transfer,svc:mozart,calls,POST {BASE_URL}/<MOZART_URLPART_GATEWAY>/transfer_init|transfer_status (Basic auth),identity:mozart-basic-auth:fts,real_source_mapped_not_running,confirmed,"fts/internal/providers/mozart/provider.go:218,945,1905;fts/internal/providers/mozart/executor.go:17-42"
worker:fts/slice::imps::check_transfer_status,db:fts/mysql,writes,,,real_source_mapped_not_running,confirmed,
worker:fts/slice::imps::check_transfer_status,db:fts/redis,depends_on,mutex + machinery broker,,real_source_mapped_not_running,confirmed,
worker:fts/slice::imps::check_transfer_status,queue:fts_live_slice_imps_check_transfer_status,consumes,,,real_source_mapped_not_running,confirmed,fts/config/env.default.toml:243
worker:fts/slice::imps::check_transfer_status,svc:mozart,calls,POST {BASE_URL}/<MOZART_URLPART_GATEWAY>/transfer_init|transfer_status (Basic auth),identity:mozart-basic-auth:fts,real_source_mapped_not_running,confirmed,"fts/internal/providers/mozart/provider.go:218,945,1905;fts/internal/providers/mozart/executor.go:17-42"
worker:fts/slice::imps::initiate_transfer,db:fts/mysql,writes,,,real_source_mapped_not_running,confirmed,
worker:fts/slice::imps::initiate_transfer,db:fts/redis,depends_on,mutex + machinery broker,,real_source_mapped_not_running,confirmed,
worker:fts/slice::imps::initiate_transfer,queue:fts_live_slice_imps_initiate_transfer,consumes,,,real_source_mapped_not_running,confirmed,fts/config/env.default.toml:242
worker:fts/slice::imps::initiate_transfer,svc:mozart,calls,POST {BASE_URL}/<MOZART_URLPART_GATEWAY>/transfer_init|transfer_status (Basic auth),identity:mozart-basic-auth:fts,real_source_mapped_not_running,confirmed,"fts/internal/providers/mozart/provider.go:218,945,1905;fts/internal/providers/mozart/executor.go:17-42"
worker:fts/slice::neft::check_transfer_status,db:fts/mysql,writes,,,real_source_mapped_not_running,confirmed,
worker:fts/slice::neft::check_transfer_status,db:fts/redis,depends_on,mutex + machinery broker,,real_source_mapped_not_running,confirmed,
worker:fts/slice::neft::check_transfer_status,queue:fts_live_slice_neft_check_transfer_status,consumes,,,real_source_mapped_not_running,confirmed,fts/config/env.default.toml:245
worker:fts/slice::neft::check_transfer_status,svc:mozart,calls,POST {BASE_URL}/<MOZART_URLPART_GATEWAY>/transfer_init|transfer_status (Basic auth),identity:mozart-basic-auth:fts,real_source_mapped_not_running,confirmed,"fts/internal/providers/mozart/provider.go:218,945,1905;fts/internal/providers/mozart/executor.go:17-42"
worker:fts/slice::neft::initiate_transfer,db:fts/mysql,writes,,,real_source_mapped_not_running,confirmed,
worker:fts/slice::neft::initiate_transfer,db:fts/redis,depends_on,mutex + machinery broker,,real_source_mapped_not_running,confirmed,
worker:fts/slice::neft::initiate_transfer,queue:fts_live_slice_neft_initiate_transfer,consumes,,,real_source_mapped_not_running,confirmed,fts/config/env.default.toml:244
worker:fts/slice::neft::initiate_transfer,svc:mozart,calls,POST {BASE_URL}/<MOZART_URLPART_GATEWAY>/transfer_init|transfer_status (Basic auth),identity:mozart-basic-auth:fts,real_source_mapped_not_running,confirmed,"fts/internal/providers/mozart/provider.go:218,945,1905;fts/internal/providers/mozart/executor.go:17-42"
worker:fts/slice::rtgs::check_transfer_status,db:fts/mysql,writes,,,real_source_mapped_not_running,confirmed,
worker:fts/slice::rtgs::check_transfer_status,db:fts/redis,depends_on,mutex + machinery broker,,real_source_mapped_not_running,confirmed,
worker:fts/slice::rtgs::check_transfer_status,queue:fts_live_slice_rtgs_check_transfer_status,consumes,,,real_source_mapped_not_running,confirmed,fts/config/env.default.toml:247
worker:fts/slice::rtgs::check_transfer_status,svc:mozart,calls,POST {BASE_URL}/<MOZART_URLPART_GATEWAY>/transfer_init|transfer_status (Basic auth),identity:mozart-basic-auth:fts,real_source_mapped_not_running,confirmed,"fts/internal/providers/mozart/provider.go:218,945,1905;fts/internal/providers/mozart/executor.go:17-42"
worker:fts/slice::rtgs::initiate_transfer,db:fts/mysql,writes,,,real_source_mapped_not_running,confirmed,
worker:fts/slice::rtgs::initiate_transfer,db:fts/redis,depends_on,mutex + machinery broker,,real_source_mapped_not_running,confirmed,
worker:fts/slice::rtgs::initiate_transfer,queue:fts_live_slice_rtgs_initiate_transfer,consumes,,,real_source_mapped_not_running,confirmed,fts/config/env.default.toml:246
worker:fts/slice::rtgs::initiate_transfer,svc:mozart,calls,POST {BASE_URL}/<MOZART_URLPART_GATEWAY>/transfer_init|transfer_status (Basic auth),identity:mozart-basic-auth:fts,real_source_mapped_not_running,confirmed,"fts/internal/providers/mozart/provider.go:218,945,1905;fts/internal/providers/mozart/executor.go:17-42"
worker:fts/slice::upi::check_transfer_status,db:fts/mysql,writes,,,real_source_mapped_not_running,confirmed,
worker:fts/slice::upi::check_transfer_status,db:fts/redis,depends_on,mutex + machinery broker,,real_source_mapped_not_running,confirmed,
worker:fts/slice::upi::check_transfer_status,queue:fts_live_slice_upi_check_transfer_status,consumes,,,real_source_mapped_not_running,confirmed,fts/config/env.default.toml:241
worker:fts/slice::upi::check_transfer_status,svc:mozart,calls,POST {BASE_URL}/<MOZART_URLPART_GATEWAY>/transfer_init|transfer_status (Basic auth),identity:mozart-basic-auth:fts,real_source_mapped_not_running,confirmed,"fts/internal/providers/mozart/provider.go:218,945,1905;fts/internal/providers/mozart/executor.go:17-42"
worker:fts/slice::upi::initiate_transfer,db:fts/mysql,writes,,,real_source_mapped_not_running,confirmed,
worker:fts/slice::upi::initiate_transfer,db:fts/redis,depends_on,mutex + machinery broker,,real_source_mapped_not_running,confirmed,
worker:fts/slice::upi::initiate_transfer,queue:fts_live_slice_upi_initiate_transfer,consumes,,,real_source_mapped_not_running,confirmed,fts/config/env.default.toml:240
worker:fts/slice::upi::initiate_transfer,svc:mozart,calls,POST {BASE_URL}/<MOZART_URLPART_GATEWAY>/transfer_init|transfer_status (Basic auth),identity:mozart-basic-auth:fts,real_source_mapped_not_running,confirmed,"fts/internal/providers/mozart/provider.go:218,945,1905;fts/internal/providers/mozart/executor.go:17-42"
worker:fts/slice::v1::imps::check_transfer_status,db:fts/mysql,writes,,,real_source_mapped_not_running,confirmed,
worker:fts/slice::v1::imps::check_transfer_status,db:fts/redis,depends_on,mutex + machinery broker,,real_source_mapped_not_running,confirmed,
worker:fts/slice::v1::imps::check_transfer_status,queue:fts_live_slice_v1_imps_check_transfer_status,consumes,,,real_source_mapped_not_running,confirmed,fts/config/env.default.toml:229
worker:fts/slice::v1::imps::check_transfer_status,svc:mozart,calls,POST {BASE_URL}/<MOZART_URLPART_GATEWAY>/transfer_init|transfer_status (Basic auth),identity:mozart-basic-auth:fts,real_source_mapped_not_running,confirmed,"fts/internal/providers/mozart/provider.go:218,945,1905;fts/internal/providers/mozart/executor.go:17-42"
worker:fts/slice::v1::imps::initiate_transfer,db:fts/mysql,writes,,,real_source_mapped_not_running,confirmed,
worker:fts/slice::v1::imps::initiate_transfer,db:fts/redis,depends_on,mutex + machinery broker,,real_source_mapped_not_running,confirmed,
worker:fts/slice::v1::imps::initiate_transfer,queue:fts_live_slice_v1_imps_initiate_transfer,consumes,,,real_source_mapped_not_running,confirmed,fts/config/env.default.toml:228
worker:fts/slice::v1::imps::initiate_transfer,svc:mozart,calls,POST {BASE_URL}/<MOZART_URLPART_GATEWAY>/transfer_init|transfer_status (Basic auth),identity:mozart-basic-auth:fts,real_source_mapped_not_running,confirmed,"fts/internal/providers/mozart/provider.go:218,945,1905;fts/internal/providers/mozart/executor.go:17-42"
worker:fts/slice::v1::upi::check_transfer_status,db:fts/mysql,writes,,,real_source_mapped_not_running,confirmed,
worker:fts/slice::v1::upi::check_transfer_status,db:fts/redis,depends_on,mutex + machinery broker,,real_source_mapped_not_running,confirmed,
worker:fts/slice::v1::upi::check_transfer_status,queue:fts_live_slice_v1_upi_check_transfer_status,consumes,,,real_source_mapped_not_running,confirmed,fts/config/env.default.toml:227
worker:fts/slice::v1::upi::check_transfer_status,svc:mozart,calls,POST {BASE_URL}/<MOZART_URLPART_GATEWAY>/transfer_init|transfer_status (Basic auth),identity:mozart-basic-auth:fts,real_source_mapped_not_running,confirmed,"fts/internal/providers/mozart/provider.go:218,945,1905;fts/internal/providers/mozart/executor.go:17-42"
worker:fts/slice::v1::upi::initiate_transfer,db:fts/mysql,writes,,,real_source_mapped_not_running,confirmed,
worker:fts/slice::v1::upi::initiate_transfer,db:fts/redis,depends_on,mutex + machinery broker,,real_source_mapped_not_running,confirmed,
worker:fts/slice::v1::upi::initiate_transfer,queue:fts_live_slice_v1_upi_initiate_transfer,consumes,,,real_source_mapped_not_running,confirmed,fts/config/env.default.toml:226
worker:fts/slice::v1::upi::initiate_transfer,svc:mozart,calls,POST {BASE_URL}/<MOZART_URLPART_GATEWAY>/transfer_init|transfer_status (Basic auth),identity:mozart-basic-auth:fts,real_source_mapped_not_running,confirmed,"fts/internal/providers/mozart/provider.go:218,945,1905;fts/internal/providers/mozart/executor.go:17-42"
worker:fts/slow_lane::initiate_transfer,db:fts/mysql,writes,,,real_source_mapped_not_running,confirmed,
worker:fts/slow_lane::initiate_transfer,db:fts/redis,depends_on,mutex + machinery broker,,real_source_mapped_not_running,confirmed,
worker:fts/slow_lane::initiate_transfer,queue:fts_live_slow_lane_initiate_transfer,consumes,,,real_source_mapped_not_running,confirmed,fts/config/env.default.toml:176
worker:fts/slow_lane::initiate_transfer,svc:mozart,calls,POST {BASE_URL}/<MOZART_URLPART_GATEWAY>/transfer_init|transfer_status (Basic auth),identity:mozart-basic-auth:fts,real_source_mapped_not_running,confirmed,"fts/internal/providers/mozart/provider.go:218,945,1905;fts/internal/providers/mozart/executor.go:17-42"
worker:fts/test_transactions,cron:fts/test_transactions,schedules,,,real_source_mapped_not_running,confirmed,fts/internal/testtransactions/test_transactions.go:22-33;fts/config/env.prod-live.toml:333-334
worker:fts/test_transactions,db:fts/mysql,writes,,,real_source_mapped_not_running,confirmed,
worker:fts/test_transactions,db:fts/redis,depends_on,mutex + machinery broker,,real_source_mapped_not_running,confirmed,
worker:fts/test_transactions,queue:fts_live_default,consumes,,,real_source_mapped_not_running,confirmed,fts/config/env.default.toml:113
worker:fts/verify_beneficiary,db:fts/mysql,writes,,,real_source_mapped_not_running,confirmed,
worker:fts/verify_beneficiary,db:fts/redis,depends_on,mutex + machinery broker,,real_source_mapped_not_running,confirmed,
worker:fts/verify_beneficiary,queue:fts_live_verify_beneficiary,consumes,,,real_source_mapped_not_running,confirmed,fts/config/env.default.toml:128
worker:fts/verify_beneficiary,svc:mozart,calls,POST {BASE_URL}/<MOZART_URLPART_GATEWAY>/transfer_init|transfer_status (Basic auth),identity:mozart-basic-auth:fts,real_source_mapped_not_running,confirmed,"fts/internal/providers/mozart/provider.go:218,945,1905;fts/internal/providers/mozart/executor.go:17-42"
worker:fts/yesbank::direct::upi::check_transfer_status,db:fts/mysql,writes,,,real_source_mapped_not_running,confirmed,
worker:fts/yesbank::direct::upi::check_transfer_status,db:fts/redis,depends_on,mutex + machinery broker,,real_source_mapped_not_running,confirmed,
worker:fts/yesbank::direct::upi::check_transfer_status,queue:fts_live_yesbank_direct_upi_check_transfer_status,consumes,,,real_source_mapped_not_running,confirmed,fts/config/env.default.toml:195
worker:fts/yesbank::direct::upi::check_transfer_status,svc:mozart,calls,POST {BASE_URL}/<MOZART_URLPART_GATEWAY>/transfer_init|transfer_status (Basic auth),identity:mozart-basic-auth:fts,real_source_mapped_not_running,confirmed,"fts/internal/providers/mozart/provider.go:218,945,1905;fts/internal/providers/mozart/executor.go:17-42"
worker:fts/yesbank::direct::upi::initiate_transfer,db:fts/mysql,writes,,,real_source_mapped_not_running,confirmed,
worker:fts/yesbank::direct::upi::initiate_transfer,db:fts/redis,depends_on,mutex + machinery broker,,real_source_mapped_not_running,confirmed,
worker:fts/yesbank::direct::upi::initiate_transfer,queue:fts_live_yesbank_direct_upi_initiate_transfer,consumes,,,real_source_mapped_not_running,confirmed,fts/config/env.default.toml:182
worker:fts/yesbank::direct::upi::initiate_transfer,svc:mozart,calls,POST {BASE_URL}/<MOZART_URLPART_GATEWAY>/transfer_init|transfer_status (Basic auth),identity:mozart-basic-auth:fts,real_source_mapped_not_running,confirmed,"fts/internal/providers/mozart/provider.go:218,945,1905;fts/internal/providers/mozart/executor.go:17-42"
worker:fts/yesbank::ift::check_transfer_status::dummy,db:fts/mysql,writes,,,real_source_mapped_not_running,confirmed,
worker:fts/yesbank::ift::check_transfer_status::dummy,db:fts/redis,depends_on,mutex + machinery broker,,real_source_mapped_not_running,confirmed,
worker:fts/yesbank::ift::check_transfer_status::dummy,queue:fts_live_default,consumes,,,real_source_mapped_not_running,confirmed,fts/config/env.default.toml:113
worker:fts/yesbank::ift::check_transfer_status::dummy,svc:mozart,calls,POST {BASE_URL}/<MOZART_URLPART_GATEWAY>/transfer_init|transfer_status (Basic auth),identity:mozart-basic-auth:fts,real_source_mapped_not_running,confirmed,"fts/internal/providers/mozart/provider.go:218,945,1905;fts/internal/providers/mozart/executor.go:17-42"
worker:fts/yesbank::imps::check_transfer_status,db:fts/mysql,writes,,,real_source_mapped_not_running,confirmed,
worker:fts/yesbank::imps::check_transfer_status,db:fts/redis,depends_on,mutex + machinery broker,,real_source_mapped_not_running,confirmed,
worker:fts/yesbank::imps::check_transfer_status,queue:fts_live_yesbank_imps_check_transfer_status,consumes,,,real_source_mapped_not_running,confirmed,fts/config/env.default.toml:190
worker:fts/yesbank::imps::check_transfer_status,svc:mozart,calls,POST {BASE_URL}/<MOZART_URLPART_GATEWAY>/transfer_init|transfer_status (Basic auth),identity:mozart-basic-auth:fts,real_source_mapped_not_running,confirmed,"fts/internal/providers/mozart/provider.go:218,945,1905;fts/internal/providers/mozart/executor.go:17-42"
worker:fts/yesbank::imps::hv::check_transfer_status,db:fts/mysql,writes,,,real_source_mapped_not_running,confirmed,
worker:fts/yesbank::imps::hv::check_transfer_status,db:fts/redis,depends_on,mutex + machinery broker,,real_source_mapped_not_running,confirmed,
worker:fts/yesbank::imps::hv::check_transfer_status,queue:fts_live_yesbank_imps_hv_check_transfer_status,consumes,,,real_source_mapped_not_running,confirmed,fts/config/env.default.toml:269
worker:fts/yesbank::imps::hv::check_transfer_status,svc:mozart,calls,POST {BASE_URL}/<MOZART_URLPART_GATEWAY>/transfer_init|transfer_status (Basic auth),identity:mozart-basic-auth:fts,real_source_mapped_not_running,confirmed,"fts/internal/providers/mozart/provider.go:218,945,1905;fts/internal/providers/mozart/executor.go:17-42"
worker:fts/yesbank::imps::hv::initiate_transfer,db:fts/mysql,writes,,,real_source_mapped_not_running,confirmed,
worker:fts/yesbank::imps::hv::initiate_transfer,db:fts/redis,depends_on,mutex + machinery broker,,real_source_mapped_not_running,confirmed,
worker:fts/yesbank::imps::hv::initiate_transfer,queue:fts_live_yesbank_imps_hv_initiate_transfer,consumes,,,real_source_mapped_not_running,confirmed,fts/config/env.default.toml:268
worker:fts/yesbank::imps::hv::initiate_transfer,svc:mozart,calls,POST {BASE_URL}/<MOZART_URLPART_GATEWAY>/transfer_init|transfer_status (Basic auth),identity:mozart-basic-auth:fts,real_source_mapped_not_running,confirmed,"fts/internal/providers/mozart/provider.go:218,945,1905;fts/internal/providers/mozart/executor.go:17-42"
worker:fts/yesbank::initiate_transfer,db:fts/mysql,writes,,,real_source_mapped_not_running,confirmed,
worker:fts/yesbank::initiate_transfer,db:fts/redis,depends_on,mutex + machinery broker,,real_source_mapped_not_running,confirmed,
worker:fts/yesbank::initiate_transfer,queue:fts_live_yesbank_initiate_transfer,consumes,,,real_source_mapped_not_running,confirmed,fts/config/env.default.toml:177
worker:fts/yesbank::initiate_transfer,svc:mozart,calls,POST {BASE_URL}/<MOZART_URLPART_GATEWAY>/transfer_init|transfer_status (Basic auth),identity:mozart-basic-auth:fts,real_source_mapped_not_running,confirmed,"fts/internal/providers/mozart/provider.go:218,945,1905;fts/internal/providers/mozart/executor.go:17-42"
worker:fts/yesbank::neft::check_transfer_status,db:fts/mysql,writes,,,real_source_mapped_not_running,confirmed,
worker:fts/yesbank::neft::check_transfer_status,db:fts/redis,depends_on,mutex + machinery broker,,real_source_mapped_not_running,confirmed,
worker:fts/yesbank::neft::check_transfer_status,queue:fts_live_yesbank_neft_check_transfer_status,consumes,,,real_source_mapped_not_running,confirmed,fts/config/env.default.toml:192
worker:fts/yesbank::neft::check_transfer_status,svc:mozart,calls,POST {BASE_URL}/<MOZART_URLPART_GATEWAY>/transfer_init|transfer_status (Basic auth),identity:mozart-basic-auth:fts,real_source_mapped_not_running,confirmed,"fts/internal/providers/mozart/provider.go:218,945,1905;fts/internal/providers/mozart/executor.go:17-42"
worker:fts/yesbank::neft::hv::check_transfer_status,db:fts/mysql,writes,,,real_source_mapped_not_running,confirmed,
worker:fts/yesbank::neft::hv::check_transfer_status,db:fts/redis,depends_on,mutex + machinery broker,,real_source_mapped_not_running,confirmed,
worker:fts/yesbank::neft::hv::check_transfer_status,queue:fts_live_yesbank_neft_hv_check_transfer_status,consumes,,,real_source_mapped_not_running,confirmed,fts/config/env.default.toml:281
worker:fts/yesbank::neft::hv::check_transfer_status,svc:mozart,calls,POST {BASE_URL}/<MOZART_URLPART_GATEWAY>/transfer_init|transfer_status (Basic auth),identity:mozart-basic-auth:fts,real_source_mapped_not_running,confirmed,"fts/internal/providers/mozart/provider.go:218,945,1905;fts/internal/providers/mozart/executor.go:17-42"
worker:fts/yesbank::neft::hv::initiate_transfer,db:fts/mysql,writes,,,real_source_mapped_not_running,confirmed,
worker:fts/yesbank::neft::hv::initiate_transfer,db:fts/redis,depends_on,mutex + machinery broker,,real_source_mapped_not_running,confirmed,
worker:fts/yesbank::neft::hv::initiate_transfer,queue:fts_live_yesbank_neft_hv_initiate_transfer,consumes,,,real_source_mapped_not_running,confirmed,fts/config/env.default.toml:280
worker:fts/yesbank::neft::hv::initiate_transfer,svc:mozart,calls,POST {BASE_URL}/<MOZART_URLPART_GATEWAY>/transfer_init|transfer_status (Basic auth),identity:mozart-basic-auth:fts,real_source_mapped_not_running,confirmed,"fts/internal/providers/mozart/provider.go:218,945,1905;fts/internal/providers/mozart/executor.go:17-42"
worker:fts/yesbank::neft::initiate_transfer,db:fts/mysql,writes,,,real_source_mapped_not_running,confirmed,
worker:fts/yesbank::neft::initiate_transfer,db:fts/redis,depends_on,mutex + machinery broker,,real_source_mapped_not_running,confirmed,
worker:fts/yesbank::neft::initiate_transfer,queue:fts_live_yesbank_neft_initiate_transfer,consumes,,,real_source_mapped_not_running,confirmed,fts/config/env.default.toml:179
worker:fts/yesbank::neft::initiate_transfer,svc:mozart,calls,POST {BASE_URL}/<MOZART_URLPART_GATEWAY>/transfer_init|transfer_status (Basic auth),identity:mozart-basic-auth:fts,real_source_mapped_not_running,confirmed,"fts/internal/providers/mozart/provider.go:218,945,1905;fts/internal/providers/mozart/executor.go:17-42"
worker:fts/yesbank::neft::lv::check_transfer_status,db:fts/mysql,writes,,,real_source_mapped_not_running,confirmed,
worker:fts/yesbank::neft::lv::check_transfer_status,db:fts/redis,depends_on,mutex + machinery broker,,real_source_mapped_not_running,confirmed,
worker:fts/yesbank::neft::lv::check_transfer_status,queue:fts_live_yesbank_neft_lv_check_transfer_status,consumes,,,real_source_mapped_not_running,confirmed,fts/config/env.default.toml:283
worker:fts/yesbank::neft::lv::check_transfer_status,svc:mozart,calls,POST {BASE_URL}/<MOZART_URLPART_GATEWAY>/transfer_init|transfer_status (Basic auth),identity:mozart-basic-auth:fts,real_source_mapped_not_running,confirmed,"fts/internal/providers/mozart/provider.go:218,945,1905;fts/internal/providers/mozart/executor.go:17-42"
worker:fts/yesbank::neft::lv::initiate_transfer,db:fts/mysql,writes,,,real_source_mapped_not_running,confirmed,
worker:fts/yesbank::neft::lv::initiate_transfer,db:fts/redis,depends_on,mutex + machinery broker,,real_source_mapped_not_running,confirmed,
worker:fts/yesbank::neft::lv::initiate_transfer,queue:fts_live_yesbank_neft_lv_initiate_transfer,consumes,,,real_source_mapped_not_running,confirmed,fts/config/env.default.toml:282
worker:fts/yesbank::neft::lv::initiate_transfer,svc:mozart,calls,POST {BASE_URL}/<MOZART_URLPART_GATEWAY>/transfer_init|transfer_status (Basic auth),identity:mozart-basic-auth:fts,real_source_mapped_not_running,confirmed,"fts/internal/providers/mozart/provider.go:218,945,1905;fts/internal/providers/mozart/executor.go:17-42"
worker:fts/yesbank::rtgs::check_transfer_status,db:fts/mysql,writes,,,real_source_mapped_not_running,confirmed,
worker:fts/yesbank::rtgs::check_transfer_status,db:fts/redis,depends_on,mutex + machinery broker,,real_source_mapped_not_running,confirmed,
worker:fts/yesbank::rtgs::check_transfer_status,queue:fts_live_yesbank_rtgs_check_transfer_status,consumes,,,real_source_mapped_not_running,confirmed,fts/config/env.default.toml:193
worker:fts/yesbank::rtgs::check_transfer_status,svc:mozart,calls,POST {BASE_URL}/<MOZART_URLPART_GATEWAY>/transfer_init|transfer_status (Basic auth),identity:mozart-basic-auth:fts,real_source_mapped_not_running,confirmed,"fts/internal/providers/mozart/provider.go:218,945,1905;fts/internal/providers/mozart/executor.go:17-42"
worker:fts/yesbank::rtgs::initiate_transfer,db:fts/mysql,writes,,,real_source_mapped_not_running,confirmed,
worker:fts/yesbank::rtgs::initiate_transfer,db:fts/redis,depends_on,mutex + machinery broker,,real_source_mapped_not_running,confirmed,
worker:fts/yesbank::rtgs::initiate_transfer,queue:fts_live_yesbank_rtgs_initiate_transfer,consumes,,,real_source_mapped_not_running,confirmed,fts/config/env.default.toml:180
worker:fts/yesbank::rtgs::initiate_transfer,svc:mozart,calls,POST {BASE_URL}/<MOZART_URLPART_GATEWAY>/transfer_init|transfer_status (Basic auth),identity:mozart-basic-auth:fts,real_source_mapped_not_running,confirmed,"fts/internal/providers/mozart/provider.go:218,945,1905;fts/internal/providers/mozart/executor.go:17-42"
worker:fts/yesbank::rx_wallet::check_transfer_status,db:fts/mysql,writes,,,real_source_mapped_not_running,confirmed,
worker:fts/yesbank::rx_wallet::check_transfer_status,db:fts/redis,depends_on,mutex + machinery broker,,real_source_mapped_not_running,confirmed,
worker:fts/yesbank::rx_wallet::check_transfer_status,queue:fts_live_yesbank_rx_wallet_check_transfer_status,consumes,,,real_source_mapped_not_running,confirmed,fts/config/env.default.toml:253
worker:fts/yesbank::rx_wallet::check_transfer_status,svc:mozart,calls,POST {BASE_URL}/<MOZART_URLPART_GATEWAY>/transfer_init|transfer_status (Basic auth),identity:mozart-basic-auth:fts,real_source_mapped_not_running,confirmed,"fts/internal/providers/mozart/provider.go:218,945,1905;fts/internal/providers/mozart/executor.go:17-42"
worker:fts/yesbank::rx_wallet::imps::check_transfer_status,db:fts/mysql,writes,,,real_source_mapped_not_running,confirmed,
worker:fts/yesbank::rx_wallet::imps::check_transfer_status,db:fts/redis,depends_on,mutex + machinery broker,,real_source_mapped_not_running,confirmed,
worker:fts/yesbank::rx_wallet::imps::check_transfer_status,queue:fts_live_yesbank_rx_wallet_imps_check_transfer_status,consumes,,,real_source_mapped_not_running,confirmed,fts/config/env.default.toml:252
worker:fts/yesbank::rx_wallet::imps::check_transfer_status,svc:mozart,calls,POST {BASE_URL}/<MOZART_URLPART_GATEWAY>/transfer_init|transfer_status (Basic auth),identity:mozart-basic-auth:fts,real_source_mapped_not_running,confirmed,"fts/internal/providers/mozart/provider.go:218,945,1905;fts/internal/providers/mozart/executor.go:17-42"
worker:fts/yesbank::rx_wallet::imps::initiate_transfer,db:fts/mysql,writes,,,real_source_mapped_not_running,confirmed,
worker:fts/yesbank::rx_wallet::imps::initiate_transfer,db:fts/redis,depends_on,mutex + machinery broker,,real_source_mapped_not_running,confirmed,
worker:fts/yesbank::rx_wallet::imps::initiate_transfer,queue:fts_live_yesbank_rx_wallet_imps_initiate_transfer,consumes,,,real_source_mapped_not_running,confirmed,fts/config/env.default.toml:250
worker:fts/yesbank::rx_wallet::imps::initiate_transfer,svc:mozart,calls,POST {BASE_URL}/<MOZART_URLPART_GATEWAY>/transfer_init|transfer_status (Basic auth),identity:mozart-basic-auth:fts,real_source_mapped_not_running,confirmed,"fts/internal/providers/mozart/provider.go:218,945,1905;fts/internal/providers/mozart/executor.go:17-42"
worker:fts/yesbank::rx_wallet::initiate_transfer,db:fts/mysql,writes,,,real_source_mapped_not_running,confirmed,
worker:fts/yesbank::rx_wallet::initiate_transfer,db:fts/redis,depends_on,mutex + machinery broker,,real_source_mapped_not_running,confirmed,
worker:fts/yesbank::rx_wallet::initiate_transfer,queue:fts_live_yesbank_rx_wallet_initiate_transfer,consumes,,,real_source_mapped_not_running,confirmed,fts/config/env.default.toml:251
worker:fts/yesbank::rx_wallet::initiate_transfer,svc:mozart,calls,POST {BASE_URL}/<MOZART_URLPART_GATEWAY>/transfer_init|transfer_status (Basic auth),identity:mozart-basic-auth:fts,real_source_mapped_not_running,confirmed,"fts/internal/providers/mozart/provider.go:218,945,1905;fts/internal/providers/mozart/executor.go:17-42"
worker:fts/yesbank::upi::check_transfer_status,db:fts/mysql,writes,,,real_source_mapped_not_running,confirmed,
worker:fts/yesbank::upi::check_transfer_status,db:fts/redis,depends_on,mutex + machinery broker,,real_source_mapped_not_running,confirmed,
worker:fts/yesbank::upi::check_transfer_status,queue:fts_live_yesbank_upi_check_transfer_status,consumes,,,real_source_mapped_not_running,confirmed,fts/config/env.default.toml:194
worker:fts/yesbank::upi::check_transfer_status,svc:mozart,calls,POST {BASE_URL}/<MOZART_URLPART_GATEWAY>/transfer_init|transfer_status (Basic auth),identity:mozart-basic-auth:fts,real_source_mapped_not_running,confirmed,"fts/internal/providers/mozart/provider.go:218,945,1905;fts/internal/providers/mozart/executor.go:17-42"
worker:fts/yesbank::upi::hv::check_transfer_status,db:fts/mysql,writes,,,real_source_mapped_not_running,confirmed,
worker:fts/yesbank::upi::hv::check_transfer_status,db:fts/redis,depends_on,mutex + machinery broker,,real_source_mapped_not_running,confirmed,
worker:fts/yesbank::upi::hv::check_transfer_status,queue:fts_live_yesbank_upi_hv_check_transfer_status,consumes,,,real_source_mapped_not_running,confirmed,fts/config/env.default.toml:267
worker:fts/yesbank::upi::hv::check_transfer_status,svc:mozart,calls,POST {BASE_URL}/<MOZART_URLPART_GATEWAY>/transfer_init|transfer_status (Basic auth),identity:mozart-basic-auth:fts,real_source_mapped_not_running,confirmed,"fts/internal/providers/mozart/provider.go:218,945,1905;fts/internal/providers/mozart/executor.go:17-42"
worker:fts/yesbank::upi::hv::initiate_transfer,db:fts/mysql,writes,,,real_source_mapped_not_running,confirmed,
worker:fts/yesbank::upi::hv::initiate_transfer,db:fts/redis,depends_on,mutex + machinery broker,,real_source_mapped_not_running,confirmed,
worker:fts/yesbank::upi::hv::initiate_transfer,queue:fts_live_yesbank_upi_hv_initiate_transfer,consumes,,,real_source_mapped_not_running,confirmed,fts/config/env.default.toml:266
worker:fts/yesbank::upi::hv::initiate_transfer,svc:mozart,calls,POST {BASE_URL}/<MOZART_URLPART_GATEWAY>/transfer_init|transfer_status (Basic auth),identity:mozart-basic-auth:fts,real_source_mapped_not_running,confirmed,"fts/internal/providers/mozart/provider.go:218,945,1905;fts/internal/providers/mozart/executor.go:17-42"
worker:fts/yesbank::upi::initiate_transfer,db:fts/mysql,writes,,,real_source_mapped_not_running,confirmed,
worker:fts/yesbank::upi::initiate_transfer,db:fts/redis,depends_on,mutex + machinery broker,,real_source_mapped_not_running,confirmed,
worker:fts/yesbank::upi::initiate_transfer,queue:fts_live_yesbank_upi_initiate_transfer,consumes,,,real_source_mapped_not_running,confirmed,fts/config/env.default.toml:181
worker:fts/yesbank::upi::initiate_transfer,svc:mozart,calls,POST {BASE_URL}/<MOZART_URLPART_GATEWAY>/transfer_init|transfer_status (Basic auth),identity:mozart-basic-auth:fts,real_source_mapped_not_running,confirmed,"fts/internal/providers/mozart/provider.go:218,945,1905;fts/internal/providers/mozart/executor.go:17-42"
worker:fts/yesbank::v2::imps::check_transfer_status,db:fts/mysql,writes,,,real_source_mapped_not_running,confirmed,
worker:fts/yesbank::v2::imps::check_transfer_status,db:fts/redis,depends_on,mutex + machinery broker,,real_source_mapped_not_running,confirmed,
worker:fts/yesbank::v2::imps::check_transfer_status,queue:fts_live_yesbank_v2_imps_check_transfer_status,consumes,,,real_source_mapped_not_running,confirmed,fts/config/env.default.toml:191
worker:fts/yesbank::v2::imps::check_transfer_status,svc:mozart,calls,POST {BASE_URL}/<MOZART_URLPART_GATEWAY>/transfer_init|transfer_status (Basic auth),identity:mozart-basic-auth:fts,real_source_mapped_not_running,confirmed,"fts/internal/providers/mozart/provider.go:218,945,1905;fts/internal/providers/mozart/executor.go:17-42"
worker:fts/yesbank::v2::imps::initiate_transfer,db:fts/mysql,writes,,,real_source_mapped_not_running,confirmed,
worker:fts/yesbank::v2::imps::initiate_transfer,db:fts/redis,depends_on,mutex + machinery broker,,real_source_mapped_not_running,confirmed,
worker:fts/yesbank::v2::imps::initiate_transfer,queue:fts_live_yesbank_v2_imps_initiate_transfer,consumes,,,real_source_mapped_not_running,confirmed,fts/config/env.default.toml:178
worker:fts/yesbank::v2::imps::initiate_transfer,svc:mozart,calls,POST {BASE_URL}/<MOZART_URLPART_GATEWAY>/transfer_init|transfer_status (Basic auth),identity:mozart-basic-auth:fts,real_source_mapped_not_running,confirmed,"fts/internal/providers/mozart/provider.go:218,945,1905;fts/internal/providers/mozart/executor.go:17-42"
worker:fts/yesbank::v3::imps::check_transfer_status,db:fts/mysql,writes,,,real_source_mapped_not_running,confirmed,
worker:fts/yesbank::v3::imps::check_transfer_status,db:fts/redis,depends_on,mutex + machinery broker,,real_source_mapped_not_running,confirmed,
worker:fts/yesbank::v3::imps::check_transfer_status,queue:fts_live_yesbank_v3_imps_check_transfer_status,consumes,,,real_source_mapped_not_running,confirmed,fts/config/env.default.toml:256
worker:fts/yesbank::v3::imps::check_transfer_status,svc:mozart,calls,POST {BASE_URL}/<MOZART_URLPART_GATEWAY>/transfer_init|transfer_status (Basic auth),identity:mozart-basic-auth:fts,real_source_mapped_not_running,confirmed,"fts/internal/providers/mozart/provider.go:218,945,1905;fts/internal/providers/mozart/executor.go:17-42"
worker:fts/yesbank::v3::imps::initiate_transfer,db:fts/mysql,writes,,,real_source_mapped_not_running,confirmed,
worker:fts/yesbank::v3::imps::initiate_transfer,db:fts/redis,depends_on,mutex + machinery broker,,real_source_mapped_not_running,confirmed,
worker:fts/yesbank::v3::imps::initiate_transfer,queue:fts_live_yesbank_v3_imps_initiate_transfer,consumes,,,real_source_mapped_not_running,confirmed,fts/config/env.default.toml:255
worker:fts/yesbank::v3::imps::initiate_transfer,svc:mozart,calls,POST {BASE_URL}/<MOZART_URLPART_GATEWAY>/transfer_init|transfer_status (Basic auth),identity:mozart-basic-auth:fts,real_source_mapped_not_running,confirmed,"fts/internal/providers/mozart/provider.go:218,945,1905;fts/internal/providers/mozart/executor.go:17-42"
worker:fts/yesbank::v3::neft::check_transfer_status,db:fts/mysql,writes,,,real_source_mapped_not_running,confirmed,
worker:fts/yesbank::v3::neft::check_transfer_status,db:fts/redis,depends_on,mutex + machinery broker,,real_source_mapped_not_running,confirmed,
worker:fts/yesbank::v3::neft::check_transfer_status,queue:fts_live_yesbank_v3_neft_check_transfer_status,consumes,,,real_source_mapped_not_running,confirmed,fts/config/env.default.toml:258
worker:fts/yesbank::v3::neft::check_transfer_status,svc:mozart,calls,POST {BASE_URL}/<MOZART_URLPART_GATEWAY>/transfer_init|transfer_status (Basic auth),identity:mozart-basic-auth:fts,real_source_mapped_not_running,confirmed,"fts/internal/providers/mozart/provider.go:218,945,1905;fts/internal/providers/mozart/executor.go:17-42"
worker:fts/yesbank::v3::neft::initiate_transfer,db:fts/mysql,writes,,,real_source_mapped_not_running,confirmed,
worker:fts/yesbank::v3::neft::initiate_transfer,db:fts/redis,depends_on,mutex + machinery broker,,real_source_mapped_not_running,confirmed,
worker:fts/yesbank::v3::neft::initiate_transfer,queue:fts_live_yesbank_v3_neft_initiate_transfer,consumes,,,real_source_mapped_not_running,confirmed,fts/config/env.default.toml:257
worker:fts/yesbank::v3::neft::initiate_transfer,svc:mozart,calls,POST {BASE_URL}/<MOZART_URLPART_GATEWAY>/transfer_init|transfer_status (Basic auth),identity:mozart-basic-auth:fts,real_source_mapped_not_running,confirmed,"fts/internal/providers/mozart/provider.go:218,945,1905;fts/internal/providers/mozart/executor.go:17-42"
worker:fts/yesbank::v3::rtgs::check_transfer_status,db:fts/mysql,writes,,,real_source_mapped_not_running,confirmed,
worker:fts/yesbank::v3::rtgs::check_transfer_status,db:fts/redis,depends_on,mutex + machinery broker,,real_source_mapped_not_running,confirmed,
worker:fts/yesbank::v3::rtgs::check_transfer_status,queue:fts_live_yesbank_v3_rtgs_check_transfer_status,consumes,,,real_source_mapped_not_running,confirmed,fts/config/env.default.toml:260
worker:fts/yesbank::v3::rtgs::check_transfer_status,svc:mozart,calls,POST {BASE_URL}/<MOZART_URLPART_GATEWAY>/transfer_init|transfer_status (Basic auth),identity:mozart-basic-auth:fts,real_source_mapped_not_running,confirmed,"fts/internal/providers/mozart/provider.go:218,945,1905;fts/internal/providers/mozart/executor.go:17-42"
worker:fts/yesbank::v3::rtgs::initiate_transfer,db:fts/mysql,writes,,,real_source_mapped_not_running,confirmed,
worker:fts/yesbank::v3::rtgs::initiate_transfer,db:fts/redis,depends_on,mutex + machinery broker,,real_source_mapped_not_running,confirmed,
worker:fts/yesbank::v3::rtgs::initiate_transfer,queue:fts_live_yesbank_v3_rtgs_initiate_transfer,consumes,,,real_source_mapped_not_running,confirmed,fts/config/env.default.toml:259
worker:fts/yesbank::v3::rtgs::initiate_transfer,svc:mozart,calls,POST {BASE_URL}/<MOZART_URLPART_GATEWAY>/transfer_init|transfer_status (Basic auth),identity:mozart-basic-auth:fts,real_source_mapped_not_running,confirmed,"fts/internal/providers/mozart/provider.go:218,945,1905;fts/internal/providers/mozart/executor.go:17-42"
worker:ledger/account_create,db:ledger/postgres,writes,,,,confirmed,
worker:ledger/account_create,queue:prod-ledger-account-create-live,consumes,,,real_source_running,confirmed,
worker:ledger/balance_update,db:ledger/postgres,writes,,,,confirmed,
worker:ledger/balance_update,queue:prod-ledger-balance-update-live,consumes,,,real_source_running,confirmed,
worker:ledger/balance_update_pg,queue:prod-ledger-balance-update-pg-live,consumes,,,real_source_mapped_not_running,confirmed,
worker:ledger/journal_create,db:ledger/postgres,writes,,,,confirmed,
worker:ledger/journal_create,queue:prod-ledger-journal-create-live,consumes,,,real_source_running,confirmed,
worker:ledger/journal_create,route:ledger/POST /twirp/rzp.ledger.journal.v1.JournalAPI/Create,calls,in-process JournalServer.CreateByJob (same validation/mutex path),,real_source_running,confirmed,ledger/internal/job/job_sqs/journal_create.go:40
worker:ledger/ledger_entry_details_create,db:ledger/postgres,writes,,,,confirmed,
worker:ledger/ledger_entry_details_create,queue:prod-ledger-entry-details-create-live,consumes,,,real_source_running,confirmed,
worker:ledger/ledger_entry_details_create_pg,db:ledger/postgres,writes,,,,confirmed,
worker:ledger/ledger_entry_details_create_pg,queue:prod-ledger-entry-details-create-pg-live,consumes,,,real_source_running,confirmed,
worker:payouts/api_queue_for_async_dual_write_direct_push,db:payouts/mysql,writes,,,real_source_mapped_not_running,confirmed,
worker:payouts/api_queue_for_async_dual_write_direct_push,queue:prod-api-payout-service-dual-write-direct-push-live,consumes,"SQS long-poll (waitTimeout 30s, visibilityTimeout 120s)",,real_source_mapped_not_running,confirmed,payouts/config/default.toml:393-410;payouts/internal/job/api_queue_for_async_dual_write_direct_push.go:13-22
worker:payouts/async_dual_write,db:payouts/mysql,reads,,,,confirmed,
worker:payouts/async_dual_write,db:payouts/mysql,writes,,,real_source_running,confirmed,
worker:payouts/async_dual_write,queue:prod-payouts-async-dual-write-live,consumes,"SQS long-poll (waitTimeout 30s, visibilityTimeout 120s)",,real_source_running,confirmed,payouts/config/default.toml:393-410;payouts/internal/job/async_dual_write.go:13-22
worker:payouts/async_dual_write,svc:payouts-api,depends_on,same binary image + same MySQL/redis/SQS,,,confirmed,
worker:payouts/batch_submitted_merchants,db:payouts/mysql,writes,,,real_source_mapped_not_running,confirmed,
worker:payouts/batch_submitted_merchants,queue:prod-payouts-batch-submitted-merchants-live,consumes,"SQS long-poll (waitTimeout 30s, visibilityTimeout 120s)",,real_source_mapped_not_running,confirmed,payouts/config/default.toml:393-410;payouts/internal/job/batch_submitted_merchants.go:15-24
worker:payouts/bulk_payouts,db:payouts/mysql,writes,,,real_source_mapped_not_running,confirmed,
worker:payouts/bulk_payouts,queue:prod-payouts-bulk-payouts-live,consumes,"SQS long-poll (waitTimeout 30s, visibilityTimeout 120s)",,real_source_mapped_not_running,confirmed,payouts/config/default.toml:393-410;payouts/internal/job/bulk_payouts.go:18-27
worker:payouts/data_consistency_checker,db:payouts/mysql,writes,,,real_source_mapped_not_running,confirmed,
worker:payouts/data_consistency_checker,queue:prod-payouts-data-consistency-checker-processing-live,consumes,"SQS long-poll (waitTimeout 30s, visibilityTimeout 120s)",,real_source_mapped_not_running,confirmed,payouts/config/default.toml:393-410;payouts/internal/job/data_consistency_checker.go:18-27
worker:payouts/data_consistency_event,db:payouts/mysql,writes,,,real_source_mapped_not_running,confirmed,
worker:payouts/data_consistency_event,queue:prod-payouts-data-consistency-event-processing-live,consumes,"SQS long-poll (waitTimeout 30s, visibilityTimeout 120s)",,real_source_mapped_not_running,confirmed,payouts/config/default.toml:393-410;payouts/internal/job/data_consistency_event.go:15-24
worker:payouts/fts_async_hv_processing,db:payouts/mysql,reads,,,,confirmed,
worker:payouts/fts_async_hv_processing,db:payouts/mysql,writes,,,real_source_running,confirmed,
worker:payouts/fts_async_hv_processing,queue:prod-payouts-fts-async-hv-processing-live,consumes,"SQS long-poll (waitTimeout 30s, visibilityTimeout 120s)",,real_source_running,confirmed,payouts/config/default.toml:393-410;payouts/internal/job/fts_async_hv_processing.go:18-27
worker:payouts/fts_async_hv_processing,svc:payouts-api,depends_on,same binary image + same MySQL/redis/SQS,,,confirmed,
worker:payouts/fts_async_processing,db:payouts/mysql,reads,,,,confirmed,
worker:payouts/fts_async_processing,db:payouts/mysql,writes,,,real_source_running,confirmed,
worker:payouts/fts_async_processing,queue:prod-payouts-fts-async-processing-live,consumes,"SQS long-poll (waitTimeout 30s, visibilityTimeout 120s)",,real_source_running,confirmed,payouts/config/default.toml:393-410;payouts/internal/job/fts_async_processing.go:18-27
worker:payouts/fts_async_processing,svc:payouts-api,depends_on,same binary image + same MySQL/redis/SQS,,,confirmed,
worker:payouts/fts_status_updates,topic:rx-fts-status-update-events,consumes,,,real_source_running,confirmed,payouts/config/prod.toml:312-339
worker:payouts/fts_status_updates,topic:rx-fts-status-update-retry-events,produces,retry publish on consumer failure ([topics] fts_status_updates_retry),,real_source_running,confirmed,payouts/config/prod.toml:362-366
worker:payouts/fts_status_updates_retry,topic:rx-fts-status-update-events,consumes,,,,confirmed,
worker:payouts/fts_status_updates_retry,topic:rx-fts-status-update-retry-events,consumes,,,real_source_running,confirmed,payouts/config/prod.toml:312-339
worker:payouts/fund_management_payout_check,db:payouts/mysql,writes,,,real_source_mapped_not_running,confirmed,
worker:payouts/fund_management_payout_check,queue:prod-payouts-fmp-check-live,consumes,"SQS long-poll (waitTimeout 30s, visibilityTimeout 120s)",,real_source_mapped_not_running,confirmed,payouts/config/default.toml:393-410;payouts/internal/job/fund_management_payout_check.go:17-26
worker:payouts/fund_management_payout_initiate,db:payouts/mysql,writes,,,real_source_mapped_not_running,confirmed,
worker:payouts/fund_management_payout_initiate,queue:prod-payouts-fmp-initiate-live,consumes,"SQS long-poll (waitTimeout 30s, visibilityTimeout 120s)",,real_source_mapped_not_running,confirmed,payouts/config/default.toml:393-410;payouts/internal/job/fund_management_payout_initiate.go:17-26
worker:payouts/generic_processing,db:payouts/mysql,reads,,,,confirmed,
worker:payouts/generic_processing,db:payouts/mysql,writes,,,real_source_running,confirmed,
worker:payouts/generic_processing,queue:prod-payouts-generic-processing-live,consumes,"SQS long-poll (waitTimeout 30s, visibilityTimeout 120s)",,real_source_running,confirmed,payouts/config/default.toml:393-410;payouts/internal/job/generic_processing.go:17-26
worker:payouts/generic_processing,svc:payouts-api,depends_on,same binary image + same MySQL/redis/SQS,,,confirmed,
worker:payouts/on_hold_payout,db:payouts/mysql,reads,,,,confirmed,
worker:payouts/on_hold_payout,db:payouts/mysql,writes,,,real_source_running,confirmed,
worker:payouts/on_hold_payout,queue:prod-payouts-on-hold-processing-live,consumes,"SQS long-poll (waitTimeout 30s, visibilityTimeout 120s)",,real_source_running,confirmed,payouts/config/default.toml:393-410;payouts/internal/job/on_hold_payout.go:15-24
worker:payouts/on_hold_payout,svc:payouts-api,depends_on,same binary image + same MySQL/redis/SQS,,,confirmed,
worker:payouts/partner_bank_hold_payouts,db:payouts/mysql,reads,,,,confirmed,
worker:payouts/partner_bank_hold_payouts,db:payouts/mysql,writes,,,real_source_running,confirmed,
worker:payouts/partner_bank_hold_payouts,queue:prod-payouts-partner-bank-on-hold-payouts-live,consumes,"SQS long-poll (waitTimeout 30s, visibilityTimeout 120s)",,real_source_running,confirmed,payouts/config/default.toml:393-410;payouts/internal/job/partner_bank_on_hold_payout.go:15-24
worker:payouts/partner_bank_hold_payouts,svc:payouts-api,depends_on,same binary image + same MySQL/redis/SQS,,,confirmed,
worker:payouts/payout_create_failure_handling,db:payouts/mysql,reads,,,,confirmed,
worker:payouts/payout_create_failure_handling,db:payouts/mysql,writes,,,real_source_running,confirmed,
worker:payouts/payout_create_failure_handling,queue:prod-payouts-payout-create-failure-handling-live,consumes,"SQS long-poll (waitTimeout 30s, visibilityTimeout 120s)",,real_source_running,confirmed,payouts/config/default.toml:393-410;payouts/internal/job/payout_create_failure_handling.go:29-38
worker:payouts/payout_create_failure_handling,route:ledger/POST /twirp/rzp.ledger.journal.v1.JournalAPI/Create,calls,payout_initiated retry,,real_source_running,confirmed,
worker:payouts/payout_create_failure_handling,svc:payouts-api,depends_on,same binary image + same MySQL/redis/SQS,,,confirmed,
worker:payouts/payout_source_updater,db:payouts/mysql,reads,,,,confirmed,
worker:payouts/payout_source_updater,db:payouts/mysql,writes,,,real_source_running,confirmed,
worker:payouts/payout_source_updater,event:payout.status_update.sns,produces,,,real_source_mapped_not_running,confirmed,
worker:payouts/payout_source_updater,queue:prod-api-payout-source-updater-live,consumes,"SQS long-poll (waitTimeout 30s, visibilityTimeout 120s)",,real_source_running,confirmed,payouts/config/default.toml:393-410;payouts/internal/job/source_updater.go:12-21
worker:payouts/payout_source_updater,svc:payouts-api,depends_on,same binary image + same MySQL/redis/SQS,,,confirmed,
worker:payouts/payout_source_updater,topic:payout-updates-capital-collections,produces,sourceupdater SNS publish (splitz source_updater_sns_experiment),,graph_only,probable,payouts/internal/app/payouts/source_updater_event.go:15-90
worker:payouts/payout_source_updater,topic:payout-updates-charge-collections,produces,sourceupdater SNS publish (splitz source_updater_sns_experiment),,graph_only,probable,payouts/internal/app/payouts/source_updater_event.go:15-90
worker:payouts/payout_source_updater,topic:payout-updates-cross-border,produces,sourceupdater SNS publish (splitz source_updater_sns_experiment),,graph_only,probable,payouts/internal/app/payouts/source_updater_event.go:15-90
worker:payouts/payout_source_updater,topic:payout-updates-generic-accounting,produces,sourceupdater SNS publish (splitz source_updater_sns_experiment),,graph_only,probable,payouts/internal/app/payouts/source_updater_event.go:15-90
worker:payouts/payout_source_updater,topic:payout-updates-payout-links,produces,sourceupdater SNS publish (splitz source_updater_sns_experiment),,graph_only,probable,payouts/internal/app/payouts/source_updater_event.go:15-90
worker:payouts/payout_source_updater,topic:payout-updates-petty-cash,produces,sourceupdater SNS publish (splitz source_updater_sns_experiment),,graph_only,probable,payouts/internal/app/payouts/source_updater_event.go:15-90
worker:payouts/payout_source_updater,topic:payout-updates-refunds,produces,sourceupdater SNS publish (splitz source_updater_sns_experiment),,graph_only,probable,payouts/internal/app/payouts/source_updater_event.go:15-90
worker:payouts/payout_source_updater,topic:payout-updates-settlements,produces,sourceupdater SNS publish (splitz source_updater_sns_experiment),,graph_only,probable,payouts/internal/app/payouts/source_updater_event.go:15-90
worker:payouts/payout_source_updater,topic:payout-updates-vendor-payments,produces,sourceupdater SNS publish (splitz source_updater_sns_experiment),,graph_only,probable,payouts/internal/app/payouts/source_updater_event.go:15-90
worker:payouts/payout_source_updater,topic:payout-updates-xpayroll,produces,sourceupdater SNS publish (splitz source_updater_sns_experiment),,graph_only,probable,payouts/internal/app/payouts/source_updater_event.go:15-90
worker:payouts/payout_update_failure_handling,db:payouts/mysql,reads,,,,confirmed,
worker:payouts/payout_update_failure_handling,db:payouts/mysql,writes,,,real_source_running,confirmed,
worker:payouts/payout_update_failure_handling,queue:prod-payouts-payout-update-failure-handling-live,consumes,"SQS long-poll (waitTimeout 30s, visibilityTimeout 120s)",,real_source_running,confirmed,payouts/config/default.toml:393-410;payouts/internal/job/payout_update_failure_handling.go:32-41
worker:payouts/payout_update_failure_handling,route:ledger/POST /twirp/rzp.ledger.journal.v1.JournalAPI/Create,calls,payout_processed / payout_failed / payout_reversed (CreateTransactionViaLedger; shared only),,real_source_running,confirmed,payouts/internal/app/reversals/reversalViaLedgerService.go:25-110;payouts/internal/app/payouts/core.go:2571-2577
worker:payouts/payout_update_failure_handling,svc:payouts-api,depends_on,same binary image + same MySQL/redis/SQS,,,confirmed,
worker:payouts/payout_usage_event_processing,db:payouts/mysql,writes,,,real_source_mapped_not_running,confirmed,
worker:payouts/payout_usage_event_processing,queue:prod-payouts-payout-usage-event-processing-live,consumes,"SQS long-poll (waitTimeout 30s, visibilityTimeout 120s)",,real_source_mapped_not_running,confirmed,payouts/config/default.toml:393-410;payouts/internal/job/payout_usage_event_processing.go:17-26
worker:payouts/queued_payout,db:payouts/mysql,reads,,,,confirmed,
worker:payouts/queued_payout,db:payouts/mysql,writes,,,real_source_running,confirmed,
worker:payouts/queued_payout,queue:prod-payouts-queued-processing-live,consumes,"SQS long-poll (waitTimeout 30s, visibilityTimeout 120s)",,real_source_running,confirmed,payouts/config/default.toml:393-410;payouts/internal/job/process_queued_payout.go:15-24
worker:payouts/queued_payout,svc:payouts-api,depends_on,same binary image + same MySQL/redis/SQS,,,confirmed,
worker:payouts/rbl_banking_account_statement,db:payouts/mysql,reads,,,,confirmed,
worker:payouts/rbl_banking_account_statement,db:payouts/mysql,writes,,,real_source_running,confirmed,
worker:payouts/rbl_banking_account_statement,queue:prod-payouts-rbl-banking-account-statement-live,consumes,"SQS long-poll (waitTimeout 30s, visibilityTimeout 120s)",,real_source_running,confirmed,payouts/config/default.toml:393-410;payouts/internal/job/rbl_banking_account_statement.go:16-25
worker:payouts/rbl_banking_account_statement,sub:bankingaccounts-stub,calls,GET .../credentials (fetch_banking_creds),,,confirmed,
worker:payouts/rbl_banking_account_statement,sub:mozart-sim,calls,RBL v2 account_statement,,,confirmed,
worker:payouts/rbl_banking_account_statement,svc:mozart,calls,razorpayx/rbl/v2/account_statement,,high_fidelity_replacement,confirmed,
worker:payouts/rbl_banking_account_statement,svc:payouts-api,depends_on,same binary image + same MySQL/redis/SQS,,,confirmed,
worker:payouts/rbl_banking_account_statement,table:payouts/banking_account_statement,writes,,,real_source_running,confirmed,
worker:payouts/rbl_banking_account_statement,table:payouts/banking_account_statement_details,writes,"pagination_key, statement_closing_balance",,real_source_running,confirmed,
worker:payouts/schedule_payout,db:payouts/mysql,reads,,,,confirmed,
worker:payouts/schedule_payout,db:payouts/mysql,writes,,,real_source_running,confirmed,
worker:payouts/schedule_payout,queue:prod-payouts-schedule-processing-live,consumes,"SQS long-poll (waitTimeout 30s, visibilityTimeout 120s)",,real_source_running,confirmed,payouts/config/default.toml:393-410;payouts/internal/job/schedule_payout.go:15-24
worker:payouts/schedule_payout,svc:payouts-api,depends_on,same binary image + same MySQL/redis/SQS,,,confirmed,
worker:payouts/transaction_create,db:payouts/mysql,reads,,,,confirmed,
worker:payouts/transaction_create,db:payouts/mysql,writes,,,real_source_running,confirmed,
worker:payouts/transaction_create,queue:prod-payouts-transaction-create-live,consumes,"SQS long-poll (waitTimeout 30s, visibilityTimeout 120s)",,real_source_running,confirmed,payouts/config/default.toml:393-410;payouts/internal/job/transaction_create.go:16-25
worker:payouts/transaction_create,svc:payouts-api,depends_on,same binary image + same MySQL/redis/SQS,,,confirmed,
worker:payouts/webhook_event,db:payouts/mysql,reads,,,,confirmed,
worker:payouts/webhook_event,db:payouts/mysql,writes,,,real_source_running,confirmed,
worker:payouts/webhook_event,event:payout.failed,produces,Stork webhook publish,,real_source_running,confirmed,payouts/internal/job/webhook_event.go:23-47
worker:payouts/webhook_event,event:payout.initiated,produces,Stork webhook publish,,real_source_running,confirmed,payouts/internal/job/webhook_event.go:23-47
worker:payouts/webhook_event,event:payout.pending,produces,Stork webhook publish,,real_source_running,confirmed,payouts/internal/job/webhook_event.go:23-47
worker:payouts/webhook_event,event:payout.processed,produces,Stork webhook publish,,real_source_running,confirmed,payouts/internal/job/webhook_event.go:23-47
worker:payouts/webhook_event,event:payout.queued,produces,Stork webhook publish,,real_source_running,confirmed,payouts/internal/job/webhook_event.go:23-47
worker:payouts/webhook_event,event:payout.rejected,produces,Stork webhook publish,,real_source_running,confirmed,payouts/internal/job/webhook_event.go:23-47
worker:payouts/webhook_event,event:payout.reversed,produces,Stork webhook publish,,real_source_running,confirmed,payouts/internal/job/webhook_event.go:23-47
worker:payouts/webhook_event,event:payout.updated,produces,Stork webhook publish,,real_source_running,confirmed,payouts/internal/job/webhook_event.go:23-47
worker:payouts/webhook_event,queue:prod-payouts-webhook-event-live,consumes,"SQS long-poll (waitTimeout 30s, visibilityTimeout 120s)",,real_source_running,confirmed,payouts/config/default.toml:393-410;payouts/internal/job/webhook_event.go:23-32
worker:payouts/webhook_event,svc:payouts-api,depends_on,same binary image + same MySQL/redis/SQS,,,confirmed,
worker:payouts/x_account_statement_source_event,db:payouts/mysql,writes,,,real_source_mapped_not_running,confirmed,
worker:payouts/x_account_statement_source_event,queue:prod-x-account-statement-source-event,consumes,"SQS long-poll (waitTimeout 30s, visibilityTimeout 120s)",,real_source_mapped_not_running,confirmed,payouts/config/default.toml:393-410;payouts/internal/job/x_account_statement_source_event.go:21-30
worker:payouts/x_balance_payouts_event,db:payouts/mysql,writes,,,real_source_mapped_not_running,confirmed,
worker:payouts/x_balance_payouts_event,queue:prod-x-balances-payout-event,consumes,"SQS long-poll (waitTimeout 30s, visibilityTimeout 120s)",,real_source_mapped_not_running,confirmed,payouts/config/default.toml:393-410;payouts/internal/job/x_balances_payouts_event.go:14-23
worker:payouts/x_balances_balance_refresh,db:payouts/mysql,reads,,,,confirmed,
worker:payouts/x_balances_balance_refresh,db:payouts/mysql,writes,,,real_source_running,confirmed,
worker:payouts/x_balances_balance_refresh,flag:dcs/in_flight_reservation_enabled,gated_by,,,high_fidelity_replacement,confirmed,
worker:payouts/x_balances_balance_refresh,queue:prod-x-balances-balance-refresh-live,consumes,"SQS long-poll (waitTimeout 30s, visibilityTimeout 120s)",,real_source_running,confirmed,payouts/config/default.toml:393-410;payouts/internal/job/x_balances_balance_refresh.go:27-36
worker:payouts/x_balances_balance_refresh,queue:x-balances-balance-refresh-live,consumes,,,real_source_running,confirmed,
worker:payouts/x_balances_balance_refresh,state:reservation/awaiting_balance_refresh,transitions,release (HDEL+DECRBY) when dispatched_at+lag<balance_last_fetched_at,,real_source_running,confirmed,
worker:payouts/x_balances_balance_refresh,svc:payouts-api,depends_on,same binary image + same MySQL/redis/SQS,,,confirmed,
worker:recon/recon-rq-worker,topic:prod-recon-workflow,produces,,,graph_only,confirmed,
worker:recon/recon-workflow-kafka-consumer,identity:service-basic-auth:monolith-recon-app,authenticates,,,graph_only,confirmed,
worker:recon/recon-workflow-kafka-consumer,route:api-monolith/POST /v1/banking_account_statement/batch/process,calls,service_name API (rzp_live Basic),,graph_only,probable,
worker:recon/recon-workflow-kafka-consumer,route:fts/PATCH /v1/attempts/{action},calls,"generic dispatch, service_name FTS",identity:service-basic-auth:fts-art,graph_only,confirmed,
worker:recon/recon-workflow-kafka-consumer,route:fts/POST /v1/attempts/{action},calls,"generic dispatch, service_name FTS",identity:service-basic-auth:fts-art,graph_only,confirmed,
worker:recon/recon-workflow-kafka-consumer,route:fts/PUT /v1/attempts/reconcile,calls,"generic dispatch, service_name FTS",identity:service-basic-auth:fts-art,graph_only,confirmed,
worker:recon/recon-workflow-kafka-consumer,topic:prod-recon-workflow,consumes,,,graph_only,confirmed,
worker:stork/stork-email-worker,queue:prod-stork-email,consumes,,,,confirmed,
worker:stork/stork-push-notification-worker,queue:prod-stork-pushn,consumes,,,,confirmed,
worker:stork/stork-reminders-webhook-worker-p1,queue:prod-stork-reminders-webhook-p1,consumes,,,,confirmed,stork/configs/prod.toml:649-844
worker:stork/stork-reminders-webhook-worker-p2,queue:prod-stork-reminders-webhook-p2,consumes,,,,confirmed,stork/configs/prod.toml:649-844
worker:stork/stork-sms-worker,queue:prod-stork-sms,consumes,,,,confirmed,stork/configs/prod.toml:649-844
worker:stork/stork-sms-worker-service-explicit,queue:prod-stork-service-explicit-sms,consumes,,,,confirmed,
worker:stork/stork-ticker-webhook-fifo-worker-p1,queue:prod-stork-ticker-webhook-fifo-p1.fifo,consumes,,,,confirmed,stork/cmd/workers/webhook/main.go:41-42
worker:stork/stork-ticker-webhook-worker-p1,queue:prod-stork-ticker-webhook-p1,consumes,,,,confirmed,stork/configs/prod.toml:649-844
worker:stork/stork-webhook-worker,queue:prod-stork-webhook,consumes,,,,confirmed,
worker:stork/stork-webhook-worker,queue:prod-stork-webhook-p0,consumes,,,,confirmed,stork/configs/prod.toml:649-844;stork/internal/channel/queue.go:12-14
worker:stork/stork-webhook-worker-p1,queue:prod-stork-webhook-p1,consumes,,,,confirmed,stork/configs/prod.toml:649-844
worker:stork/stork-webhook-worker-p2,queue:prod-stork-webhook-p2,consumes,,,,confirmed,stork/configs/prod.toml:649-844
worker:stork/stork-whatsapp-inbound-worker,queue:prod-stork-whatsapp-inbound,consumes,,,,confirmed,
worker:stork/stork-whatsapp-worker,queue:prod-stork-whatsapp,consumes,,,,confirmed,
worker:validx/validx-cache-worker,queue:prod-validation-cache-initiate,consumes,,,,confirmed,kube-manifests/cde/validx/values.yaml
worker:validx/validx-citi-penniless-initiate-worker,queue:prod-validation-citi-penniless-initiate,consumes,,,,confirmed,kube-manifests/cde/validx/values.yaml
worker:validx/validx-citi-penniless-inquiry-worker,queue:prod-validation-citi-penniless-inquiry,consumes,,,,confirmed,kube-manifests/cde/validx/values.yaml
worker:validx/validx-citi-refund-inquiry-worker,queue:prod-validation-rpd-refund-inquiry,consumes,,,,confirmed,kube-manifests/cde/validx/values.yaml
worker:validx/validx-citi-rpd-inquiry-worker,queue:prod-validation-citi-rpd-inquiry,consumes,,,,confirmed,kube-manifests/cde/validx/values.yaml
worker:validx/validx-failure-handling-worker,queue:prod-validation-failure-handling,consumes,,,,confirmed,kube-manifests/cde/validx/values.yaml
worker:validx/validx-fts-pennydrop-worker,queue:prod-account-validation-fts-pennydrop-processor,consumes,,,,confirmed,kube-manifests/cde/validx/values.yaml
worker:validx/validx-pennydrop-initiate-worker,queue:prod-validation-pennydrop-initiate,consumes,,,,confirmed,kube-manifests/cde/validx/values.yaml
worker:validx/validx-slice-penniless-initiate-worker,queue:prod-validation-slice-penniless-initiate,consumes,,,,confirmed,kube-manifests/cde/validx/values.yaml
worker:validx/validx-slice-penniless-inquiry-worker,queue:prod-validation-slice-penniless-inquiry,consumes,,,,confirmed,kube-manifests/cde/validx/values.yaml
worker:validx/validx-webhook-process-worker,queue:prod-validation-webhook-process,consumes,,,,confirmed,kube-manifests/cde/validx/values.yaml
worker:x-balances/account_activation_events_worker,queue:x-balances-account-activation-event,consumes,,,real_source_mapped_not_running,confirmed,
worker:x-balances/account_activation_events_worker,table:x-balances/balance,writes,,,real_source_mapped_not_running,confirmed,
worker:x-balances/balance_fetch_axis_worker,queue:api-x-balance-dual-write-live,produces,,,real_source_mapped_not_running,confirmed,
worker:x-balances/balance_fetch_axis_worker,queue:x-balances-axis-balance-update-live,consumes,,,real_source_mapped_not_running,confirmed,
worker:x-balances/balance_fetch_axis_worker,queue:x-balances-balance-refresh-live,produces,publishBalanceRefreshToPayouts iff DCS in_flight_reservation_enabled,,real_source_mapped_not_running,confirmed,
worker:x-balances/balance_fetch_axis_worker,route:banking-accounts/GET /merchant/{merchant_id}/banking_account_by_account_number/{account_number}/credentials,reads,,,behavioural_placeholder,confirmed,
worker:x-balances/balance_fetch_axis_worker,svc:mozart,calls,POST /razorpayx/axis/<version>/account_balance,,behavioural_placeholder,confirmed,x-balances/internal/gateway/mozart/service/service.go:26-77
worker:x-balances/balance_fetch_axis_worker,table:x-balances/balance,writes,"balance, last_fetched_at, last_change_at, metadata",,real_source_mapped_not_running,confirmed,
worker:x-balances/balance_fetch_icici_worker,queue:api-x-balance-dual-write-live,produces,,,real_source_mapped_not_running,confirmed,
worker:x-balances/balance_fetch_icici_worker,queue:x-balances-balance-refresh-live,produces,publishBalanceRefreshToPayouts iff DCS in_flight_reservation_enabled,,real_source_mapped_not_running,confirmed,
worker:x-balances/balance_fetch_icici_worker,queue:x-balances-icici-balance-update-live,consumes,,,real_source_mapped_not_running,confirmed,
worker:x-balances/balance_fetch_icici_worker,route:banking-accounts/GET /merchant/{merchant_id}/banking_account_by_account_number/{account_number}/credentials,reads,,,behavioural_placeholder,confirmed,
worker:x-balances/balance_fetch_icici_worker,svc:mozart,calls,POST /razorpayx/icici/<version>/account_balance,,behavioural_placeholder,confirmed,x-balances/internal/gateway/mozart/service/service.go:26-77
worker:x-balances/balance_fetch_icici_worker,table:x-balances/balance,writes,"balance, last_fetched_at, last_change_at, metadata",,real_source_mapped_not_running,confirmed,
worker:x-balances/balance_fetch_idfc_worker,queue:api-x-balance-dual-write-live,produces,,,real_source_mapped_not_running,confirmed,
worker:x-balances/balance_fetch_idfc_worker,queue:x-balances-balance-refresh-live,produces,publishBalanceRefreshToPayouts iff DCS in_flight_reservation_enabled,,real_source_mapped_not_running,confirmed,
worker:x-balances/balance_fetch_idfc_worker,queue:x-balances-idfc-balance-update-live,consumes,,,real_source_mapped_not_running,confirmed,
worker:x-balances/balance_fetch_idfc_worker,route:banking-accounts/GET /merchant/{merchant_id}/banking_account_by_account_number/{account_number}/credentials,reads,,,behavioural_placeholder,confirmed,
worker:x-balances/balance_fetch_idfc_worker,svc:mozart,calls,POST /razorpayx/idfc/<version>/account_balance,,behavioural_placeholder,confirmed,x-balances/internal/gateway/mozart/service/service.go:26-77
worker:x-balances/balance_fetch_idfc_worker,table:x-balances/balance,writes,"balance, last_fetched_at, last_change_at, metadata",,real_source_mapped_not_running,confirmed,
worker:x-balances/balance_fetch_rbl_worker,flag:dcs/in_flight_reservation_enabled,gated_by,,,high_fidelity_replacement,confirmed,
worker:x-balances/balance_fetch_rbl_worker,queue:api-x-balance-dual-write-live,produces,,,real_source_mapped_not_running,confirmed,
worker:x-balances/balance_fetch_rbl_worker,queue:x-balances-balance-refresh-live,produces,publishBalanceRefreshToPayouts iff DCS in_flight_reservation_enabled,,real_source_mapped_not_running,confirmed,
worker:x-balances/balance_fetch_rbl_worker,queue:x-balances-rbl-balance-update-live,consumes,,,real_source_running,confirmed,
worker:x-balances/balance_fetch_rbl_worker,queue:x-balances-rbl-priority-balance-update-live,consumes,,,real_source_mapped_not_running,confirmed,
worker:x-balances/balance_fetch_rbl_worker,route:banking-accounts/GET /merchant/{merchant_id}/banking_account_by_account_number/{account_number}/credentials,reads,,,behavioural_placeholder,confirmed,
worker:x-balances/balance_fetch_rbl_worker,svc:mozart,calls,POST /razorpayx/rbl/<version>/account_balance,,behavioural_placeholder,confirmed,x-balances/internal/gateway/mozart/service/service.go:26-77
worker:x-balances/balance_fetch_rbl_worker,table:x-balances/balance,writes,"balance, last_fetched_at, last_change_at, metadata",,real_source_running,confirmed,
worker:x-balances/balance_fetch_slice_worker,queue:api-x-balance-dual-write-live,produces,,,real_source_mapped_not_running,confirmed,
worker:x-balances/balance_fetch_slice_worker,queue:x-balances-balance-refresh-live,produces,publishBalanceRefreshToPayouts iff DCS in_flight_reservation_enabled,,real_source_mapped_not_running,confirmed,
worker:x-balances/balance_fetch_slice_worker,queue:x-balances-slice-balance-update-live,consumes,,,real_source_mapped_not_running,confirmed,
worker:x-balances/balance_fetch_slice_worker,route:banking-accounts/GET /merchant/{merchant_id}/banking_account_by_account_number/{account_number}/credentials,reads,,,behavioural_placeholder,confirmed,
worker:x-balances/balance_fetch_slice_worker,svc:mozart,calls,POST /razorpayx/slice/<version>/account_balance,,behavioural_placeholder,confirmed,x-balances/internal/gateway/mozart/service/service.go:26-77
worker:x-balances/balance_fetch_slice_worker,table:x-balances/balance,writes,"balance, last_fetched_at, last_change_at, metadata",,real_source_mapped_not_running,confirmed,
worker:x-balances/balance_fetch_yesbank_worker,queue:api-x-balance-dual-write-live,produces,,,real_source_mapped_not_running,confirmed,
worker:x-balances/balance_fetch_yesbank_worker,queue:x-balances-balance-refresh-live,produces,publishBalanceRefreshToPayouts iff DCS in_flight_reservation_enabled,,real_source_mapped_not_running,confirmed,
worker:x-balances/balance_fetch_yesbank_worker,queue:x-balances-yesbank-balance-update-live,consumes,,,real_source_mapped_not_running,confirmed,
worker:x-balances/balance_fetch_yesbank_worker,route:banking-accounts/GET /merchant/{merchant_id}/banking_account_by_account_number/{account_number}/credentials,reads,,,behavioural_placeholder,confirmed,
worker:x-balances/balance_fetch_yesbank_worker,svc:mozart,calls,POST /razorpayx/yesbank/<version>/account_balance,,behavioural_placeholder,confirmed,x-balances/internal/gateway/mozart/service/service.go:26-77
worker:x-balances/balance_fetch_yesbank_worker,table:x-balances/balance,writes,"balance, last_fetched_at, last_change_at, metadata",,real_source_mapped_not_running,confirmed,
worker:x-balances/payout_events_worker,queue:x-balances-payout-event,consumes,,,real_source_mapped_not_running,confirmed,
worker:xas/account_cdc,topic:mysql_cdc_events_prod_rx_account_statements_accounts,consumes,,,real_source_mapped_not_running,confirmed,
worker:xas/account_statement_cdc,route:api-monolith/POST /v1/banking_account_statement/payout_update,calls,EnrichmentUpdate (Basic APISERVICE_AUTH_*),,high_fidelity_replacement,confirmed,"x-account-statements/internal/gateway/api/service/service.go:35,108-127"
worker:xas/account_statement_cdc,route:api-monolith/POST /v1/payouts_service/dual_write,calls,StatementDualWrite,,behavioural_placeholder,confirmed,
worker:xas/account_statement_cdc,route:api-monolith/POST /v1/payouts_service/dual_write#xas,calls,StatementDualWrite (account_statement_bas),,behavioural_placeholder,confirmed,
worker:xas/account_statement_cdc,topic:mysql_cdc_events_prod_rx_account_statements_account_statements,consumes,,,high_fidelity_replacement,confirmed,
worker:xas/api_to_xas_merchant_migration,queue:prod-x-account-statements-migration,consumes,,,real_source_mapped_not_running,confirmed,
worker:xas/fetch_axis_statement,queue:prod-x-account-statements-fetch-axis-sqs,consumes,,,real_source_mapped_not_running,confirmed,
worker:xas/fetch_icici_statement,queue:prod-x-account-statements-fetch-icici-sqs,consumes,,,real_source_mapped_not_running,confirmed,
worker:xas/fetch_idfc_statement,queue:prod-x-account-statements-fetch-idfc-sqs,consumes,,,real_source_mapped_not_running,confirmed,
worker:xas/fetch_slice_statement,queue:prod-x-account-statements-fetch-slice-sqs,consumes,,,real_source_mapped_not_running,confirmed,
worker:xas/fetch_statements_for_account,queue:prod-x-account-statements-fetch-sqs,consumes,,,real_source_mapped_not_running,confirmed,
worker:xas/fetch_statements_for_account,queue:prod-x-account-statements-save-and-enrich-sqs,produces,,,real_source_mapped_not_running,confirmed,
worker:xas/fetch_statements_for_account,route:banking-accounts/GET /merchant/{merchant_id}/banking_account_by_account_number/{account_number}/credentials,reads,,,real_source_mapped_not_running,confirmed,
worker:xas/fetch_statements_for_account,svc:mozart,calls,"POST /razorpayx/rbl/v2/account_statement (per-bank: rbl razorpayx/rbl/v2/account_statement, yesbank razorpayx/yesbank/v1/account_statement, icici razorpayx/icici/v1/account_statement, axis xas/axis/v1/statement_fetch, idfc xas/idfc/v1/statement_fetch, slice xas/slice/v1/statement_fetch); XAS-local retry 3x/100ms constant (Heimdall retries disabled)",,real_source_mapped_not_running,confirmed,"x-account-statements/internal/account_statements/fetch/channels/banks/rbl/rbl.go:459-465;x-account-statements/internal/account_statements/fetch/channels/banks/yesbank/yesbank.go:657-663;x-account-statements/internal/account_statements/fetch/channels/banks/icici/icici.go:444-450;x-account-statements/internal/account_statements/fetch/channels/banks/axis/axis.go:645-651;x-account-statements/internal/account_statements/fetch/channels/banks/idfc/idfc.go:617-623;x-account-statements/internal/account_statements/fetch/channels/banks/slice/slice.go:321-326;x-account-statements/internal/gateway/mozart/service/service.go:26-30,70-76,122-140"
worker:xas/fetch_yesbank_statement,queue:prod-x-account-statements-fetch-ybl-sqs,consumes,,,real_source_mapped_not_running,confirmed,
worker:xas/new_merchant_onboarding,queue:prod-x-account-statements-account-activation-event,consumes,,,real_source_mapped_not_running,confirmed,
worker:xas/new_merchant_onboarding,queue:x-account-statements-account-activation-event,consumes,,,real_source_mapped_not_running,confirmed,
worker:xas/new_merchant_onboarding,table:xas/accounts,writes,,,real_source_mapped_not_running,confirmed,
worker:xas/save_statements_push_for_enrichment,queue:prod-x-account-statements-enrichment-sqs,produces,,,real_source_mapped_not_running,confirmed,
worker:xas/save_statements_push_for_enrichment,queue:prod-x-account-statements-save-and-enrich-sqs,consumes,,,real_source_mapped_not_running,confirmed,
worker:xas/source_processing,queue:prod-x-account-statement-source-event,consumes,,,high_fidelity_replacement,confirmed,
worker:xas/source_processing,table:xas/source_events,writes,,,high_fidelity_replacement,confirmed,
worker:xas/statement_enrichment,queue:prod-x-account-statements-enrichment-sqs,consumes,,,high_fidelity_replacement,confirmed,
worker:xas/statement_enrichment,table:xas/account_statements,writes,entity_id/entity_type,,high_fidelity_replacement,confirmed,
